url,page_type,problem_family,current_primary_task,current_title,current_h1,indexability,canonical,commercial_owner,brand_relationships,gsc_evidence,content_depth,potential_competitors,g2_action,notes
/ar/blog/air-suspension-repair-dubai-guide,Supporting guide / problem section,Supporting suspension,"Supporting suspension — supporting information, not a new symptom owner",إصلاح التعليق الهوائي في دبي: التشخيص قبل الاستبدال | ديجي-تك,إصلاح التعليق الهوائي في دبي: التشخيص قبل الاستبدال,index,https://digitecme.com/ar/blog/air-suspension-repair-dubai-guide,/ar/services/suspension-repair-dubai,Brand-first/model/system searches stay with protected B1–B9 owners,No original query-level measured term assigned; editorial ownership only,180 rendered words in article/main; role-specific content reviewed,,RETAINED — scope reviewed,Existing route only. Commercial owner classifications do not claim a dedicated symptom page.
/ar/blog/brake-repair-dubai,Supporting guide / problem section,Supporting brake,"Supporting brake — supporting information, not a new symptom owner",إصلاح فرامل السيارات في دبي | دليل المالك,إصلاح الفرامل في دبي: لماذا تتآكل أسرع في أجواء الإمارات؟,index,https://digitecme.com/ar/blog/brake-repair-dubai,/ar/services/brake-repair-dubai,Brand-first/model/system searches stay with protected B1–B9 owners,No original query-level measured term assigned; editorial ownership only,261 rendered words in article/main; role-specific content reviewed,,RETAINED — scope reviewed,Existing route only. Commercial owner classifications do not claim a dedicated symptom page.
/ar/blog/car-ac-not-cold-dubai-causes,Dedicated problem guide,AC cooling / airflow,AC cooling / airflow — symptom explanation and next step,مكيف السيارة لا يبرد في دبي: الأسباب والفحوص | ديجي-تك,مكيف السيارة لا يبرد في دبي: الأسباب والفحوص,index,https://digitecme.com/ar/blog/car-ac-not-cold-dubai-causes,/ar/services/car-ac-repair-dubai,/mercedes/problems/ac-not-cooling; /porsche/problems/ac-not-cooling,تكييف السيارة مو بارد دبي [2026-09-05 to 2026-09-11]; تكييف السيارة مو بارد دبي [2026-09-07 to 2026-09-13]; تكييف السيارة مو بارد دبي [2026-09-09 to 2026-09-15],298 rendered words in article/main; role-specific content reviewed,/services/car-diagnostics-dubai,UPDATED — safety/context/FAQ/commercial path; existing URL retained,Existing route only. Commercial owner classifications do not claim a dedicated symptom page.
/ar/blog/car-ac-repair-dubai,Supporting guide / problem section,Supporting AC,"Supporting AC — supporting information, not a new symptom owner",إصلاح تكييف السيارة في دبي | دليل التشخيص,إصلاح تكييف السيارة في دبي: أسباب ضعف التبريد والحل الصحيح,index,https://digitecme.com/ar/blog/car-ac-repair-dubai,/ar/services/car-ac-repair-dubai,Brand-first/model/system searches stay with protected B1–B9 owners,No original query-level measured term assigned; editorial ownership only,311 rendered words in article/main; role-specific content reviewed,,RETAINED — scope reviewed,Existing route only. Commercial owner classifications do not claim a dedicated symptom page.
/ar/blog/car-battery-life-dubai-heat,Supporting guide / problem section,Battery drain,"Battery drain — supporting information, not a new symptom owner",عمر بطارية السيارة في حرارة دبي: الفحص والاستبدال | ديجي-تك,عمر بطارية السيارة في حرارة دبي: الفحص والاستبدال,index,https://digitecme.com/ar/blog/car-battery-life-dubai-heat,/ar/services/auto-electrical-repair-dubai,/mercedes/problems/battery-warning; /porsche/problems/battery-warning; /porsche/problems/taycan-12v-battery,No original query-level measured term assigned; editorial ownership only,179 rendered words in article/main; role-specific content reviewed,/services/car-diagnostics-dubai,UPDATED — safety/context/FAQ/commercial path; existing URL retained,Existing route only. Commercial owner classifications do not claim a dedicated symptom page.
/ar/blog/car-battery-replacement-dubai,Supporting guide / problem section,Supporting battery,"Supporting battery — supporting information, not a new symptom owner",تبديل بطارية السيارة في دبي | دليل حرارة الإمارات,تبديل بطارية السيارة في دبي: لماذا تقصر الحرارة عمر البطارية؟,index,https://digitecme.com/ar/blog/car-battery-replacement-dubai,/ar/services/battery-replacement-dubai,Brand-first/model/system searches stay with protected B1–B9 owners,No original query-level measured term assigned; editorial ownership only,255 rendered words in article/main; role-specific content reviewed,,RETAINED — scope reviewed,Existing route only. Commercial owner classifications do not claim a dedicated symptom page.
/ar/blog/check-engine-light-dubai-guide,Dedicated problem guide,Check-engine warning,Check-engine warning — symptom explanation and next step,ضوء المحرك في دبي: فهم التحذير والتشخيص | ديجي-تك,ضوء المحرك في دبي: فهم التحذير والتشخيص,index,https://digitecme.com/ar/blog/check-engine-light-dubai-guide,/ar/services/car-diagnostics-dubai,/mercedes/problems/check-engine-light; /porsche/problems/check-engine-light,No original query-level measured term assigned; editorial ownership only,330 rendered words in article/main; role-specific content reviewed,/services/auto-electrical-repair-dubai,UPDATED — safety/context/FAQ/commercial path; existing URL retained,Existing route only. Commercial owner classifications do not claim a dedicated symptom page.
/ar/blog/engine-overheating-dubai-what-to-do,Dedicated problem guide,Overheating,Overheating — symptom explanation and next step,ارتفاع حرارة المحرك في دبي: التحذير وتشخيص السبب | ديجي-تك,ارتفاع حرارة المحرك في دبي: التحذير وتشخيص السبب,index,https://digitecme.com/ar/blog/engine-overheating-dubai-what-to-do,/ar/services/mechanical-repair-dubai,/mercedes/problems/engine-overheating; /porsche/problems/engine-overheating,No original query-level measured term assigned; editorial ownership only,344 rendered words in article/main; role-specific content reviewed,/services/car-diagnostics-dubai,UPDATED — safety/context/FAQ/commercial path; existing URL retained,Existing route only. Commercial owner classifications do not claim a dedicated symptom page.
/ar/blog/summer-car-preparation-dubai-checklist,Supporting guide / problem section,Supporting seasonal checks,"Supporting seasonal checks — supporting information, not a new symptom owner",تجهيز السيارة لصيف دبي: قائمة فحص عملية | ديجي-تك,تجهيز السيارة لصيف دبي: قائمة فحص عملية,index,https://digitecme.com/ar/blog/summer-car-preparation-dubai-checklist,/ar/services/car-service-dubai,Brand-first/model/system searches stay with protected B1–B9 owners,No original query-level measured term assigned; editorial ownership only,172 rendered words in article/main; role-specific content reviewed,,RETAINED — scope reviewed,Existing route only. Commercial owner classifications do not claim a dedicated symptom page.
/ar/blog/transmission-service-7g-9g-dubai,Supporting guide / problem section,Supporting transmission,"Supporting transmission — supporting information, not a new symptom owner",صيانة ناقل الحركة في دبي: 7G و9G وZF | ديجي-تك,صيانة ناقل الحركة في دبي: 7G و9G وZF,index,https://digitecme.com/ar/blog/transmission-service-7g-9g-dubai,/ar/services/transmission-repair-dubai,Brand-first/model/system searches stay with protected B1–B9 owners,No original query-level measured term assigned; editorial ownership only,179 rendered words in article/main; role-specific content reviewed,,RETAINED — scope reviewed,Existing route only. Commercial owner classifications do not claim a dedicated symptom page.
/ar/services/auto-electrical-repair-dubai,G1 commercial owner / problem assessment,Battery warning; Camera fault; Electrical symptoms; Screen / head-unit fault,Battery warning; Camera fault; Electrical symptoms; Screen / head-unit fault — commercial inspection/repair task; not a dedicated problem page,إصلاح كهرباء السيارات | مركز ديجي-تك دبي,إصلاح كهرباء السيارات,index,https://digitecme.com/ar/services/auto-electrical-repair-dubai,/ar/services/auto-electrical-repair-dubai,/mercedes/problems/battery-warning; /porsche/problems/battery-warning; /services/cadillac-cue-screen-repair-dubai,car electrical fault repair in dubai [2026-04-12 to 2026-09-25]; car electrical fault repair in dubai [2026-06-07 to 2026-09-06]; car electrical fault repair in dubai [2026-08-06 to 2026-09-02]; car electrical fault repair in dubai [2026-09-05 to 2026-09-11]; car electrical fault repair in dubai [2026-09-07 to 2026-09-13]; car electrical fault repair in dubai [2026-09-09 to 2026-09-15],347 rendered words in article/main; role-specific content reviewed,/services/car-diagnostics-dubai,RETAINED — scope reviewed,Existing route only. Commercial owner classifications do not claim a dedicated symptom page.
/ar/services/brake-repair-dubai,G1 commercial owner / problem assessment,Brake symptoms,Brake symptoms — commercial inspection/repair task; not a dedicated problem page,إصلاح الفرامل في دبي | مركز ديجي-تك دبي,إصلاح الفرامل في دبي,index,https://digitecme.com/ar/services/brake-repair-dubai,/ar/services/brake-repair-dubai,/porsche/problems/brake-warning-light,No original query-level measured term assigned; editorial ownership only,347 rendered words in article/main; role-specific content reviewed,/services/car-diagnostics-dubai,RETAINED — scope reviewed,Existing route only. Commercial owner classifications do not claim a dedicated symptom page.
/ar/services/car-ac-repair-dubai,G1 commercial owner / problem assessment,AC cooling / airflow,AC cooling / airflow — commercial inspection/repair task; not a dedicated problem page,إصلاح تكييف السيارات في دبي | مركز ديجي-تك دبي,إصلاح تكييف السيارات في دبي,index,https://digitecme.com/ar/services/car-ac-repair-dubai,/ar/services/car-ac-repair-dubai,/mercedes/problems/ac-not-cooling; /porsche/problems/ac-not-cooling,No original query-level measured term assigned; editorial ownership only,300 rendered words in article/main; role-specific content reviewed,/services/car-diagnostics-dubai,RETAINED — scope reviewed,Existing route only. Commercial owner classifications do not claim a dedicated symptom page.
/ar/services/car-diagnostics-dubai,G1 commercial owner / problem assessment,Check-engine warning; Misfire / rough idle; No-start; Power loss / boost; Vibration,Check-engine warning; Misfire / rough idle; No-start; Power loss / boost; Vibration — commercial inspection/repair task; not a dedicated problem page,برمجة وتشخيص السيارات | مركز ديجي-تك دبي,برمجة وتشخيص السيارات,index,https://digitecme.com/ar/services/car-diagnostics-dubai,/ar/services/car-diagnostics-dubai,/mercedes/problems/check-engine-light; /mercedes/problems/wont-start; /porsche/problems/check-engine-light; /porsche/problems/engine-misfire; /porsche/problems/wont-start,check engine light diagnostic cost [2026-09-07 to 2026-09-13]; check engine light diagnostic cost [2026-09-09 to 2026-09-15],318 rendered words in article/main; role-specific content reviewed,/services/auto-electrical-repair-dubai,RETAINED — scope reviewed,Existing route only. Commercial owner classifications do not claim a dedicated symptom page.
/ar/services/exhaust-repair-dubai,G1 commercial owner / problem assessment,Exhaust noise,Exhaust noise — commercial inspection/repair task; not a dedicated problem page,إصلاح نظام العادم في دبي | مركز ديجي-تك دبي,إصلاح نظام العادم في دبي,index,https://digitecme.com/ar/services/exhaust-repair-dubai,/ar/services/exhaust-repair-dubai,Brand-first/model/system searches stay with protected B1–B9 owners,No original query-level measured term assigned; editorial ownership only,413 rendered words in article/main; role-specific content reviewed,/services/car-diagnostics-dubai,RETAINED — scope reviewed,Existing route only. Commercial owner classifications do not claim a dedicated symptom page.
/ar/services/mechanical-repair-dubai,G1 commercial owner / problem assessment,Coolant leak; Engine noise; Oil leak; Oil pressure; Smoke,Coolant leak; Engine noise; Oil leak; Oil pressure; Smoke — commercial inspection/repair task; not a dedicated problem page,الإصلاح الميكانيكي في دبي | مركز ديجي-تك دبي,الإصلاح الميكانيكي في دبي,index,https://digitecme.com/ar/services/mechanical-repair-dubai,/ar/services/mechanical-repair-dubai,/mercedes/problems/oil-leak; /porsche/problems/coolant-leak; /porsche/problems/oil-leak,No original query-level measured term assigned; editorial ownership only,333 rendered words in article/main; role-specific content reviewed,/services/car-diagnostics-dubai,RETAINED — scope reviewed,Existing route only. Commercial owner classifications do not claim a dedicated symptom page.
/ar/services/soft-close-door-repair-dubai,G1 commercial owner / problem assessment,Soft-close fault,Soft-close fault — commercial inspection/repair task; not a dedicated problem page,تركيب وإصلاح الأبواب ذات الإغلاق الناعم | مركز ديجي-تك دبي,تركيب وإصلاح الأبواب ذات الإغلاق الناعم,index,https://digitecme.com/ar/services/soft-close-door-repair-dubai,/ar/services/soft-close-door-repair-dubai,Brand-first/model/system searches stay with protected B1–B9 owners,No original query-level measured term assigned; editorial ownership only,392 rendered words in article/main; role-specific content reviewed,/services/car-diagnostics-dubai,RETAINED — scope reviewed,Existing route only. Commercial owner classifications do not claim a dedicated symptom page.
/ar/services/steering-repair-dubai,G1 commercial owner / problem assessment,Steering symptoms,Steering symptoms — commercial inspection/repair task; not a dedicated problem page,إصلاح نظام التوجيه في دبي | مركز ديجي-تك دبي,إصلاح نظام التوجيه في دبي,index,https://digitecme.com/ar/services/steering-repair-dubai,/ar/services/steering-repair-dubai,/porsche/problems/steering-vibration,No original query-level measured term assigned; editorial ownership only,412 rendered words in article/main; role-specific content reviewed,/services/car-diagnostics-dubai,RETAINED — scope reviewed,Existing route only. Commercial owner classifications do not claim a dedicated symptom page.
/ar/services/suspension-repair-dubai,G1 commercial owner / problem assessment,Suspension symptoms,Suspension symptoms — commercial inspection/repair task; not a dedicated problem page,إصلاح نظام التعليق في دبي | مركز ديجي-تك دبي,إصلاح نظام التعليق في دبي,index,https://digitecme.com/ar/services/suspension-repair-dubai,/ar/services/suspension-repair-dubai,/mercedes/problems/airmatic-malfunction; /mercedes/problems/suspension-dropping-overnight; /porsche/problems/pasm-fault; /porsche/problems/suspension-dropping-overnight,No original query-level measured term assigned; editorial ownership only,413 rendered words in article/main; role-specific content reviewed,/services/car-diagnostics-dubai,RETAINED — scope reviewed,Existing route only. Commercial owner classifications do not claim a dedicated symptom page.
/ar/services/tire-repair-dubai,G1 commercial owner / problem assessment,Tyre / wheel symptoms,Tyre / wheel symptoms — commercial inspection/repair task; not a dedicated problem page,إصلاح الإطارات في دبي | مركز ديجي-تك دبي,إصلاح الإطارات في دبي,index,https://digitecme.com/ar/services/tire-repair-dubai,/ar/services/tire-repair-dubai,Brand-first/model/system searches stay with protected B1–B9 owners,car tyre puncture repair [2026-09-05 to 2026-09-11]; puncture near me [2026-06-07 to 2026-09-06]; puncture repair dubai [2026-04-12 to 2026-09-25]; puncture repair dubai [2026-09-05 to 2026-09-11]; puncture repair dubai [2026-09-07 to 2026-09-13]; puncture repair near me [2026-04-12 to 2026-09-25]; puncture repair near me [2026-06-07 to 2026-09-06]; puncture service near me [2026-08-06 to 2026-09-02]; tire puncture repair near me [2026-04-12 to 2026-09-25]; tire puncture repair near me [2026-06-07 to 2026-09-06]; tire puncture repair near me [2026-08-06 to 2026-09-02]; tyre puncture repair dubai [2026-04-12 to 2026-09-25]; tyre puncture repair dubai [2026-09-05 to 2026-09-11]; tyre puncture repair dubai [2026-09-07 to 2026-09-13]; tyre puncture repair dubai [2026-09-09 to 2026-09-15]; where to get puncture repaired near me [2026-08-06 to 2026-09-02],410 rendered words in article/main; role-specific content reviewed,/services/car-diagnostics-dubai,RETAINED — scope reviewed,Existing route only. Commercial owner classifications do not claim a dedicated symptom page.
/ar/services/transmission-repair-dubai,G1 commercial owner / problem assessment,Transmission symptoms,Transmission symptoms — commercial inspection/repair task; not a dedicated problem page,إصلاح ناقل الحركة في دبي | مركز ديجي-تك دبي,إصلاح ناقل الحركة في دبي,index,https://digitecme.com/ar/services/transmission-repair-dubai,/ar/services/transmission-repair-dubai,/mercedes/problems/gearbox-jerking; /mercedes/problems/transmission-slipping; /porsche/problems/pdk-jerking,No original query-level measured term assigned; editorial ownership only,332 rendered words in article/main; role-specific content reviewed,/services/car-diagnostics-dubai,RETAINED — scope reviewed,Existing route only. Commercial owner classifications do not claim a dedicated symptom page.
/blog/air-suspension-repair-dubai-guide,Supporting guide / problem section,Supporting suspension,"Supporting suspension — supporting information, not a new symptom owner","Air Suspension Repair Dubai | Diagnosis, Leaks and Compressors",Air Suspension Repair in Dubai: Diagnosis Before Replacement,index,https://digitecme.com/blog/air-suspension-repair-dubai-guide,/services/suspension-repair-dubai,Brand-first/model/system searches stay with protected B1–B9 owners,No original query-level measured term assigned; editorial ownership only,389 rendered words in article/main; role-specific content reviewed,,RETAINED — scope reviewed,Existing route only. Commercial owner classifications do not claim a dedicated symptom page.
/blog/brake-repair-dubai,Supporting guide / problem section,Supporting brake,"Supporting brake — supporting information, not a new symptom owner",Why Brakes Wear Faster in Dubai | Warning Signs & Workshop Guide,Brake Repair in Dubai: Why Brakes Wear Faster in UAE Heat,index,https://digitecme.com/blog/brake-repair-dubai,/services/brake-repair-dubai,Brand-first/model/system searches stay with protected B1–B9 owners,No original query-level measured term assigned; editorial ownership only,585 rendered words in article/main; role-specific content reviewed,,RETAINED — scope reviewed,Existing route only. Commercial owner classifications do not claim a dedicated symptom page.
/blog/car-ac-not-cold-dubai-causes,Dedicated problem guide,AC cooling / airflow,AC cooling / airflow — symptom explanation and next step,"Car AC Not Cold in Dubai | Causes, Checks and Repair Guide",Car AC Not Cold in Dubai: Causes and What to Check First,index,https://digitecme.com/blog/car-ac-not-cold-dubai-causes,/services/car-ac-repair-dubai,/mercedes/problems/ac-not-cooling; /porsche/problems/ac-not-cooling,تكييف السيارة مو بارد دبي [2026-09-05 to 2026-09-11]; تكييف السيارة مو بارد دبي [2026-09-07 to 2026-09-13]; تكييف السيارة مو بارد دبي [2026-09-09 to 2026-09-15],474 rendered words in article/main; role-specific content reviewed,/services/car-diagnostics-dubai,UPDATED — safety/context/FAQ/commercial path; existing URL retained,Existing route only. Commercial owner classifications do not claim a dedicated symptom page.
/blog/car-ac-repair-dubai,Supporting guide / problem section,Supporting AC,"Supporting AC — supporting information, not a new symptom owner",Why Your Car AC Stops Cooling in Dubai | Workshop Diagnosis Guide,Car AC Repair in Dubai: Why Your AC Stops Cooling and What Actually Fixes It,index,https://digitecme.com/blog/car-ac-repair-dubai,/services/car-ac-repair-dubai,Brand-first/model/system searches stay with protected B1–B9 owners,No original query-level measured term assigned; editorial ownership only,950 rendered words in article/main; role-specific content reviewed,,RETAINED — scope reviewed,Existing route only. Commercial owner classifications do not claim a dedicated symptom page.
/blog/car-battery-life-dubai-heat,Supporting guide / problem section,Battery drain,"Battery drain — supporting information, not a new symptom owner",Car Battery Life Dubai | Why Batteries Fail in UAE Heat,Car Battery Life in Dubai: Why Heat Kills Batteries,index,https://digitecme.com/blog/car-battery-life-dubai-heat,/services/auto-electrical-repair-dubai,/mercedes/problems/battery-warning; /porsche/problems/battery-warning; /porsche/problems/taycan-12v-battery,No original query-level measured term assigned; editorial ownership only,472 rendered words in article/main; role-specific content reviewed,/services/car-diagnostics-dubai,UPDATED — safety/context/FAQ/commercial path; existing URL retained,Existing route only. Commercial owner classifications do not claim a dedicated symptom page.
/blog/car-battery-replacement-dubai,Supporting guide / problem section,Supporting battery,"Supporting battery — supporting information, not a new symptom owner",Why Car Batteries Fail Faster in Dubai Heat | Owner Guide,Car Battery Replacement in Dubai: Why Heat Kills Batteries Faster,index,https://digitecme.com/blog/car-battery-replacement-dubai,/services/battery-replacement-dubai,Brand-first/model/system searches stay with protected B1–B9 owners,No original query-level measured term assigned; editorial ownership only,422 rendered words in article/main; role-specific content reviewed,,RETAINED — scope reviewed,Existing route only. Commercial owner classifications do not claim a dedicated symptom page.
/blog/check-engine-light-dubai-guide,Dedicated problem guide,Check-engine warning,Check-engine warning — symptom explanation and next step,Check Engine Light Dubai | Causes and Diagnostic Guide,Check Engine Light in Dubai: What It Means and What to Do,index,https://digitecme.com/blog/check-engine-light-dubai-guide,/services/car-diagnostics-dubai,/mercedes/problems/check-engine-light; /porsche/problems/check-engine-light,No original query-level measured term assigned; editorial ownership only,481 rendered words in article/main; role-specific content reviewed,/services/auto-electrical-repair-dubai,UPDATED — safety/context/FAQ/commercial path; existing URL retained,Existing route only. Commercial owner classifications do not claim a dedicated symptom page.
/blog/engine-overheating-dubai-what-to-do,Dedicated problem guide,Overheating,Overheating — symptom explanation and next step,Engine Overheating Dubai | Causes and What to Do Immediately,Engine Overheating in Dubai: What to Do and Why It Happens,index,https://digitecme.com/blog/engine-overheating-dubai-what-to-do,/services/mechanical-repair-dubai,/mercedes/problems/engine-overheating; /porsche/problems/engine-overheating,No original query-level measured term assigned; editorial ownership only,478 rendered words in article/main; role-specific content reviewed,/services/car-diagnostics-dubai,UPDATED — safety/context/FAQ/commercial path; existing URL retained,Existing route only. Commercial owner classifications do not claim a dedicated symptom page.
/blog/summer-car-preparation-dubai-checklist,Supporting guide / problem section,Supporting seasonal checks,"Supporting seasonal checks — supporting information, not a new symptom owner",Summer Car Check Dubai | Preparation Checklist Before Heat,Summer Car Preparation in Dubai: A Practical Checklist,index,https://digitecme.com/blog/summer-car-preparation-dubai-checklist,/services/car-service-dubai,Brand-first/model/system searches stay with protected B1–B9 owners,No original query-level measured term assigned; editorial ownership only,315 rendered words in article/main; role-specific content reviewed,,RETAINED — scope reviewed,Existing route only. Commercial owner classifications do not claim a dedicated symptom page.
/blog/transmission-service-7g-9g-dubai,Supporting guide / problem section,Supporting transmission,"Supporting transmission — supporting information, not a new symptom owner","Automatic Transmission Service Dubai | Fluid, Filter and Repair","Automatic Transmission Service in Dubai: 7G, 9G and ZF",index,https://digitecme.com/blog/transmission-service-7g-9g-dubai,/services/transmission-repair-dubai,Brand-first/model/system searches stay with protected B1–B9 owners,No original query-level measured term assigned; editorial ownership only,370 rendered words in article/main; role-specific content reviewed,,RETAINED — scope reviewed,Existing route only. Commercial owner classifications do not claim a dedicated symptom page.
/services/auto-electrical-repair-dubai,G1 commercial owner / problem assessment,Battery warning; Camera fault; Electrical symptoms; Screen / head-unit fault,Battery warning; Camera fault; Electrical symptoms; Screen / head-unit fault — commercial inspection/repair task; not a dedicated problem page,Car Electrical Repair Dubai | Wiring & Diagnostics | DIGI-TEC,Car Electrical Repair in Dubai,index,https://digitecme.com/services/auto-electrical-repair-dubai,/services/auto-electrical-repair-dubai,/mercedes/problems/battery-warning; /porsche/problems/battery-warning; /services/cadillac-cue-screen-repair-dubai,car electrical fault repair in dubai [2026-04-12 to 2026-09-25]; car electrical fault repair in dubai [2026-06-07 to 2026-09-06]; car electrical fault repair in dubai [2026-08-06 to 2026-09-02]; car electrical fault repair in dubai [2026-09-05 to 2026-09-11]; car electrical fault repair in dubai [2026-09-07 to 2026-09-13]; car electrical fault repair in dubai [2026-09-09 to 2026-09-15],1126 rendered words in article/main; role-specific content reviewed,/services/car-diagnostics-dubai,RETAINED — scope reviewed,Existing route only. Commercial owner classifications do not claim a dedicated symptom page.
/services/brake-repair-dubai,G1 commercial owner / problem assessment,Brake symptoms,Brake symptoms — commercial inspection/repair task; not a dedicated problem page,"Brake Repair Dubai | Pads, Discs, Calipers & ABS | Digitec",Brake Repair in Dubai,index,https://digitecme.com/services/brake-repair-dubai,/services/brake-repair-dubai,/porsche/problems/brake-warning-light,No original query-level measured term assigned; editorial ownership only,538 rendered words in article/main; role-specific content reviewed,/services/car-diagnostics-dubai,RETAINED — scope reviewed,Existing route only. Commercial owner classifications do not claim a dedicated symptom page.
/services/car-ac-repair-dubai,G1 commercial owner / problem assessment,AC cooling / airflow,AC cooling / airflow — commercial inspection/repair task; not a dedicated problem page,"Car AC Repair Dubai | Leak, Refrigerant & Compressor Service",Car AC Repair in Dubai: Auto Air Conditioning Service,index,https://digitecme.com/services/car-ac-repair-dubai,/services/car-ac-repair-dubai,/mercedes/problems/ac-not-cooling; /porsche/problems/ac-not-cooling,No original query-level measured term assigned; editorial ownership only,586 rendered words in article/main; role-specific content reviewed,/services/car-diagnostics-dubai,RETAINED — scope reviewed,Existing route only. Commercial owner classifications do not claim a dedicated symptom page.
/services/car-diagnostics-dubai,G1 commercial owner / problem assessment,Check-engine warning; Misfire / rough idle; No-start; Power loss / boost; Vibration,Check-engine warning; Misfire / rough idle; No-start; Power loss / boost; Vibration — commercial inspection/repair task; not a dedicated problem page,Car Diagnostics Dubai | Fault Scanning & Supported ECU Functions,Car Diagnostics & Fault Investigation in Dubai,index,https://digitecme.com/services/car-diagnostics-dubai,/services/car-diagnostics-dubai,/mercedes/problems/check-engine-light; /mercedes/problems/wont-start; /porsche/problems/check-engine-light; /porsche/problems/engine-misfire; /porsche/problems/wont-start,check engine light diagnostic cost [2026-09-07 to 2026-09-13]; check engine light diagnostic cost [2026-09-09 to 2026-09-15],611 rendered words in article/main; role-specific content reviewed,/services/auto-electrical-repair-dubai,RETAINED — scope reviewed,Existing route only. Commercial owner classifications do not claim a dedicated symptom page.
/services/exhaust-repair-dubai,G1 commercial owner / problem assessment,Exhaust noise,Exhaust noise — commercial inspection/repair task; not a dedicated problem page,Exhaust & Muffler Repair Dubai | DIGI-TEC,Exhaust Repair in Dubai,index,https://digitecme.com/services/exhaust-repair-dubai,/services/exhaust-repair-dubai,Brand-first/model/system searches stay with protected B1–B9 owners,No original query-level measured term assigned; editorial ownership only,624 rendered words in article/main; role-specific content reviewed,/services/car-diagnostics-dubai,RETAINED — scope reviewed,Existing route only. Commercial owner classifications do not claim a dedicated symptom page.
/services/head-unit-repair-dubai,G1 commercial owner / problem assessment,Screen / head-unit fault,Screen / head-unit fault — commercial inspection/repair task; not a dedicated problem page,Head Unit & Mercedes COMAND Repair Dubai | DIGI-TEC,Head Unit & Mercedes COMAND Repair in Dubai,index,https://digitecme.com/services/head-unit-repair-dubai,/services/head-unit-repair-dubai,/services/cadillac-cue-screen-repair-dubai,No original query-level measured term assigned; editorial ownership only,934 rendered words in article/main; role-specific content reviewed,/services/car-diagnostics-dubai,RETAINED — scope reviewed,Existing route only. Commercial owner classifications do not claim a dedicated symptom page.
/services/mechanical-repair-dubai,G1 commercial owner / problem assessment,Coolant leak; Engine noise; Oil leak; Oil pressure; Smoke,Coolant leak; Engine noise; Oil leak; Oil pressure; Smoke — commercial inspection/repair task; not a dedicated problem page,Mechanical Repair Dubai | Engine & Drivetrain | Digitec,Mechanical Repair in Dubai,index,https://digitecme.com/services/mechanical-repair-dubai,/services/mechanical-repair-dubai,/mercedes/problems/oil-leak; /porsche/problems/coolant-leak; /porsche/problems/oil-leak,No original query-level measured term assigned; editorial ownership only,516 rendered words in article/main; role-specific content reviewed,/services/car-diagnostics-dubai,RETAINED — scope reviewed,Existing route only. Commercial owner classifications do not claim a dedicated symptom page.
/services/soft-close-door-repair-dubai,G1 commercial owner / problem assessment,Soft-close fault,Soft-close fault — commercial inspection/repair task; not a dedicated problem page,Soft-Close Door Repair & Installation Dubai | DIGI-TEC,Soft-Close Door Repair & Installation in Dubai,index,https://digitecme.com/services/soft-close-door-repair-dubai,/services/soft-close-door-repair-dubai,Brand-first/model/system searches stay with protected B1–B9 owners,No original query-level measured term assigned; editorial ownership only,693 rendered words in article/main; role-specific content reviewed,/services/car-diagnostics-dubai,RETAINED — scope reviewed,Existing route only. Commercial owner classifications do not claim a dedicated symptom page.
/services/steering-repair-dubai,G1 commercial owner / problem assessment,Steering symptoms,Steering symptoms — commercial inspection/repair task; not a dedicated problem page,Power Steering & Rack Repair Dubai | DIGI-TEC,Steering Repair in Dubai,index,https://digitecme.com/services/steering-repair-dubai,/services/steering-repair-dubai,/porsche/problems/steering-vibration,No original query-level measured term assigned; editorial ownership only,633 rendered words in article/main; role-specific content reviewed,/services/car-diagnostics-dubai,RETAINED — scope reviewed,Existing route only. Commercial owner classifications do not claim a dedicated symptom page.
/services/suspension-repair-dubai,G1 commercial owner / problem assessment,Suspension symptoms,Suspension symptoms — commercial inspection/repair task; not a dedicated problem page,Car Suspension Repair Dubai | Air Suspension | DIGI-TEC,Car Suspension Repair in Dubai,index,https://digitecme.com/services/suspension-repair-dubai,/services/suspension-repair-dubai,/mercedes/problems/airmatic-malfunction; /mercedes/problems/suspension-dropping-overnight; /porsche/problems/pasm-fault; /porsche/problems/suspension-dropping-overnight,No original query-level measured term assigned; editorial ownership only,15 rendered words in article/main; role-specific content reviewed,/services/car-diagnostics-dubai,RETAINED — scope reviewed,Existing route only. Commercial owner classifications do not claim a dedicated symptom page.
/services/tire-repair-dubai,G1 commercial owner / problem assessment,Tyre / wheel symptoms,Tyre / wheel symptoms — commercial inspection/repair task; not a dedicated problem page,Tyre Repair Dubai | Puncture Checks & Replacement | DIGI-TEC,Tyre Repair Dubai,index,https://digitecme.com/services/tire-repair-dubai,/services/tire-repair-dubai,Brand-first/model/system searches stay with protected B1–B9 owners,car tyre puncture repair [2026-09-05 to 2026-09-11]; puncture near me [2026-06-07 to 2026-09-06]; puncture repair dubai [2026-04-12 to 2026-09-25]; puncture repair dubai [2026-09-05 to 2026-09-11]; puncture repair dubai [2026-09-07 to 2026-09-13]; puncture repair near me [2026-04-12 to 2026-09-25]; puncture repair near me [2026-06-07 to 2026-09-06]; puncture service near me [2026-08-06 to 2026-09-02]; tire puncture repair near me [2026-04-12 to 2026-09-25]; tire puncture repair near me [2026-06-07 to 2026-09-06]; tire puncture repair near me [2026-08-06 to 2026-09-02]; tyre puncture repair dubai [2026-04-12 to 2026-09-25]; tyre puncture repair dubai [2026-09-05 to 2026-09-11]; tyre puncture repair dubai [2026-09-07 to 2026-09-13]; tyre puncture repair dubai [2026-09-09 to 2026-09-15]; where to get puncture repaired near me [2026-08-06 to 2026-09-02],847 rendered words in article/main; role-specific content reviewed,/services/car-diagnostics-dubai,RETAINED — scope reviewed,Existing route only. Commercial owner classifications do not claim a dedicated symptom page.
/services/transmission-repair-dubai,G1 commercial owner / problem assessment,Transmission symptoms,Transmission symptoms — commercial inspection/repair task; not a dedicated problem page,Transmission Repair Dubai | Gearbox Specialists | DIGI-TEC,Transmission Repair & Gearbox Repair in Dubai,index,https://digitecme.com/services/transmission-repair-dubai,/services/transmission-repair-dubai,/mercedes/problems/gearbox-jerking; /mercedes/problems/transmission-slipping; /porsche/problems/pdk-jerking,No original query-level measured term assigned; editorial ownership only,16 rendered words in article/main; role-specific content reviewed,/services/car-diagnostics-dubai,RETAINED — scope reviewed,Existing route only. Commercial owner classifications do not claim a dedicated symptom page.
