"Keyword","Source","Source cells","Impressions","Average position","Intent","Proposed owner URL","Content section","Capability evidence","Action","Reason"
"aston martin repair dubai","GSC","Queries!A40:E40","136","18.82","Broad local service","/brands/aston-martin-service-dubai","Hub overview and FAQ","Existing service enquiry; specialist functions unverified","implement","Proposed ownership; query and page aggregates are separate"
"aston martin service dubai","GSC","Queries!A44:E44","130","17.32","Broad local service","/brands/aston-martin-service-dubai","Hub overview and FAQ","Existing service enquiry; specialist functions unverified","implement","Proposed ownership; query and page aggregates are separate"
"aston martin engine repair dubai","GSC","Queries!A85:E85","64","22.58","Specific repair","/brands/aston-martin-service-dubai/mechanical-repair","Service assessment","Existing service enquiry; specialist functions unverified","implement","Proposed ownership; query and page aggregates are separate"
"aston martin repair","GSC","Queries!A110:E110","52","18.52","Broad local service","/brands/aston-martin-service-dubai","Hub overview and FAQ","Existing service enquiry; specialist functions unverified","implement","Proposed ownership; query and page aggregates are separate"
"aston martin repair near me","GSC","Queries!A118:E118","48","29.6","Broad local service","/brands/aston-martin-service-dubai","Hub overview and FAQ","Existing service enquiry; specialist functions unverified","support","Accurate Al Quoz location and directions"
"aston martin brake repair dubai","GSC","Queries!A124:E124","45","7.09","Specific repair","/brands/aston-martin-service-dubai/brake-repair","Service assessment","Existing service enquiry; specialist functions unverified","implement","Proposed ownership; query and page aggregates are separate"
"aston martin maintenance dubai","GSC","Queries!A137:E137","43","20.98","Broad local service","/brands/aston-martin-service-dubai","Hub overview and FAQ","Existing service enquiry; specialist functions unverified","implement","Proposed ownership; query and page aggregates are separate"
"aston martin transmission repair dubai","GSC","Queries!A216:E216","30","7.2","Specific repair","/brands/aston-martin-service-dubai/transmission-repair","Service assessment","Existing service enquiry; specialist functions unverified","implement","Proposed ownership; query and page aggregates are separate"
"aston martin service center","GSC","Queries!A338:E338","18","13.33","Broad local service","/brands/aston-martin-service-dubai","Hub overview and FAQ","Existing service enquiry; specialist functions unverified","implement","Proposed ownership; query and page aggregates are separate"
"aston martin repair abu dhabi","GSC","Queries!A340:E340","18","19.56","Broad local service","/brands/aston-martin-service-dubai","Hub overview and FAQ","Existing service enquiry; specialist functions unverified","exclude","No Abu Dhabi location or collection evidence"
"aston martin service center dubai","GSC","Queries!A346:E346","17","11.59","Broad local service","/brands/aston-martin-service-dubai","Hub overview and FAQ","Existing service enquiry; specialist functions unverified","implement","Proposed ownership; query and page aggregates are separate"
"aston martin workshop dubai","GSC","Queries!A375:E375","15","4.8","Broad local service","/brands/aston-martin-service-dubai","Hub overview and FAQ","Existing service enquiry; specialist functions unverified","implement","Proposed ownership; query and page aggregates are separate"
"aston martin transmission repair","GSC","Queries!A379:E379","15","13.53","Specific repair","/brands/aston-martin-service-dubai/transmission-repair","Service assessment","Existing service enquiry; specialist functions unverified","implement","Proposed ownership; query and page aggregates are separate"
"aston martin garage dubai","GSC","Queries!A389:E389","15","23.2","Broad local service","/brands/aston-martin-service-dubai","Hub overview and FAQ","Existing service enquiry; specialist functions unverified","implement","Proposed ownership; query and page aggregates are separate"
"aston martin service","GSC","Queries!A451:E451","12","17.17","Broad local service","/brands/aston-martin-service-dubai","Hub overview and FAQ","Existing service enquiry; specialist functions unverified","implement","Proposed ownership; query and page aggregates are separate"
"aston martin engine repair abu dhabi","GSC","Queries!A518:E518","10","17.8","Broad local service","/brands/aston-martin-service-dubai","Hub overview and FAQ","Existing service enquiry; specialist functions unverified","exclude","No Abu Dhabi location or collection evidence"
"aston martin specialist","GSC","Queries!A617:E617","8","16.88","Broad local service","/brands/aston-martin-service-dubai","Hub overview and FAQ","Existing service enquiry; specialist functions unverified","implement","Proposed ownership; query and page aggregates are separate"
"aston martin service c","GSC","Queries!A705:E705","7","38.86","Broad local service","/brands/aston-martin-service-dubai","Hub overview and FAQ","Existing service enquiry; specialist functions unverified","defer","Incomplete ambiguous query"
"aston martin body shop","GSC","Queries!A776:E776","6","29.67","Specific repair","/brands/aston-martin-service-dubai/body-repair","Service assessment","Existing service enquiry; specialist functions unverified","implement","Proposed ownership; query and page aggregates are separate"
"aston martin service centre","GSC","Queries!A816:E816","5","6","Broad local service","/brands/aston-martin-service-dubai","Hub overview and FAQ","Existing service enquiry; specialist functions unverified","implement","Proposed ownership; query and page aggregates are separate"
"aston martin service near me","GSC","Queries!A969:E969","4","8.5","Broad local service","/brands/aston-martin-service-dubai","Hub overview and FAQ","Existing service enquiry; specialist functions unverified","support","Accurate Al Quoz location and directions"
"Aston Martin oil change Dubai","Proposed","","","","Commercial","/brands/aston-martin-service-dubai/oil-change","oil-change","Existing enquiry scope; exact capability to confirm","support","Not measured demand"
"Aston Martin coolant leak repair Dubai","Proposed","","","","Commercial","/brands/aston-martin-service-dubai/mechanical-repair","mechanical-repair","Existing enquiry scope; exact capability to confirm","support","Not measured demand"
"Aston Martin diagnostics Dubai","Proposed","","","","Commercial","/brands/aston-martin-service-dubai/engine-diagnostics","engine-diagnostics","Existing enquiry scope; exact capability to confirm","support","Not measured demand"
"Aston Martin battery drain diagnosis","Proposed","","","","Commercial","/brands/aston-martin-service-dubai/battery-replacement","battery-replacement","Existing enquiry scope; exact capability to confirm","support","Not measured demand"
"Aston Martin AC not cooling Dubai","Proposed","","","","Commercial","/brands/aston-martin-service-dubai/ac-repair","ac-repair","Existing enquiry scope; exact capability to confirm","support","Not measured demand"
"Aston Martin DBX air suspension repair Dubai","Proposed","","","","Commercial","/brands/aston-martin-service-dubai/suspension-repair","suspension-repair","Existing enquiry scope; exact capability to confirm","support","Not measured demand"
"Aston Martin service cost Dubai","Proposed","","","","Commercial","/brands/aston-martin-service-dubai","Cost section","Existing enquiry scope; exact capability to confirm","support","Not measured demand"
"Aston Martin PPI Dubai","Proposed","","","","Commercial","/brands/aston-martin-service-dubai","Cost section","Existing enquiry scope; exact capability to confirm","defer","Not measured demand"
"Aston Martin Sportshift diagnosis Dubai","Proposed","","","","Commercial","/brands/aston-martin-service-dubai/transmission-repair","transmission-repair","Existing enquiry scope; exact capability to confirm","support","Not measured demand"
"Aston Martin structural accident repair Dubai","Proposed","","","","Commercial","/brands/aston-martin-service-dubai/body-repair","body-repair","Existing enquiry scope; exact capability to confirm","defer","Not measured demand"
