"Rendered file","Title","Meta description","H1"
"dist/brands/aston-martin-service-dubai/index.html","Aston Martin Service & Repair Dubai | DIGI-TEC","Independent Aston Martin service and repair in Al Quoz, Dubai. Contact DIGI-TEC for maintenance, diagnostics and a vehicle-specific service estimate.","Aston Martin Service & Repair Dubai"
"dist/brands/aston-martin-service-dubai/ac-repair/index.html","Aston Martin AC Repair Dubai | DIGI-TEC","Aston Martin ac and cabin cooling in Al Quoz, Dubai. Discuss symptoms, inspection findings and a vehicle-specific estimate with DIGI-TEC.","Aston Martin AC Repair Dubai"
"dist/brands/aston-martin-service-dubai/battery-replacement/index.html","Aston Martin Battery Replacement Dubai | DIGI-TEC","Aston Martin battery and starting concerns in Al Quoz, Dubai. Discuss symptoms, inspection findings and a vehicle-specific estimate with DIGI-TEC.","Aston Martin Battery Replacement Dubai"
"dist/brands/aston-martin-service-dubai/body-repair/index.html","Aston Martin Body Repair Dubai | DIGI-TEC","Aston Martin bodywork enquiries in Al Quoz, Dubai. Discuss symptoms, inspection findings and a vehicle-specific estimate with DIGI-TEC.","Aston Martin Body Repair Dubai"
"dist/brands/aston-martin-service-dubai/brake-repair/index.html","Aston Martin Brake Repair Dubai | DIGI-TEC","Aston Martin brake inspection and repair in Al Quoz, Dubai. Discuss symptoms, inspection findings and a vehicle-specific estimate with DIGI-TEC.","Aston Martin Brake Repair Dubai"
"dist/brands/aston-martin-service-dubai/electrical-repair/index.html","Aston Martin Electrical Repair Dubai | DIGI-TEC","Aston Martin electrical fault assessment in Al Quoz, Dubai. Discuss symptoms, inspection findings and a vehicle-specific estimate with DIGI-TEC.","Aston Martin Electrical Repair Dubai"
"dist/brands/aston-martin-service-dubai/engine-diagnostics/index.html","Aston Martin Engine Diagnostics Dubai | DIGI-TEC","Aston Martin engine diagnostics in Al Quoz, Dubai. Discuss symptoms, inspection findings and a vehicle-specific estimate with DIGI-TEC.","Aston Martin Engine Diagnostics Dubai"
"dist/brands/aston-martin-service-dubai/exhaust-repair/index.html","Aston Martin Exhaust Repair Dubai | DIGI-TEC","Aston Martin exhaust assessment in Al Quoz, Dubai. Discuss symptoms, inspection findings and a vehicle-specific estimate with DIGI-TEC.","Aston Martin Exhaust Repair Dubai"
"dist/brands/aston-martin-service-dubai/fuel-system-repair/index.html","Aston Martin Fuel System Repair Dubai | DIGI-TEC","Aston Martin fuel-system assessment in Al Quoz, Dubai. Discuss symptoms, inspection findings and a vehicle-specific estimate with DIGI-TEC.","Aston Martin Fuel System Repair Dubai"
"dist/brands/aston-martin-service-dubai/mechanical-repair/index.html","Aston Martin Engine & Mechanical Repair Dubai | DIGI-TEC","Aston Martin engine and mechanical repair in Al Quoz, Dubai. Discuss symptoms, inspection findings and a vehicle-specific estimate with DIGI-TEC.","Aston Martin Engine & Mechanical Repair Dubai"
"dist/brands/aston-martin-service-dubai/oil-change/index.html","Aston Martin Oil Change Dubai | DIGI-TEC","Aston Martin maintenance and oil servicing in Al Quoz, Dubai. Discuss symptoms, inspection findings and a vehicle-specific estimate with DIGI-TEC.","Aston Martin Oil Change Dubai"
"dist/brands/aston-martin-service-dubai/steering-repair/index.html","Aston Martin Steering Repair Dubai | DIGI-TEC","Aston Martin steering assessment in Al Quoz, Dubai. Discuss symptoms, inspection findings and a vehicle-specific estimate with DIGI-TEC.","Aston Martin Steering Repair Dubai"
"dist/brands/aston-martin-service-dubai/suspension-repair/index.html","Aston Martin Suspension Repair Dubai | DIGI-TEC","Aston Martin suspension and ride quality in Al Quoz, Dubai. Discuss symptoms, inspection findings and a vehicle-specific estimate with DIGI-TEC.","Aston Martin Suspension Repair Dubai"
"dist/brands/aston-martin-service-dubai/tire-repair/index.html","Aston Martin Tyre Repair Dubai | DIGI-TEC","Aston Martin tyre inspection in Al Quoz, Dubai. Discuss symptoms, inspection findings and a vehicle-specific estimate with DIGI-TEC.","Aston Martin Tyre Repair Dubai"
"dist/brands/aston-martin-service-dubai/transmission-repair/index.html","Aston Martin Transmission Repair Dubai | DIGI-TEC","Aston Martin transmission and gearbox services in Al Quoz, Dubai. Discuss symptoms, inspection findings and a vehicle-specific estimate with DIGI-TEC.","Aston Martin Transmission Repair Dubai"
"dist/blog/aston-martin-best-workshop-dubai/index.html","Choosing an Aston Martin Workshop Dubai | DIGI-TEC","Compare Aston Martin workshops by diagnostic scope, model knowledge, written estimates and location. Prepare a useful enquiry before approving work.","Choosing an Aston Martin Workshop in Dubai: Owner Guide"
"dist/blog/aston-martin-db11-service-dubai-guide/index.html","Aston Martin DB11 Service Dubai | Maintenance Guide","Aston Martin DB11 service in Dubai: oil specification, cooling, brakes, gearbox fluid, electronics and diagnostics explained for owners.","Aston Martin DB11 Service in Dubai: Owner Guide"
