"digitecme.com/ar/best-mercedes-workshop-dubai","https://digitecme.com/ar/brands/mercedes-benz-service-dubai",308,TRUE,FALSE,FALSE,FALSE
"www.digitecme.com/ar/best-mercedes-workshop-dubai","https://digitecme.com/ar/brands/mercedes-benz-service-dubai",308,TRUE,FALSE,FALSE,FALSE
"digitecme.com/ar/best-mercedes-workshop-dubai/","https://digitecme.com/ar/brands/mercedes-benz-service-dubai",308,TRUE,FALSE,FALSE,FALSE
"www.digitecme.com/ar/best-mercedes-workshop-dubai/","https://digitecme.com/ar/brands/mercedes-benz-service-dubai",308,TRUE,FALSE,FALSE,FALSE
"digitecme.com/ar/brands/mercedes-benz-service-dubai/ac-repair","https://digitecme.com/ar/services/mercedes-ac-repair-dubai",308,TRUE,FALSE,FALSE,FALSE
"www.digitecme.com/ar/brands/mercedes-benz-service-dubai/ac-repair","https://digitecme.com/ar/services/mercedes-ac-repair-dubai",308,TRUE,FALSE,FALSE,FALSE
"digitecme.com/ar/brands/mercedes-benz-service-dubai/ac-repair/","https://digitecme.com/ar/services/mercedes-ac-repair-dubai",308,TRUE,FALSE,FALSE,FALSE
"www.digitecme.com/ar/brands/mercedes-benz-service-dubai/ac-repair/","https://digitecme.com/ar/services/mercedes-ac-repair-dubai",308,TRUE,FALSE,FALSE,FALSE
"digitecme.com/ar/brands/mercedes-benz-service-dubai/battery-replacement","https://digitecme.com/ar/services/mercedes-battery-replacement-dubai",308,TRUE,FALSE,FALSE,FALSE
"www.digitecme.com/ar/brands/mercedes-benz-service-dubai/battery-replacement","https://digitecme.com/ar/services/mercedes-battery-replacement-dubai",308,TRUE,FALSE,FALSE,FALSE
"digitecme.com/ar/brands/mercedes-benz-service-dubai/battery-replacement/","https://digitecme.com/ar/services/mercedes-battery-replacement-dubai",308,TRUE,FALSE,FALSE,FALSE
"www.digitecme.com/ar/brands/mercedes-benz-service-dubai/battery-replacement/","https://digitecme.com/ar/services/mercedes-battery-replacement-dubai",308,TRUE,FALSE,FALSE,FALSE
"digitecme.com/ar/brands/mercedes-benz-service-dubai/body-repair","https://digitecme.com/ar/services/mercedes-body-repair-dubai",308,TRUE,FALSE,FALSE,FALSE
"www.digitecme.com/ar/brands/mercedes-benz-service-dubai/body-repair","https://digitecme.com/ar/services/mercedes-body-repair-dubai",308,TRUE,FALSE,FALSE,FALSE
"digitecme.com/ar/brands/mercedes-benz-service-dubai/body-repair/","https://digitecme.com/ar/services/mercedes-body-repair-dubai",308,TRUE,FALSE,FALSE,FALSE
"www.digitecme.com/ar/brands/mercedes-benz-service-dubai/body-repair/","https://digitecme.com/ar/services/mercedes-body-repair-dubai",308,TRUE,FALSE,FALSE,FALSE
"digitecme.com/ar/brands/mercedes-benz-service-dubai/brake-repair","https://digitecme.com/ar/services/mercedes-brake-repair-dubai",308,TRUE,FALSE,FALSE,FALSE
"www.digitecme.com/ar/brands/mercedes-benz-service-dubai/brake-repair","https://digitecme.com/ar/services/mercedes-brake-repair-dubai",308,TRUE,FALSE,FALSE,FALSE
"digitecme.com/ar/brands/mercedes-benz-service-dubai/brake-repair/","https://digitecme.com/ar/services/mercedes-brake-repair-dubai",308,TRUE,FALSE,FALSE,FALSE
"www.digitecme.com/ar/brands/mercedes-benz-service-dubai/brake-repair/","https://digitecme.com/ar/services/mercedes-brake-repair-dubai",308,TRUE,FALSE,FALSE,FALSE
"digitecme.com/ar/brands/mercedes-benz-service-dubai/electrical-repair","https://digitecme.com/ar/services/mercedes-electrical-repair-dubai",308,TRUE,FALSE,FALSE,FALSE
"www.digitecme.com/ar/brands/mercedes-benz-service-dubai/electrical-repair","https://digitecme.com/ar/services/mercedes-electrical-repair-dubai",308,TRUE,FALSE,FALSE,FALSE
"digitecme.com/ar/brands/mercedes-benz-service-dubai/electrical-repair/","https://digitecme.com/ar/services/mercedes-electrical-repair-dubai",308,TRUE,FALSE,FALSE,FALSE
"www.digitecme.com/ar/brands/mercedes-benz-service-dubai/electrical-repair/","https://digitecme.com/ar/services/mercedes-electrical-repair-dubai",308,TRUE,FALSE,FALSE,FALSE
"digitecme.com/ar/brands/mercedes-benz-service-dubai/engine-diagnostics","https://digitecme.com/ar/services/mercedes-diagnostics-dubai",308,TRUE,FALSE,FALSE,FALSE
"www.digitecme.com/ar/brands/mercedes-benz-service-dubai/engine-diagnostics","https://digitecme.com/ar/services/mercedes-diagnostics-dubai",308,TRUE,FALSE,FALSE,FALSE
"digitecme.com/ar/brands/mercedes-benz-service-dubai/engine-diagnostics/","https://digitecme.com/ar/services/mercedes-diagnostics-dubai",308,TRUE,FALSE,FALSE,FALSE
"www.digitecme.com/ar/brands/mercedes-benz-service-dubai/engine-diagnostics/","https://digitecme.com/ar/services/mercedes-diagnostics-dubai",308,TRUE,FALSE,FALSE,FALSE
"digitecme.com/ar/brands/mercedes-benz-service-dubai/exhaust-repair","https://digitecme.com/ar/services/mercedes-exhaust-repair-dubai",308,TRUE,FALSE,FALSE,FALSE
"www.digitecme.com/ar/brands/mercedes-benz-service-dubai/exhaust-repair","https://digitecme.com/ar/services/mercedes-exhaust-repair-dubai",308,TRUE,FALSE,FALSE,FALSE
"digitecme.com/ar/brands/mercedes-benz-service-dubai/exhaust-repair/","https://digitecme.com/ar/services/mercedes-exhaust-repair-dubai",308,TRUE,FALSE,FALSE,FALSE
"www.digitecme.com/ar/brands/mercedes-benz-service-dubai/exhaust-repair/","https://digitecme.com/ar/services/mercedes-exhaust-repair-dubai",308,TRUE,FALSE,FALSE,FALSE
"digitecme.com/ar/brands/mercedes-benz-service-dubai/fuel-system-repair","https://digitecme.com/ar/services/mercedes-fuel-system-repair-dubai",308,TRUE,FALSE,FALSE,FALSE
"www.digitecme.com/ar/brands/mercedes-benz-service-dubai/fuel-system-repair","https://digitecme.com/ar/services/mercedes-fuel-system-repair-dubai",308,TRUE,FALSE,FALSE,FALSE
"digitecme.com/ar/brands/mercedes-benz-service-dubai/fuel-system-repair/","https://digitecme.com/ar/services/mercedes-fuel-system-repair-dubai",308,TRUE,FALSE,FALSE,FALSE
"www.digitecme.com/ar/brands/mercedes-benz-service-dubai/fuel-system-repair/","https://digitecme.com/ar/services/mercedes-fuel-system-repair-dubai",308,TRUE,FALSE,FALSE,FALSE
"digitecme.com/ar/brands/mercedes-benz-service-dubai/mechanical-repair","https://digitecme.com/ar/services/mercedes-mechanical-repair-dubai",308,TRUE,FALSE,FALSE,FALSE
"www.digitecme.com/ar/brands/mercedes-benz-service-dubai/mechanical-repair","https://digitecme.com/ar/services/mercedes-mechanical-repair-dubai",308,TRUE,FALSE,FALSE,FALSE
"digitecme.com/ar/brands/mercedes-benz-service-dubai/mechanical-repair/","https://digitecme.com/ar/services/mercedes-mechanical-repair-dubai",308,TRUE,FALSE,FALSE,FALSE
"www.digitecme.com/ar/brands/mercedes-benz-service-dubai/mechanical-repair/","https://digitecme.com/ar/services/mercedes-mechanical-repair-dubai",308,TRUE,FALSE,FALSE,FALSE
"digitecme.com/ar/brands/mercedes-benz-service-dubai/oil-change","https://digitecme.com/ar/services/mercedes-oil-change-dubai",308,TRUE,FALSE,FALSE,FALSE
"www.digitecme.com/ar/brands/mercedes-benz-service-dubai/oil-change","https://digitecme.com/ar/services/mercedes-oil-change-dubai",308,TRUE,FALSE,FALSE,FALSE
"digitecme.com/ar/brands/mercedes-benz-service-dubai/oil-change/","https://digitecme.com/ar/services/mercedes-oil-change-dubai",308,TRUE,FALSE,FALSE,FALSE
"www.digitecme.com/ar/brands/mercedes-benz-service-dubai/oil-change/","https://digitecme.com/ar/services/mercedes-oil-change-dubai",308,TRUE,FALSE,FALSE,FALSE
"digitecme.com/ar/brands/mercedes-benz-service-dubai/steering-repair","https://digitecme.com/ar/services/mercedes-steering-repair-dubai",308,TRUE,FALSE,FALSE,FALSE
"www.digitecme.com/ar/brands/mercedes-benz-service-dubai/steering-repair","https://digitecme.com/ar/services/mercedes-steering-repair-dubai",308,TRUE,FALSE,FALSE,FALSE
"digitecme.com/ar/brands/mercedes-benz-service-dubai/steering-repair/","https://digitecme.com/ar/services/mercedes-steering-repair-dubai",308,TRUE,FALSE,FALSE,FALSE
"www.digitecme.com/ar/brands/mercedes-benz-service-dubai/steering-repair/","https://digitecme.com/ar/services/mercedes-steering-repair-dubai",308,TRUE,FALSE,FALSE,FALSE
"digitecme.com/ar/brands/mercedes-benz-service-dubai/suspension-repair","https://digitecme.com/ar/services/mercedes-suspension-repair-dubai",308,TRUE,FALSE,FALSE,FALSE
"www.digitecme.com/ar/brands/mercedes-benz-service-dubai/suspension-repair","https://digitecme.com/ar/services/mercedes-suspension-repair-dubai",308,TRUE,FALSE,FALSE,FALSE
"digitecme.com/ar/brands/mercedes-benz-service-dubai/suspension-repair/","https://digitecme.com/ar/services/mercedes-suspension-repair-dubai",308,TRUE,FALSE,FALSE,FALSE
"www.digitecme.com/ar/brands/mercedes-benz-service-dubai/suspension-repair/","https://digitecme.com/ar/services/mercedes-suspension-repair-dubai",308,TRUE,FALSE,FALSE,FALSE
"digitecme.com/ar/brands/mercedes-benz-service-dubai/tire-repair","https://digitecme.com/ar/services/mercedes-tire-repair-dubai",308,TRUE,FALSE,FALSE,FALSE
"www.digitecme.com/ar/brands/mercedes-benz-service-dubai/tire-repair","https://digitecme.com/ar/services/mercedes-tire-repair-dubai",308,TRUE,FALSE,FALSE,FALSE
"digitecme.com/ar/brands/mercedes-benz-service-dubai/tire-repair/","https://digitecme.com/ar/services/mercedes-tire-repair-dubai",308,TRUE,FALSE,FALSE,FALSE
"www.digitecme.com/ar/brands/mercedes-benz-service-dubai/tire-repair/","https://digitecme.com/ar/services/mercedes-tire-repair-dubai",308,TRUE,FALSE,FALSE,FALSE
"digitecme.com/ar/brands/mercedes-benz-service-dubai/transmission-repair","https://digitecme.com/ar/services/mercedes-transmission-repair-dubai",308,TRUE,FALSE,FALSE,FALSE
"www.digitecme.com/ar/brands/mercedes-benz-service-dubai/transmission-repair","https://digitecme.com/ar/services/mercedes-transmission-repair-dubai",308,TRUE,FALSE,FALSE,FALSE
"digitecme.com/ar/brands/mercedes-benz-service-dubai/transmission-repair/","https://digitecme.com/ar/services/mercedes-transmission-repair-dubai",308,TRUE,FALSE,FALSE,FALSE
"www.digitecme.com/ar/brands/mercedes-benz-service-dubai/transmission-repair/","https://digitecme.com/ar/services/mercedes-transmission-repair-dubai",308,TRUE,FALSE,FALSE,FALSE
"digitecme.com/ar/mercedes","https://digitecme.com/ar/brands/mercedes-benz-service-dubai",308,TRUE,FALSE,FALSE,FALSE
"www.digitecme.com/ar/mercedes","https://digitecme.com/ar/brands/mercedes-benz-service-dubai",308,TRUE,FALSE,FALSE,FALSE
"digitecme.com/ar/mercedes/","https://digitecme.com/ar/brands/mercedes-benz-service-dubai",308,TRUE,FALSE,FALSE,FALSE
"www.digitecme.com/ar/mercedes/","https://digitecme.com/ar/brands/mercedes-benz-service-dubai",308,TRUE,FALSE,FALSE,FALSE
"digitecme.com/ar/mercedes-ac-repair","https://digitecme.com/ar/services/mercedes-ac-repair-dubai",308,TRUE,FALSE,FALSE,FALSE
"www.digitecme.com/ar/mercedes-ac-repair","https://digitecme.com/ar/services/mercedes-ac-repair-dubai",308,TRUE,FALSE,FALSE,FALSE
"digitecme.com/ar/mercedes-ac-repair/","https://digitecme.com/ar/services/mercedes-ac-repair-dubai",308,TRUE,FALSE,FALSE,FALSE
"www.digitecme.com/ar/mercedes-ac-repair/","https://digitecme.com/ar/services/mercedes-ac-repair-dubai",308,TRUE,FALSE,FALSE,FALSE
"digitecme.com/ar/mercedes-ac-repair-dubai","https://digitecme.com/ar/services/mercedes-ac-repair-dubai",308,TRUE,FALSE,FALSE,FALSE
"www.digitecme.com/ar/mercedes-ac-repair-dubai","https://digitecme.com/ar/services/mercedes-ac-repair-dubai",308,TRUE,FALSE,FALSE,FALSE
"digitecme.com/ar/mercedes-ac-repair-dubai/","https://digitecme.com/ar/services/mercedes-ac-repair-dubai",308,TRUE,FALSE,FALSE,FALSE
"www.digitecme.com/ar/mercedes-ac-repair-dubai/","https://digitecme.com/ar/services/mercedes-ac-repair-dubai",308,TRUE,FALSE,FALSE,FALSE
"digitecme.com/ar/mercedes-body-repair","https://digitecme.com/ar/services/mercedes-body-repair-dubai",308,TRUE,FALSE,FALSE,FALSE
"www.digitecme.com/ar/mercedes-body-repair","https://digitecme.com/ar/services/mercedes-body-repair-dubai",308,TRUE,FALSE,FALSE,FALSE
"digitecme.com/ar/mercedes-body-repair/","https://digitecme.com/ar/services/mercedes-body-repair-dubai",308,TRUE,FALSE,FALSE,FALSE
"www.digitecme.com/ar/mercedes-body-repair/","https://digitecme.com/ar/services/mercedes-body-repair-dubai",308,TRUE,FALSE,FALSE,FALSE
"digitecme.com/ar/mercedes-body-repair-dubai","https://digitecme.com/ar/services/mercedes-body-repair-dubai",308,TRUE,FALSE,FALSE,FALSE
"www.digitecme.com/ar/mercedes-body-repair-dubai","https://digitecme.com/ar/services/mercedes-body-repair-dubai",308,TRUE,FALSE,FALSE,FALSE
"digitecme.com/ar/mercedes-body-repair-dubai/","https://digitecme.com/ar/services/mercedes-body-repair-dubai",308,TRUE,FALSE,FALSE,FALSE
"www.digitecme.com/ar/mercedes-body-repair-dubai/","https://digitecme.com/ar/services/mercedes-body-repair-dubai",308,TRUE,FALSE,FALSE,FALSE
"digitecme.com/ar/mercedes-brake-repair","https://digitecme.com/ar/services/mercedes-brake-repair-dubai",308,TRUE,FALSE,FALSE,FALSE
"www.digitecme.com/ar/mercedes-brake-repair","https://digitecme.com/ar/services/mercedes-brake-repair-dubai",308,TRUE,FALSE,FALSE,FALSE
"digitecme.com/ar/mercedes-brake-repair/","https://digitecme.com/ar/services/mercedes-brake-repair-dubai",308,TRUE,FALSE,FALSE,FALSE
"www.digitecme.com/ar/mercedes-brake-repair/","https://digitecme.com/ar/services/mercedes-brake-repair-dubai",308,TRUE,FALSE,FALSE,FALSE
"digitecme.com/ar/mercedes-brake-repair-dubai","https://digitecme.com/ar/services/mercedes-brake-repair-dubai",308,TRUE,FALSE,FALSE,FALSE
"www.digitecme.com/ar/mercedes-brake-repair-dubai","https://digitecme.com/ar/services/mercedes-brake-repair-dubai",308,TRUE,FALSE,FALSE,FALSE
"digitecme.com/ar/mercedes-brake-repair-dubai/","https://digitecme.com/ar/services/mercedes-brake-repair-dubai",308,TRUE,FALSE,FALSE,FALSE
"www.digitecme.com/ar/mercedes-brake-repair-dubai/","https://digitecme.com/ar/services/mercedes-brake-repair-dubai",308,TRUE,FALSE,FALSE,FALSE
"digitecme.com/ar/mercedes-oil-change","https://digitecme.com/ar/services/mercedes-oil-change-dubai",308,TRUE,FALSE,FALSE,FALSE
"www.digitecme.com/ar/mercedes-oil-change","https://digitecme.com/ar/services/mercedes-oil-change-dubai",308,TRUE,FALSE,FALSE,FALSE
"digitecme.com/ar/mercedes-oil-change/","https://digitecme.com/ar/services/mercedes-oil-change-dubai",308,TRUE,FALSE,FALSE,FALSE
"www.digitecme.com/ar/mercedes-oil-change/","https://digitecme.com/ar/services/mercedes-oil-change-dubai",308,TRUE,FALSE,FALSE,FALSE
"digitecme.com/ar/mercedes-oil-change-dubai","https://digitecme.com/ar/services/mercedes-oil-change-dubai",308,TRUE,FALSE,FALSE,FALSE
"www.digitecme.com/ar/mercedes-oil-change-dubai","https://digitecme.com/ar/services/mercedes-oil-change-dubai",308,TRUE,FALSE,FALSE,FALSE
"digitecme.com/ar/mercedes-oil-change-dubai/","https://digitecme.com/ar/services/mercedes-oil-change-dubai",308,TRUE,FALSE,FALSE,FALSE
"www.digitecme.com/ar/mercedes-oil-change-dubai/","https://digitecme.com/ar/services/mercedes-oil-change-dubai",308,TRUE,FALSE,FALSE,FALSE
"digitecme.com/ar/mercedes-repair","https://digitecme.com/ar/brands/mercedes-benz-service-dubai",308,TRUE,FALSE,FALSE,FALSE
"www.digitecme.com/ar/mercedes-repair","https://digitecme.com/ar/brands/mercedes-benz-service-dubai",308,TRUE,FALSE,FALSE,FALSE
"digitecme.com/ar/mercedes-repair/","https://digitecme.com/ar/brands/mercedes-benz-service-dubai",308,TRUE,FALSE,FALSE,FALSE
"www.digitecme.com/ar/mercedes-repair/","https://digitecme.com/ar/brands/mercedes-benz-service-dubai",308,TRUE,FALSE,FALSE,FALSE
"digitecme.com/ar/mercedes-repair-dubai","https://digitecme.com/ar/brands/mercedes-benz-service-dubai",308,TRUE,FALSE,FALSE,FALSE
"www.digitecme.com/ar/mercedes-repair-dubai","https://digitecme.com/ar/brands/mercedes-benz-service-dubai",308,TRUE,FALSE,FALSE,FALSE
"digitecme.com/ar/mercedes-repair-dubai/","https://digitecme.com/ar/brands/mercedes-benz-service-dubai",308,TRUE,FALSE,FALSE,FALSE
"www.digitecme.com/ar/mercedes-repair-dubai/","https://digitecme.com/ar/brands/mercedes-benz-service-dubai",308,TRUE,FALSE,FALSE,FALSE
"digitecme.com/ar/mercedes-service","https://digitecme.com/ar/brands/mercedes-benz-service-dubai",308,TRUE,FALSE,FALSE,FALSE
"www.digitecme.com/ar/mercedes-service","https://digitecme.com/ar/brands/mercedes-benz-service-dubai",308,TRUE,FALSE,FALSE,FALSE
"digitecme.com/ar/mercedes-service/","https://digitecme.com/ar/brands/mercedes-benz-service-dubai",308,TRUE,FALSE,FALSE,FALSE
"www.digitecme.com/ar/mercedes-service/","https://digitecme.com/ar/brands/mercedes-benz-service-dubai",308,TRUE,FALSE,FALSE,FALSE
"digitecme.com/ar/mercedes-suspension-repair","https://digitecme.com/ar/services/mercedes-suspension-repair-dubai",308,TRUE,FALSE,FALSE,FALSE
"www.digitecme.com/ar/mercedes-suspension-repair","https://digitecme.com/ar/services/mercedes-suspension-repair-dubai",308,TRUE,FALSE,FALSE,FALSE
"digitecme.com/ar/mercedes-suspension-repair/","https://digitecme.com/ar/services/mercedes-suspension-repair-dubai",308,TRUE,FALSE,FALSE,FALSE
"www.digitecme.com/ar/mercedes-suspension-repair/","https://digitecme.com/ar/services/mercedes-suspension-repair-dubai",308,TRUE,FALSE,FALSE,FALSE
"digitecme.com/ar/mercedes-suspension-repair-dubai","https://digitecme.com/ar/services/mercedes-suspension-repair-dubai",308,TRUE,FALSE,FALSE,FALSE
"www.digitecme.com/ar/mercedes-suspension-repair-dubai","https://digitecme.com/ar/services/mercedes-suspension-repair-dubai",308,TRUE,FALSE,FALSE,FALSE
"digitecme.com/ar/mercedes-suspension-repair-dubai/","https://digitecme.com/ar/services/mercedes-suspension-repair-dubai",308,TRUE,FALSE,FALSE,FALSE
"www.digitecme.com/ar/mercedes-suspension-repair-dubai/","https://digitecme.com/ar/services/mercedes-suspension-repair-dubai",308,TRUE,FALSE,FALSE,FALSE
"digitecme.com/ar/mercedes-transmission-repair","https://digitecme.com/ar/services/mercedes-transmission-repair-dubai",308,TRUE,FALSE,FALSE,FALSE
"www.digitecme.com/ar/mercedes-transmission-repair","https://digitecme.com/ar/services/mercedes-transmission-repair-dubai",308,TRUE,FALSE,FALSE,FALSE
"digitecme.com/ar/mercedes-transmission-repair/","https://digitecme.com/ar/services/mercedes-transmission-repair-dubai",308,TRUE,FALSE,FALSE,FALSE
"www.digitecme.com/ar/mercedes-transmission-repair/","https://digitecme.com/ar/services/mercedes-transmission-repair-dubai",308,TRUE,FALSE,FALSE,FALSE
"digitecme.com/ar/mercedes-transmission-repair-dubai","https://digitecme.com/ar/services/mercedes-transmission-repair-dubai",308,TRUE,FALSE,FALSE,FALSE
"www.digitecme.com/ar/mercedes-transmission-repair-dubai","https://digitecme.com/ar/services/mercedes-transmission-repair-dubai",308,TRUE,FALSE,FALSE,FALSE
"digitecme.com/ar/mercedes-transmission-repair-dubai/","https://digitecme.com/ar/services/mercedes-transmission-repair-dubai",308,TRUE,FALSE,FALSE,FALSE
"www.digitecme.com/ar/mercedes-transmission-repair-dubai/","https://digitecme.com/ar/services/mercedes-transmission-repair-dubai",308,TRUE,FALSE,FALSE,FALSE
"digitecme.com/ar/mercedes-workshop","https://digitecme.com/ar/brands/mercedes-benz-service-dubai",308,TRUE,FALSE,FALSE,FALSE
"www.digitecme.com/ar/mercedes-workshop","https://digitecme.com/ar/brands/mercedes-benz-service-dubai",308,TRUE,FALSE,FALSE,FALSE
"digitecme.com/ar/mercedes-workshop/","https://digitecme.com/ar/brands/mercedes-benz-service-dubai",308,TRUE,FALSE,FALSE,FALSE
"www.digitecme.com/ar/mercedes-workshop/","https://digitecme.com/ar/brands/mercedes-benz-service-dubai",308,TRUE,FALSE,FALSE,FALSE
"digitecme.com/ar/mercedes/models/c63-service-repair-dubai","https://digitecme.com/ar/brands/mercedes-benz-service-dubai",308,TRUE,FALSE,FALSE,FALSE
"www.digitecme.com/ar/mercedes/models/c63-service-repair-dubai","https://digitecme.com/ar/brands/mercedes-benz-service-dubai",308,TRUE,FALSE,FALSE,FALSE
"digitecme.com/ar/mercedes/models/c63-service-repair-dubai/","https://digitecme.com/ar/brands/mercedes-benz-service-dubai",308,TRUE,FALSE,FALSE,FALSE
"www.digitecme.com/ar/mercedes/models/c63-service-repair-dubai/","https://digitecme.com/ar/brands/mercedes-benz-service-dubai",308,TRUE,FALSE,FALSE,FALSE
"digitecme.com/ar/mercedes/models/e63-service-repair-dubai","https://digitecme.com/ar/brands/mercedes-benz-service-dubai",308,TRUE,FALSE,FALSE,FALSE
"www.digitecme.com/ar/mercedes/models/e63-service-repair-dubai","https://digitecme.com/ar/brands/mercedes-benz-service-dubai",308,TRUE,FALSE,FALSE,FALSE
"digitecme.com/ar/mercedes/models/e63-service-repair-dubai/","https://digitecme.com/ar/brands/mercedes-benz-service-dubai",308,TRUE,FALSE,FALSE,FALSE
"www.digitecme.com/ar/mercedes/models/e63-service-repair-dubai/","https://digitecme.com/ar/brands/mercedes-benz-service-dubai",308,TRUE,FALSE,FALSE,FALSE
"digitecme.com/ar/mercedes/models/g-class-service-repair-dubai","https://digitecme.com/ar/brands/mercedes-benz-service-dubai",308,TRUE,FALSE,FALSE,FALSE
"www.digitecme.com/ar/mercedes/models/g-class-service-repair-dubai","https://digitecme.com/ar/brands/mercedes-benz-service-dubai",308,TRUE,FALSE,FALSE,FALSE
"digitecme.com/ar/mercedes/models/g-class-service-repair-dubai/","https://digitecme.com/ar/brands/mercedes-benz-service-dubai",308,TRUE,FALSE,FALSE,FALSE
"www.digitecme.com/ar/mercedes/models/g-class-service-repair-dubai/","https://digitecme.com/ar/brands/mercedes-benz-service-dubai",308,TRUE,FALSE,FALSE,FALSE
"digitecme.com/ar/mercedes/models/gle-service-repair-dubai","https://digitecme.com/ar/brands/mercedes-benz-service-dubai",308,TRUE,FALSE,FALSE,FALSE
"www.digitecme.com/ar/mercedes/models/gle-service-repair-dubai","https://digitecme.com/ar/brands/mercedes-benz-service-dubai",308,TRUE,FALSE,FALSE,FALSE
"digitecme.com/ar/mercedes/models/gle-service-repair-dubai/","https://digitecme.com/ar/brands/mercedes-benz-service-dubai",308,TRUE,FALSE,FALSE,FALSE
"www.digitecme.com/ar/mercedes/models/gle-service-repair-dubai/","https://digitecme.com/ar/brands/mercedes-benz-service-dubai",308,TRUE,FALSE,FALSE,FALSE
"digitecme.com/ar/mercedes/models/gls-service-repair-dubai","https://digitecme.com/ar/brands/mercedes-benz-service-dubai",308,TRUE,FALSE,FALSE,FALSE
"www.digitecme.com/ar/mercedes/models/gls-service-repair-dubai","https://digitecme.com/ar/brands/mercedes-benz-service-dubai",308,TRUE,FALSE,FALSE,FALSE
"digitecme.com/ar/mercedes/models/gls-service-repair-dubai/","https://digitecme.com/ar/brands/mercedes-benz-service-dubai",308,TRUE,FALSE,FALSE,FALSE
"www.digitecme.com/ar/mercedes/models/gls-service-repair-dubai/","https://digitecme.com/ar/brands/mercedes-benz-service-dubai",308,TRUE,FALSE,FALSE,FALSE
"digitecme.com/ar/mercedes/models/s63-service-repair-dubai","https://digitecme.com/ar/brands/mercedes-benz-service-dubai",308,TRUE,FALSE,FALSE,FALSE
"www.digitecme.com/ar/mercedes/models/s63-service-repair-dubai","https://digitecme.com/ar/brands/mercedes-benz-service-dubai",308,TRUE,FALSE,FALSE,FALSE
"digitecme.com/ar/mercedes/models/s63-service-repair-dubai/","https://digitecme.com/ar/brands/mercedes-benz-service-dubai",308,TRUE,FALSE,FALSE,FALSE
"www.digitecme.com/ar/mercedes/models/s63-service-repair-dubai/","https://digitecme.com/ar/brands/mercedes-benz-service-dubai",308,TRUE,FALSE,FALSE,FALSE
"digitecme.com/ar/mercedes/problems","https://digitecme.com/ar/brands/mercedes-benz-service-dubai",308,TRUE,FALSE,FALSE,FALSE
"www.digitecme.com/ar/mercedes/problems","https://digitecme.com/ar/brands/mercedes-benz-service-dubai",308,TRUE,FALSE,FALSE,FALSE
"digitecme.com/ar/mercedes/problems/","https://digitecme.com/ar/brands/mercedes-benz-service-dubai",308,TRUE,FALSE,FALSE,FALSE
"www.digitecme.com/ar/mercedes/problems/","https://digitecme.com/ar/brands/mercedes-benz-service-dubai",308,TRUE,FALSE,FALSE,FALSE
"digitecme.com/ar/mercedes/problems/ac-not-cooling","https://digitecme.com/ar/brands/mercedes-benz-service-dubai",308,TRUE,FALSE,FALSE,FALSE
"www.digitecme.com/ar/mercedes/problems/ac-not-cooling","https://digitecme.com/ar/brands/mercedes-benz-service-dubai",308,TRUE,FALSE,FALSE,FALSE
"digitecme.com/ar/mercedes/problems/ac-not-cooling/","https://digitecme.com/ar/brands/mercedes-benz-service-dubai",308,TRUE,FALSE,FALSE,FALSE
"www.digitecme.com/ar/mercedes/problems/ac-not-cooling/","https://digitecme.com/ar/brands/mercedes-benz-service-dubai",308,TRUE,FALSE,FALSE,FALSE
"digitecme.com/ar/mercedes/problems/airmatic-malfunction","https://digitecme.com/ar/brands/mercedes-benz-service-dubai",308,TRUE,FALSE,FALSE,FALSE
"www.digitecme.com/ar/mercedes/problems/airmatic-malfunction","https://digitecme.com/ar/brands/mercedes-benz-service-dubai",308,TRUE,FALSE,FALSE,FALSE
"digitecme.com/ar/mercedes/problems/airmatic-malfunction/","https://digitecme.com/ar/brands/mercedes-benz-service-dubai",308,TRUE,FALSE,FALSE,FALSE
"www.digitecme.com/ar/mercedes/problems/airmatic-malfunction/","https://digitecme.com/ar/brands/mercedes-benz-service-dubai",308,TRUE,FALSE,FALSE,FALSE
"digitecme.com/ar/mercedes/problems/battery-warning","https://digitecme.com/ar/brands/mercedes-benz-service-dubai",308,TRUE,FALSE,FALSE,FALSE
"www.digitecme.com/ar/mercedes/problems/battery-warning","https://digitecme.com/ar/brands/mercedes-benz-service-dubai",308,TRUE,FALSE,FALSE,FALSE
"digitecme.com/ar/mercedes/problems/battery-warning/","https://digitecme.com/ar/brands/mercedes-benz-service-dubai",308,TRUE,FALSE,FALSE,FALSE
"www.digitecme.com/ar/mercedes/problems/battery-warning/","https://digitecme.com/ar/brands/mercedes-benz-service-dubai",308,TRUE,FALSE,FALSE,FALSE
"digitecme.com/ar/mercedes/problems/check-engine-light","https://digitecme.com/ar/brands/mercedes-benz-service-dubai",308,TRUE,FALSE,FALSE,FALSE
"www.digitecme.com/ar/mercedes/problems/check-engine-light","https://digitecme.com/ar/brands/mercedes-benz-service-dubai",308,TRUE,FALSE,FALSE,FALSE
"digitecme.com/ar/mercedes/problems/check-engine-light/","https://digitecme.com/ar/brands/mercedes-benz-service-dubai",308,TRUE,FALSE,FALSE,FALSE
"www.digitecme.com/ar/mercedes/problems/check-engine-light/","https://digitecme.com/ar/brands/mercedes-benz-service-dubai",308,TRUE,FALSE,FALSE,FALSE
"digitecme.com/ar/mercedes/problems/engine-overheating","https://digitecme.com/ar/brands/mercedes-benz-service-dubai",308,TRUE,FALSE,FALSE,FALSE
"www.digitecme.com/ar/mercedes/problems/engine-overheating","https://digitecme.com/ar/brands/mercedes-benz-service-dubai",308,TRUE,FALSE,FALSE,FALSE
"digitecme.com/ar/mercedes/problems/engine-overheating/","https://digitecme.com/ar/brands/mercedes-benz-service-dubai",308,TRUE,FALSE,FALSE,FALSE
"www.digitecme.com/ar/mercedes/problems/engine-overheating/","https://digitecme.com/ar/brands/mercedes-benz-service-dubai",308,TRUE,FALSE,FALSE,FALSE
"digitecme.com/ar/mercedes/problems/gearbox-jerking","https://digitecme.com/ar/brands/mercedes-benz-service-dubai",308,TRUE,FALSE,FALSE,FALSE
"www.digitecme.com/ar/mercedes/problems/gearbox-jerking","https://digitecme.com/ar/brands/mercedes-benz-service-dubai",308,TRUE,FALSE,FALSE,FALSE
"digitecme.com/ar/mercedes/problems/gearbox-jerking/","https://digitecme.com/ar/brands/mercedes-benz-service-dubai",308,TRUE,FALSE,FALSE,FALSE
"www.digitecme.com/ar/mercedes/problems/gearbox-jerking/","https://digitecme.com/ar/brands/mercedes-benz-service-dubai",308,TRUE,FALSE,FALSE,FALSE
"digitecme.com/ar/mercedes/problems/oil-leak","https://digitecme.com/ar/brands/mercedes-benz-service-dubai",308,TRUE,FALSE,FALSE,FALSE
"www.digitecme.com/ar/mercedes/problems/oil-leak","https://digitecme.com/ar/brands/mercedes-benz-service-dubai",308,TRUE,FALSE,FALSE,FALSE
"digitecme.com/ar/mercedes/problems/oil-leak/","https://digitecme.com/ar/brands/mercedes-benz-service-dubai",308,TRUE,FALSE,FALSE,FALSE
"www.digitecme.com/ar/mercedes/problems/oil-leak/","https://digitecme.com/ar/brands/mercedes-benz-service-dubai",308,TRUE,FALSE,FALSE,FALSE
"digitecme.com/ar/mercedes/problems/suspension-dropping-overnight","https://digitecme.com/ar/brands/mercedes-benz-service-dubai",308,TRUE,FALSE,FALSE,FALSE
"www.digitecme.com/ar/mercedes/problems/suspension-dropping-overnight","https://digitecme.com/ar/brands/mercedes-benz-service-dubai",308,TRUE,FALSE,FALSE,FALSE
"digitecme.com/ar/mercedes/problems/suspension-dropping-overnight/","https://digitecme.com/ar/brands/mercedes-benz-service-dubai",308,TRUE,FALSE,FALSE,FALSE
"www.digitecme.com/ar/mercedes/problems/suspension-dropping-overnight/","https://digitecme.com/ar/brands/mercedes-benz-service-dubai",308,TRUE,FALSE,FALSE,FALSE
"digitecme.com/ar/mercedes/problems/transmission-slipping","https://digitecme.com/ar/brands/mercedes-benz-service-dubai",308,TRUE,FALSE,FALSE,FALSE
"www.digitecme.com/ar/mercedes/problems/transmission-slipping","https://digitecme.com/ar/brands/mercedes-benz-service-dubai",308,TRUE,FALSE,FALSE,FALSE
"digitecme.com/ar/mercedes/problems/transmission-slipping/","https://digitecme.com/ar/brands/mercedes-benz-service-dubai",308,TRUE,FALSE,FALSE,FALSE
"www.digitecme.com/ar/mercedes/problems/transmission-slipping/","https://digitecme.com/ar/brands/mercedes-benz-service-dubai",308,TRUE,FALSE,FALSE,FALSE
"digitecme.com/ar/mercedes/problems/wont-start","https://digitecme.com/ar/brands/mercedes-benz-service-dubai",308,TRUE,FALSE,FALSE,FALSE
"www.digitecme.com/ar/mercedes/problems/wont-start","https://digitecme.com/ar/brands/mercedes-benz-service-dubai",308,TRUE,FALSE,FALSE,FALSE
"digitecme.com/ar/mercedes/problems/wont-start/","https://digitecme.com/ar/brands/mercedes-benz-service-dubai",308,TRUE,FALSE,FALSE,FALSE
"www.digitecme.com/ar/mercedes/problems/wont-start/","https://digitecme.com/ar/brands/mercedes-benz-service-dubai",308,TRUE,FALSE,FALSE,FALSE
"digitecme.com/ar/services/mercedes-ac-repair","https://digitecme.com/ar/services/mercedes-ac-repair-dubai",308,TRUE,FALSE,FALSE,FALSE
"www.digitecme.com/ar/services/mercedes-ac-repair","https://digitecme.com/ar/services/mercedes-ac-repair-dubai",308,TRUE,FALSE,FALSE,FALSE
"digitecme.com/ar/services/mercedes-ac-repair/","https://digitecme.com/ar/services/mercedes-ac-repair-dubai",308,TRUE,FALSE,FALSE,FALSE
"www.digitecme.com/ar/services/mercedes-ac-repair/","https://digitecme.com/ar/services/mercedes-ac-repair-dubai",308,TRUE,FALSE,FALSE,FALSE
"digitecme.com/ar/services/mercedes-body-repair","https://digitecme.com/ar/services/mercedes-body-repair-dubai",308,TRUE,FALSE,FALSE,FALSE
"www.digitecme.com/ar/services/mercedes-body-repair","https://digitecme.com/ar/services/mercedes-body-repair-dubai",308,TRUE,FALSE,FALSE,FALSE
"digitecme.com/ar/services/mercedes-body-repair/","https://digitecme.com/ar/services/mercedes-body-repair-dubai",308,TRUE,FALSE,FALSE,FALSE
"www.digitecme.com/ar/services/mercedes-body-repair/","https://digitecme.com/ar/services/mercedes-body-repair-dubai",308,TRUE,FALSE,FALSE,FALSE
"digitecme.com/ar/services/mercedes-brake-repair","https://digitecme.com/ar/services/mercedes-brake-repair-dubai",308,TRUE,FALSE,FALSE,FALSE
"www.digitecme.com/ar/services/mercedes-brake-repair","https://digitecme.com/ar/services/mercedes-brake-repair-dubai",308,TRUE,FALSE,FALSE,FALSE
"digitecme.com/ar/services/mercedes-brake-repair/","https://digitecme.com/ar/services/mercedes-brake-repair-dubai",308,TRUE,FALSE,FALSE,FALSE
"www.digitecme.com/ar/services/mercedes-brake-repair/","https://digitecme.com/ar/services/mercedes-brake-repair-dubai",308,TRUE,FALSE,FALSE,FALSE
"digitecme.com/ar/services/mercedes-oil-change","https://digitecme.com/ar/services/mercedes-oil-change-dubai",308,TRUE,FALSE,FALSE,FALSE
"www.digitecme.com/ar/services/mercedes-oil-change","https://digitecme.com/ar/services/mercedes-oil-change-dubai",308,TRUE,FALSE,FALSE,FALSE
"digitecme.com/ar/services/mercedes-oil-change/","https://digitecme.com/ar/services/mercedes-oil-change-dubai",308,TRUE,FALSE,FALSE,FALSE
"www.digitecme.com/ar/services/mercedes-oil-change/","https://digitecme.com/ar/services/mercedes-oil-change-dubai",308,TRUE,FALSE,FALSE,FALSE
"digitecme.com/ar/services/mercedes-repair","https://digitecme.com/ar/brands/mercedes-benz-service-dubai",308,TRUE,FALSE,FALSE,FALSE
"www.digitecme.com/ar/services/mercedes-repair","https://digitecme.com/ar/brands/mercedes-benz-service-dubai",308,TRUE,FALSE,FALSE,FALSE
"digitecme.com/ar/services/mercedes-repair/","https://digitecme.com/ar/brands/mercedes-benz-service-dubai",308,TRUE,FALSE,FALSE,FALSE
"www.digitecme.com/ar/services/mercedes-repair/","https://digitecme.com/ar/brands/mercedes-benz-service-dubai",308,TRUE,FALSE,FALSE,FALSE
"digitecme.com/ar/services/mercedes-repair-dubai","https://digitecme.com/ar/brands/mercedes-benz-service-dubai",308,TRUE,FALSE,FALSE,FALSE
"www.digitecme.com/ar/services/mercedes-repair-dubai","https://digitecme.com/ar/brands/mercedes-benz-service-dubai",308,TRUE,FALSE,FALSE,FALSE
"digitecme.com/ar/services/mercedes-repair-dubai/","https://digitecme.com/ar/brands/mercedes-benz-service-dubai",308,TRUE,FALSE,FALSE,FALSE
"www.digitecme.com/ar/services/mercedes-repair-dubai/","https://digitecme.com/ar/brands/mercedes-benz-service-dubai",308,TRUE,FALSE,FALSE,FALSE
"digitecme.com/ar/services/mercedes-service-dubai","https://digitecme.com/ar/brands/mercedes-benz-service-dubai",308,TRUE,FALSE,FALSE,FALSE
"www.digitecme.com/ar/services/mercedes-service-dubai","https://digitecme.com/ar/brands/mercedes-benz-service-dubai",308,TRUE,FALSE,FALSE,FALSE
"digitecme.com/ar/services/mercedes-service-dubai/","https://digitecme.com/ar/brands/mercedes-benz-service-dubai",308,TRUE,FALSE,FALSE,FALSE
"www.digitecme.com/ar/services/mercedes-service-dubai/","https://digitecme.com/ar/brands/mercedes-benz-service-dubai",308,TRUE,FALSE,FALSE,FALSE
"digitecme.com/ar/services/mercedes-suspension-repair","https://digitecme.com/ar/services/mercedes-suspension-repair-dubai",308,TRUE,FALSE,FALSE,FALSE
"www.digitecme.com/ar/services/mercedes-suspension-repair","https://digitecme.com/ar/services/mercedes-suspension-repair-dubai",308,TRUE,FALSE,FALSE,FALSE
"digitecme.com/ar/services/mercedes-suspension-repair/","https://digitecme.com/ar/services/mercedes-suspension-repair-dubai",308,TRUE,FALSE,FALSE,FALSE
"www.digitecme.com/ar/services/mercedes-suspension-repair/","https://digitecme.com/ar/services/mercedes-suspension-repair-dubai",308,TRUE,FALSE,FALSE,FALSE
"digitecme.com/ar/services/mercedes-transmission-repair","https://digitecme.com/ar/services/mercedes-transmission-repair-dubai",308,TRUE,FALSE,FALSE,FALSE
"www.digitecme.com/ar/services/mercedes-transmission-repair","https://digitecme.com/ar/services/mercedes-transmission-repair-dubai",308,TRUE,FALSE,FALSE,FALSE
"digitecme.com/ar/services/mercedes-transmission-repair/","https://digitecme.com/ar/services/mercedes-transmission-repair-dubai",308,TRUE,FALSE,FALSE,FALSE
"www.digitecme.com/ar/services/mercedes-transmission-repair/","https://digitecme.com/ar/services/mercedes-transmission-repair-dubai",308,TRUE,FALSE,FALSE,FALSE
"digitecme.com/best-mercedes-workshop-dubai","https://digitecme.com/brands/mercedes-benz-service-dubai",308,TRUE,FALSE,FALSE,FALSE
"www.digitecme.com/best-mercedes-workshop-dubai","https://digitecme.com/brands/mercedes-benz-service-dubai",308,TRUE,FALSE,FALSE,FALSE
"digitecme.com/best-mercedes-workshop-dubai/","https://digitecme.com/brands/mercedes-benz-service-dubai",308,TRUE,FALSE,FALSE,FALSE
"www.digitecme.com/best-mercedes-workshop-dubai/","https://digitecme.com/brands/mercedes-benz-service-dubai",308,TRUE,FALSE,FALSE,FALSE
"digitecme.com/brands/mercedes-benz-service-dubai/ac-repair","https://digitecme.com/services/mercedes-ac-repair-dubai",308,TRUE,FALSE,FALSE,FALSE
"www.digitecme.com/brands/mercedes-benz-service-dubai/ac-repair","https://digitecme.com/services/mercedes-ac-repair-dubai",308,TRUE,FALSE,FALSE,FALSE
"digitecme.com/brands/mercedes-benz-service-dubai/ac-repair/","https://digitecme.com/services/mercedes-ac-repair-dubai",308,TRUE,FALSE,FALSE,FALSE
"www.digitecme.com/brands/mercedes-benz-service-dubai/ac-repair/","https://digitecme.com/services/mercedes-ac-repair-dubai",308,TRUE,FALSE,FALSE,FALSE
"digitecme.com/brands/mercedes-benz-service-dubai/battery-replacement","https://digitecme.com/services/mercedes-battery-replacement-dubai",308,TRUE,FALSE,FALSE,FALSE
"www.digitecme.com/brands/mercedes-benz-service-dubai/battery-replacement","https://digitecme.com/services/mercedes-battery-replacement-dubai",308,TRUE,FALSE,FALSE,FALSE
"digitecme.com/brands/mercedes-benz-service-dubai/battery-replacement/","https://digitecme.com/services/mercedes-battery-replacement-dubai",308,TRUE,FALSE,FALSE,FALSE
"www.digitecme.com/brands/mercedes-benz-service-dubai/battery-replacement/","https://digitecme.com/services/mercedes-battery-replacement-dubai",308,TRUE,FALSE,FALSE,FALSE
"digitecme.com/brands/mercedes-benz-service-dubai/body-repair","https://digitecme.com/services/mercedes-body-repair-dubai",308,TRUE,FALSE,FALSE,FALSE
"www.digitecme.com/brands/mercedes-benz-service-dubai/body-repair","https://digitecme.com/services/mercedes-body-repair-dubai",308,TRUE,FALSE,FALSE,FALSE
"digitecme.com/brands/mercedes-benz-service-dubai/body-repair/","https://digitecme.com/services/mercedes-body-repair-dubai",308,TRUE,FALSE,FALSE,FALSE
"www.digitecme.com/brands/mercedes-benz-service-dubai/body-repair/","https://digitecme.com/services/mercedes-body-repair-dubai",308,TRUE,FALSE,FALSE,FALSE
"digitecme.com/brands/mercedes-benz-service-dubai/brake-repair","https://digitecme.com/services/mercedes-brake-repair-dubai",308,TRUE,FALSE,FALSE,FALSE
"www.digitecme.com/brands/mercedes-benz-service-dubai/brake-repair","https://digitecme.com/services/mercedes-brake-repair-dubai",308,TRUE,FALSE,FALSE,FALSE
"digitecme.com/brands/mercedes-benz-service-dubai/brake-repair/","https://digitecme.com/services/mercedes-brake-repair-dubai",308,TRUE,FALSE,FALSE,FALSE
"www.digitecme.com/brands/mercedes-benz-service-dubai/brake-repair/","https://digitecme.com/services/mercedes-brake-repair-dubai",308,TRUE,FALSE,FALSE,FALSE
"digitecme.com/brands/mercedes-benz-service-dubai/electrical-repair","https://digitecme.com/services/mercedes-electrical-repair-dubai",308,TRUE,FALSE,FALSE,FALSE
"www.digitecme.com/brands/mercedes-benz-service-dubai/electrical-repair","https://digitecme.com/services/mercedes-electrical-repair-dubai",308,TRUE,FALSE,FALSE,FALSE
"digitecme.com/brands/mercedes-benz-service-dubai/electrical-repair/","https://digitecme.com/services/mercedes-electrical-repair-dubai",308,TRUE,FALSE,FALSE,FALSE
"www.digitecme.com/brands/mercedes-benz-service-dubai/electrical-repair/","https://digitecme.com/services/mercedes-electrical-repair-dubai",308,TRUE,FALSE,FALSE,FALSE
"digitecme.com/brands/mercedes-benz-service-dubai/engine-diagnostics","https://digitecme.com/services/mercedes-diagnostics-dubai",308,TRUE,FALSE,FALSE,FALSE
"www.digitecme.com/brands/mercedes-benz-service-dubai/engine-diagnostics","https://digitecme.com/services/mercedes-diagnostics-dubai",308,TRUE,FALSE,FALSE,FALSE
"digitecme.com/brands/mercedes-benz-service-dubai/engine-diagnostics/","https://digitecme.com/services/mercedes-diagnostics-dubai",308,TRUE,FALSE,FALSE,FALSE
"www.digitecme.com/brands/mercedes-benz-service-dubai/engine-diagnostics/","https://digitecme.com/services/mercedes-diagnostics-dubai",308,TRUE,FALSE,FALSE,FALSE
"digitecme.com/brands/mercedes-benz-service-dubai/exhaust-repair","https://digitecme.com/services/mercedes-exhaust-repair-dubai",308,TRUE,FALSE,FALSE,FALSE
"www.digitecme.com/brands/mercedes-benz-service-dubai/exhaust-repair","https://digitecme.com/services/mercedes-exhaust-repair-dubai",308,TRUE,FALSE,FALSE,FALSE
"digitecme.com/brands/mercedes-benz-service-dubai/exhaust-repair/","https://digitecme.com/services/mercedes-exhaust-repair-dubai",308,TRUE,FALSE,FALSE,FALSE
"www.digitecme.com/brands/mercedes-benz-service-dubai/exhaust-repair/","https://digitecme.com/services/mercedes-exhaust-repair-dubai",308,TRUE,FALSE,FALSE,FALSE
"digitecme.com/brands/mercedes-benz-service-dubai/fuel-system-repair","https://digitecme.com/services/mercedes-fuel-system-repair-dubai",308,TRUE,FALSE,FALSE,FALSE
"www.digitecme.com/brands/mercedes-benz-service-dubai/fuel-system-repair","https://digitecme.com/services/mercedes-fuel-system-repair-dubai",308,TRUE,FALSE,FALSE,FALSE
"digitecme.com/brands/mercedes-benz-service-dubai/fuel-system-repair/","https://digitecme.com/services/mercedes-fuel-system-repair-dubai",308,TRUE,FALSE,FALSE,FALSE
"www.digitecme.com/brands/mercedes-benz-service-dubai/fuel-system-repair/","https://digitecme.com/services/mercedes-fuel-system-repair-dubai",308,TRUE,FALSE,FALSE,FALSE
"digitecme.com/brands/mercedes-benz-service-dubai/mechanical-repair","https://digitecme.com/services/mercedes-mechanical-repair-dubai",308,TRUE,FALSE,FALSE,FALSE
"www.digitecme.com/brands/mercedes-benz-service-dubai/mechanical-repair","https://digitecme.com/services/mercedes-mechanical-repair-dubai",308,TRUE,FALSE,FALSE,FALSE
"digitecme.com/brands/mercedes-benz-service-dubai/mechanical-repair/","https://digitecme.com/services/mercedes-mechanical-repair-dubai",308,TRUE,FALSE,FALSE,FALSE
"www.digitecme.com/brands/mercedes-benz-service-dubai/mechanical-repair/","https://digitecme.com/services/mercedes-mechanical-repair-dubai",308,TRUE,FALSE,FALSE,FALSE
"digitecme.com/brands/mercedes-benz-service-dubai/oil-change","https://digitecme.com/services/mercedes-oil-change-dubai",308,TRUE,FALSE,FALSE,FALSE
"www.digitecme.com/brands/mercedes-benz-service-dubai/oil-change","https://digitecme.com/services/mercedes-oil-change-dubai",308,TRUE,FALSE,FALSE,FALSE
"digitecme.com/brands/mercedes-benz-service-dubai/oil-change/","https://digitecme.com/services/mercedes-oil-change-dubai",308,TRUE,FALSE,FALSE,FALSE
"www.digitecme.com/brands/mercedes-benz-service-dubai/oil-change/","https://digitecme.com/services/mercedes-oil-change-dubai",308,TRUE,FALSE,FALSE,FALSE
"digitecme.com/brands/mercedes-benz-service-dubai/steering-repair","https://digitecme.com/services/mercedes-steering-repair-dubai",308,TRUE,FALSE,FALSE,FALSE
"www.digitecme.com/brands/mercedes-benz-service-dubai/steering-repair","https://digitecme.com/services/mercedes-steering-repair-dubai",308,TRUE,FALSE,FALSE,FALSE
"digitecme.com/brands/mercedes-benz-service-dubai/steering-repair/","https://digitecme.com/services/mercedes-steering-repair-dubai",308,TRUE,FALSE,FALSE,FALSE
"www.digitecme.com/brands/mercedes-benz-service-dubai/steering-repair/","https://digitecme.com/services/mercedes-steering-repair-dubai",308,TRUE,FALSE,FALSE,FALSE
"digitecme.com/brands/mercedes-benz-service-dubai/suspension-repair","https://digitecme.com/services/mercedes-suspension-repair-dubai",308,TRUE,FALSE,FALSE,FALSE
"www.digitecme.com/brands/mercedes-benz-service-dubai/suspension-repair","https://digitecme.com/services/mercedes-suspension-repair-dubai",308,TRUE,FALSE,FALSE,FALSE
"digitecme.com/brands/mercedes-benz-service-dubai/suspension-repair/","https://digitecme.com/services/mercedes-suspension-repair-dubai",308,TRUE,FALSE,FALSE,FALSE
"www.digitecme.com/brands/mercedes-benz-service-dubai/suspension-repair/","https://digitecme.com/services/mercedes-suspension-repair-dubai",308,TRUE,FALSE,FALSE,FALSE
"digitecme.com/brands/mercedes-benz-service-dubai/tire-repair","https://digitecme.com/services/mercedes-tire-repair-dubai",308,TRUE,FALSE,FALSE,FALSE
"www.digitecme.com/brands/mercedes-benz-service-dubai/tire-repair","https://digitecme.com/services/mercedes-tire-repair-dubai",308,TRUE,FALSE,FALSE,FALSE
"digitecme.com/brands/mercedes-benz-service-dubai/tire-repair/","https://digitecme.com/services/mercedes-tire-repair-dubai",308,TRUE,FALSE,FALSE,FALSE
"www.digitecme.com/brands/mercedes-benz-service-dubai/tire-repair/","https://digitecme.com/services/mercedes-tire-repair-dubai",308,TRUE,FALSE,FALSE,FALSE
"digitecme.com/brands/mercedes-benz-service-dubai/transmission-repair","https://digitecme.com/services/mercedes-transmission-repair-dubai",308,TRUE,FALSE,FALSE,FALSE
"www.digitecme.com/brands/mercedes-benz-service-dubai/transmission-repair","https://digitecme.com/services/mercedes-transmission-repair-dubai",308,TRUE,FALSE,FALSE,FALSE
"digitecme.com/brands/mercedes-benz-service-dubai/transmission-repair/","https://digitecme.com/services/mercedes-transmission-repair-dubai",308,TRUE,FALSE,FALSE,FALSE
"www.digitecme.com/brands/mercedes-benz-service-dubai/transmission-repair/","https://digitecme.com/services/mercedes-transmission-repair-dubai",308,TRUE,FALSE,FALSE,FALSE
"digitecme.com/mercedes","https://digitecme.com/brands/mercedes-benz-service-dubai",308,TRUE,FALSE,FALSE,FALSE
"www.digitecme.com/mercedes","https://digitecme.com/brands/mercedes-benz-service-dubai",308,TRUE,FALSE,FALSE,FALSE
"digitecme.com/mercedes/","https://digitecme.com/brands/mercedes-benz-service-dubai",308,TRUE,FALSE,FALSE,FALSE
"www.digitecme.com/mercedes/","https://digitecme.com/brands/mercedes-benz-service-dubai",308,TRUE,FALSE,FALSE,FALSE
"digitecme.com/mercedes-ac-repair","https://digitecme.com/services/mercedes-ac-repair-dubai",308,TRUE,FALSE,FALSE,FALSE
"www.digitecme.com/mercedes-ac-repair","https://digitecme.com/services/mercedes-ac-repair-dubai",308,TRUE,FALSE,FALSE,FALSE
"digitecme.com/mercedes-ac-repair/","https://digitecme.com/services/mercedes-ac-repair-dubai",308,TRUE,FALSE,FALSE,FALSE
"www.digitecme.com/mercedes-ac-repair/","https://digitecme.com/services/mercedes-ac-repair-dubai",308,TRUE,FALSE,FALSE,FALSE
"digitecme.com/mercedes-ac-repair-dubai","https://digitecme.com/services/mercedes-ac-repair-dubai",308,TRUE,FALSE,FALSE,FALSE
"www.digitecme.com/mercedes-ac-repair-dubai","https://digitecme.com/services/mercedes-ac-repair-dubai",308,TRUE,FALSE,FALSE,FALSE
"digitecme.com/mercedes-ac-repair-dubai/","https://digitecme.com/services/mercedes-ac-repair-dubai",308,TRUE,FALSE,FALSE,FALSE
"www.digitecme.com/mercedes-ac-repair-dubai/","https://digitecme.com/services/mercedes-ac-repair-dubai",308,TRUE,FALSE,FALSE,FALSE
"digitecme.com/mercedes-body-repair","https://digitecme.com/services/mercedes-body-repair-dubai",308,TRUE,FALSE,FALSE,FALSE
"www.digitecme.com/mercedes-body-repair","https://digitecme.com/services/mercedes-body-repair-dubai",308,TRUE,FALSE,FALSE,FALSE
"digitecme.com/mercedes-body-repair/","https://digitecme.com/services/mercedes-body-repair-dubai",308,TRUE,FALSE,FALSE,FALSE
"www.digitecme.com/mercedes-body-repair/","https://digitecme.com/services/mercedes-body-repair-dubai",308,TRUE,FALSE,FALSE,FALSE
"digitecme.com/mercedes-body-repair-dubai","https://digitecme.com/services/mercedes-body-repair-dubai",308,TRUE,FALSE,FALSE,FALSE
"www.digitecme.com/mercedes-body-repair-dubai","https://digitecme.com/services/mercedes-body-repair-dubai",308,TRUE,FALSE,FALSE,FALSE
"digitecme.com/mercedes-body-repair-dubai/","https://digitecme.com/services/mercedes-body-repair-dubai",308,TRUE,FALSE,FALSE,FALSE
"www.digitecme.com/mercedes-body-repair-dubai/","https://digitecme.com/services/mercedes-body-repair-dubai",308,TRUE,FALSE,FALSE,FALSE
"digitecme.com/mercedes-brake-repair","https://digitecme.com/services/mercedes-brake-repair-dubai",308,TRUE,FALSE,FALSE,FALSE
"www.digitecme.com/mercedes-brake-repair","https://digitecme.com/services/mercedes-brake-repair-dubai",308,TRUE,FALSE,FALSE,FALSE
"digitecme.com/mercedes-brake-repair/","https://digitecme.com/services/mercedes-brake-repair-dubai",308,TRUE,FALSE,FALSE,FALSE
"www.digitecme.com/mercedes-brake-repair/","https://digitecme.com/services/mercedes-brake-repair-dubai",308,TRUE,FALSE,FALSE,FALSE
"digitecme.com/mercedes-brake-repair-dubai","https://digitecme.com/services/mercedes-brake-repair-dubai",308,TRUE,FALSE,FALSE,FALSE
"www.digitecme.com/mercedes-brake-repair-dubai","https://digitecme.com/services/mercedes-brake-repair-dubai",308,TRUE,FALSE,FALSE,FALSE
"digitecme.com/mercedes-brake-repair-dubai/","https://digitecme.com/services/mercedes-brake-repair-dubai",308,TRUE,FALSE,FALSE,FALSE
"www.digitecme.com/mercedes-brake-repair-dubai/","https://digitecme.com/services/mercedes-brake-repair-dubai",308,TRUE,FALSE,FALSE,FALSE
"digitecme.com/mercedes-oil-change","https://digitecme.com/services/mercedes-oil-change-dubai",308,TRUE,FALSE,FALSE,FALSE
"www.digitecme.com/mercedes-oil-change","https://digitecme.com/services/mercedes-oil-change-dubai",308,TRUE,FALSE,FALSE,FALSE
"digitecme.com/mercedes-oil-change/","https://digitecme.com/services/mercedes-oil-change-dubai",308,TRUE,FALSE,FALSE,FALSE
"www.digitecme.com/mercedes-oil-change/","https://digitecme.com/services/mercedes-oil-change-dubai",308,TRUE,FALSE,FALSE,FALSE
"digitecme.com/mercedes-oil-change-dubai","https://digitecme.com/services/mercedes-oil-change-dubai",308,TRUE,FALSE,FALSE,FALSE
"www.digitecme.com/mercedes-oil-change-dubai","https://digitecme.com/services/mercedes-oil-change-dubai",308,TRUE,FALSE,FALSE,FALSE
"digitecme.com/mercedes-oil-change-dubai/","https://digitecme.com/services/mercedes-oil-change-dubai",308,TRUE,FALSE,FALSE,FALSE
"www.digitecme.com/mercedes-oil-change-dubai/","https://digitecme.com/services/mercedes-oil-change-dubai",308,TRUE,FALSE,FALSE,FALSE
"digitecme.com/mercedes-repair","https://digitecme.com/brands/mercedes-benz-service-dubai",308,TRUE,FALSE,FALSE,FALSE
"www.digitecme.com/mercedes-repair","https://digitecme.com/brands/mercedes-benz-service-dubai",308,TRUE,FALSE,FALSE,FALSE
"digitecme.com/mercedes-repair/","https://digitecme.com/brands/mercedes-benz-service-dubai",308,TRUE,FALSE,FALSE,FALSE
"www.digitecme.com/mercedes-repair/","https://digitecme.com/brands/mercedes-benz-service-dubai",308,TRUE,FALSE,FALSE,FALSE
"digitecme.com/mercedes-repair-dubai","https://digitecme.com/brands/mercedes-benz-service-dubai",308,TRUE,FALSE,FALSE,FALSE
"www.digitecme.com/mercedes-repair-dubai","https://digitecme.com/brands/mercedes-benz-service-dubai",308,TRUE,FALSE,FALSE,FALSE
"digitecme.com/mercedes-repair-dubai/","https://digitecme.com/brands/mercedes-benz-service-dubai",308,TRUE,FALSE,FALSE,FALSE
"www.digitecme.com/mercedes-repair-dubai/","https://digitecme.com/brands/mercedes-benz-service-dubai",308,TRUE,FALSE,FALSE,FALSE
"digitecme.com/mercedes-service","https://digitecme.com/brands/mercedes-benz-service-dubai",308,TRUE,FALSE,FALSE,FALSE
"www.digitecme.com/mercedes-service","https://digitecme.com/brands/mercedes-benz-service-dubai",308,TRUE,FALSE,FALSE,FALSE
"digitecme.com/mercedes-service/","https://digitecme.com/brands/mercedes-benz-service-dubai",308,TRUE,FALSE,FALSE,FALSE
"www.digitecme.com/mercedes-service/","https://digitecme.com/brands/mercedes-benz-service-dubai",308,TRUE,FALSE,FALSE,FALSE
"digitecme.com/mercedes-suspension-repair","https://digitecme.com/services/mercedes-suspension-repair-dubai",308,TRUE,FALSE,FALSE,FALSE
"www.digitecme.com/mercedes-suspension-repair","https://digitecme.com/services/mercedes-suspension-repair-dubai",308,TRUE,FALSE,FALSE,FALSE
"digitecme.com/mercedes-suspension-repair/","https://digitecme.com/services/mercedes-suspension-repair-dubai",308,TRUE,FALSE,FALSE,FALSE
"www.digitecme.com/mercedes-suspension-repair/","https://digitecme.com/services/mercedes-suspension-repair-dubai",308,TRUE,FALSE,FALSE,FALSE
"digitecme.com/mercedes-suspension-repair-dubai","https://digitecme.com/services/mercedes-suspension-repair-dubai",308,TRUE,FALSE,FALSE,FALSE
"www.digitecme.com/mercedes-suspension-repair-dubai","https://digitecme.com/services/mercedes-suspension-repair-dubai",308,TRUE,FALSE,FALSE,FALSE
"digitecme.com/mercedes-suspension-repair-dubai/","https://digitecme.com/services/mercedes-suspension-repair-dubai",308,TRUE,FALSE,FALSE,FALSE
"www.digitecme.com/mercedes-suspension-repair-dubai/","https://digitecme.com/services/mercedes-suspension-repair-dubai",308,TRUE,FALSE,FALSE,FALSE
"digitecme.com/mercedes-transmission-repair","https://digitecme.com/services/mercedes-transmission-repair-dubai",308,TRUE,FALSE,FALSE,FALSE
"www.digitecme.com/mercedes-transmission-repair","https://digitecme.com/services/mercedes-transmission-repair-dubai",308,TRUE,FALSE,FALSE,FALSE
"digitecme.com/mercedes-transmission-repair/","https://digitecme.com/services/mercedes-transmission-repair-dubai",308,TRUE,FALSE,FALSE,FALSE
"www.digitecme.com/mercedes-transmission-repair/","https://digitecme.com/services/mercedes-transmission-repair-dubai",308,TRUE,FALSE,FALSE,FALSE
"digitecme.com/mercedes-transmission-repair-dubai","https://digitecme.com/services/mercedes-transmission-repair-dubai",308,TRUE,FALSE,FALSE,FALSE
"www.digitecme.com/mercedes-transmission-repair-dubai","https://digitecme.com/services/mercedes-transmission-repair-dubai",308,TRUE,FALSE,FALSE,FALSE
"digitecme.com/mercedes-transmission-repair-dubai/","https://digitecme.com/services/mercedes-transmission-repair-dubai",308,TRUE,FALSE,FALSE,FALSE
"www.digitecme.com/mercedes-transmission-repair-dubai/","https://digitecme.com/services/mercedes-transmission-repair-dubai",308,TRUE,FALSE,FALSE,FALSE
"digitecme.com/mercedes-workshop","https://digitecme.com/brands/mercedes-benz-service-dubai",308,TRUE,FALSE,FALSE,FALSE
"www.digitecme.com/mercedes-workshop","https://digitecme.com/brands/mercedes-benz-service-dubai",308,TRUE,FALSE,FALSE,FALSE
"digitecme.com/mercedes-workshop/","https://digitecme.com/brands/mercedes-benz-service-dubai",308,TRUE,FALSE,FALSE,FALSE
"www.digitecme.com/mercedes-workshop/","https://digitecme.com/brands/mercedes-benz-service-dubai",308,TRUE,FALSE,FALSE,FALSE
"digitecme.com/services/mercedes-ac-repair","https://digitecme.com/services/mercedes-ac-repair-dubai",308,TRUE,FALSE,FALSE,FALSE
"www.digitecme.com/services/mercedes-ac-repair","https://digitecme.com/services/mercedes-ac-repair-dubai",308,TRUE,FALSE,FALSE,FALSE
"digitecme.com/services/mercedes-ac-repair/","https://digitecme.com/services/mercedes-ac-repair-dubai",308,TRUE,FALSE,FALSE,FALSE
"www.digitecme.com/services/mercedes-ac-repair/","https://digitecme.com/services/mercedes-ac-repair-dubai",308,TRUE,FALSE,FALSE,FALSE
"digitecme.com/services/mercedes-body-repair","https://digitecme.com/services/mercedes-body-repair-dubai",308,TRUE,FALSE,FALSE,FALSE
"www.digitecme.com/services/mercedes-body-repair","https://digitecme.com/services/mercedes-body-repair-dubai",308,TRUE,FALSE,FALSE,FALSE
"digitecme.com/services/mercedes-body-repair/","https://digitecme.com/services/mercedes-body-repair-dubai",308,TRUE,FALSE,FALSE,FALSE
"www.digitecme.com/services/mercedes-body-repair/","https://digitecme.com/services/mercedes-body-repair-dubai",308,TRUE,FALSE,FALSE,FALSE
"digitecme.com/services/mercedes-brake-repair","https://digitecme.com/services/mercedes-brake-repair-dubai",308,TRUE,FALSE,FALSE,FALSE
"www.digitecme.com/services/mercedes-brake-repair","https://digitecme.com/services/mercedes-brake-repair-dubai",308,TRUE,FALSE,FALSE,FALSE
"digitecme.com/services/mercedes-brake-repair/","https://digitecme.com/services/mercedes-brake-repair-dubai",308,TRUE,FALSE,FALSE,FALSE
"www.digitecme.com/services/mercedes-brake-repair/","https://digitecme.com/services/mercedes-brake-repair-dubai",308,TRUE,FALSE,FALSE,FALSE
"digitecme.com/services/mercedes-oil-change","https://digitecme.com/services/mercedes-oil-change-dubai",308,TRUE,FALSE,FALSE,FALSE
"www.digitecme.com/services/mercedes-oil-change","https://digitecme.com/services/mercedes-oil-change-dubai",308,TRUE,FALSE,FALSE,FALSE
"digitecme.com/services/mercedes-oil-change/","https://digitecme.com/services/mercedes-oil-change-dubai",308,TRUE,FALSE,FALSE,FALSE
"www.digitecme.com/services/mercedes-oil-change/","https://digitecme.com/services/mercedes-oil-change-dubai",308,TRUE,FALSE,FALSE,FALSE
"digitecme.com/services/mercedes-repair","https://digitecme.com/brands/mercedes-benz-service-dubai",308,TRUE,FALSE,FALSE,FALSE
"www.digitecme.com/services/mercedes-repair","https://digitecme.com/brands/mercedes-benz-service-dubai",308,TRUE,FALSE,FALSE,FALSE
"digitecme.com/services/mercedes-repair/","https://digitecme.com/brands/mercedes-benz-service-dubai",308,TRUE,FALSE,FALSE,FALSE
"www.digitecme.com/services/mercedes-repair/","https://digitecme.com/brands/mercedes-benz-service-dubai",308,TRUE,FALSE,FALSE,FALSE
"digitecme.com/services/mercedes-repair-dubai","https://digitecme.com/brands/mercedes-benz-service-dubai",308,TRUE,FALSE,FALSE,FALSE
"www.digitecme.com/services/mercedes-repair-dubai","https://digitecme.com/brands/mercedes-benz-service-dubai",308,TRUE,FALSE,FALSE,FALSE
"digitecme.com/services/mercedes-repair-dubai/","https://digitecme.com/brands/mercedes-benz-service-dubai",308,TRUE,FALSE,FALSE,FALSE
"www.digitecme.com/services/mercedes-repair-dubai/","https://digitecme.com/brands/mercedes-benz-service-dubai",308,TRUE,FALSE,FALSE,FALSE
"digitecme.com/services/mercedes-service-dubai","https://digitecme.com/brands/mercedes-benz-service-dubai",308,TRUE,FALSE,FALSE,FALSE
"www.digitecme.com/services/mercedes-service-dubai","https://digitecme.com/brands/mercedes-benz-service-dubai",308,TRUE,FALSE,FALSE,FALSE
"digitecme.com/services/mercedes-service-dubai/","https://digitecme.com/brands/mercedes-benz-service-dubai",308,TRUE,FALSE,FALSE,FALSE
"www.digitecme.com/services/mercedes-service-dubai/","https://digitecme.com/brands/mercedes-benz-service-dubai",308,TRUE,FALSE,FALSE,FALSE
"digitecme.com/services/mercedes-suspension-repair","https://digitecme.com/services/mercedes-suspension-repair-dubai",308,TRUE,FALSE,FALSE,FALSE
"www.digitecme.com/services/mercedes-suspension-repair","https://digitecme.com/services/mercedes-suspension-repair-dubai",308,TRUE,FALSE,FALSE,FALSE
"digitecme.com/services/mercedes-suspension-repair/","https://digitecme.com/services/mercedes-suspension-repair-dubai",308,TRUE,FALSE,FALSE,FALSE
"www.digitecme.com/services/mercedes-suspension-repair/","https://digitecme.com/services/mercedes-suspension-repair-dubai",308,TRUE,FALSE,FALSE,FALSE
"digitecme.com/services/mercedes-transmission-repair","https://digitecme.com/services/mercedes-transmission-repair-dubai",308,TRUE,FALSE,FALSE,FALSE
"www.digitecme.com/services/mercedes-transmission-repair","https://digitecme.com/services/mercedes-transmission-repair-dubai",308,TRUE,FALSE,FALSE,FALSE
"digitecme.com/services/mercedes-transmission-repair/","https://digitecme.com/services/mercedes-transmission-repair-dubai",308,TRUE,FALSE,FALSE,FALSE
"www.digitecme.com/services/mercedes-transmission-repair/","https://digitecme.com/services/mercedes-transmission-repair-dubai",308,TRUE,FALSE,FALSE,FALSE
"digitecme.com/ar/blog/mercedes-amg-gt-black-series-1300hp-build-dubai/","https://digitecme.com/ar/blog/mercedes-amg-gt-black-series-1300hp-build-dubai",308,TRUE,FALSE,FALSE,FALSE
"www.digitecme.com/ar/blog/mercedes-amg-gt-black-series-1300hp-build-dubai/","https://digitecme.com/ar/blog/mercedes-amg-gt-black-series-1300hp-build-dubai",308,TRUE,FALSE,FALSE,FALSE
"digitecme.com/ar/blog/mercedes-amg-gt-tuning-dubai/","https://digitecme.com/ar/blog/mercedes-amg-gt-tuning-dubai",308,TRUE,FALSE,FALSE,FALSE
"www.digitecme.com/ar/blog/mercedes-amg-gt-tuning-dubai/","https://digitecme.com/ar/blog/mercedes-amg-gt-tuning-dubai",308,TRUE,FALSE,FALSE,FALSE
"digitecme.com/ar/blog/mercedes-benz-maintenance-guide-dubai/","https://digitecme.com/ar/blog/mercedes-benz-maintenance-guide-dubai",308,TRUE,FALSE,FALSE,FALSE
"www.digitecme.com/ar/blog/mercedes-benz-maintenance-guide-dubai/","https://digitecme.com/ar/blog/mercedes-benz-maintenance-guide-dubai",308,TRUE,FALSE,FALSE,FALSE
"digitecme.com/ar/blog/mercedes-c-class-service-dubai-guide/","https://digitecme.com/ar/blog/mercedes-c-class-service-dubai-guide",308,TRUE,FALSE,FALSE,FALSE
"www.digitecme.com/ar/blog/mercedes-c-class-service-dubai-guide/","https://digitecme.com/ar/blog/mercedes-c-class-service-dubai-guide",308,TRUE,FALSE,FALSE,FALSE
"digitecme.com/ar/blog/mercedes-e-class-service-dubai-guide/","https://digitecme.com/ar/blog/mercedes-e-class-service-dubai-guide",308,TRUE,FALSE,FALSE,FALSE
"www.digitecme.com/ar/blog/mercedes-e-class-service-dubai-guide/","https://digitecme.com/ar/blog/mercedes-e-class-service-dubai-guide",308,TRUE,FALSE,FALSE,FALSE
"digitecme.com/ar/blog/mercedes-g63-service-dubai-guide/","https://digitecme.com/ar/blog/mercedes-g63-service-dubai-guide",308,TRUE,FALSE,FALSE,FALSE
"www.digitecme.com/ar/blog/mercedes-g63-service-dubai-guide/","https://digitecme.com/ar/blog/mercedes-g63-service-dubai-guide",308,TRUE,FALSE,FALSE,FALSE
"digitecme.com/ar/blog/mercedes-repair-dubai-complete-guide/","https://digitecme.com/ar/blog/mercedes-repair-dubai-complete-guide",308,TRUE,FALSE,FALSE,FALSE
"www.digitecme.com/ar/blog/mercedes-repair-dubai-complete-guide/","https://digitecme.com/ar/blog/mercedes-repair-dubai-complete-guide",308,TRUE,FALSE,FALSE,FALSE
"digitecme.com/ar/blog/mercedes-s-class-service-dubai-guide/","https://digitecme.com/ar/blog/mercedes-s-class-service-dubai-guide",308,TRUE,FALSE,FALSE,FALSE
"www.digitecme.com/ar/blog/mercedes-s-class-service-dubai-guide/","https://digitecme.com/ar/blog/mercedes-s-class-service-dubai-guide",308,TRUE,FALSE,FALSE,FALSE
"digitecme.com/ar/blog/mercedes-service-cost-dubai-guide/","https://digitecme.com/ar/blog/mercedes-service-cost-dubai-guide",308,TRUE,FALSE,FALSE,FALSE
"www.digitecme.com/ar/blog/mercedes-service-cost-dubai-guide/","https://digitecme.com/ar/blog/mercedes-service-cost-dubai-guide",308,TRUE,FALSE,FALSE,FALSE
"digitecme.com/ar/blog/mercedes-service-intervals-dubai-heat/","https://digitecme.com/ar/blog/mercedes-service-intervals-dubai-heat",308,TRUE,FALSE,FALSE,FALSE
"www.digitecme.com/ar/blog/mercedes-service-intervals-dubai-heat/","https://digitecme.com/ar/blog/mercedes-service-intervals-dubai-heat",308,TRUE,FALSE,FALSE,FALSE
"digitecme.com/ar/brands/mercedes-benz-service-dubai/","https://digitecme.com/ar/brands/mercedes-benz-service-dubai",308,TRUE,FALSE,FALSE,FALSE
"www.digitecme.com/ar/brands/mercedes-benz-service-dubai/","https://digitecme.com/ar/brands/mercedes-benz-service-dubai",308,TRUE,FALSE,FALSE,FALSE
"digitecme.com/ar/services/mercedes-ac-repair-dubai/","https://digitecme.com/ar/services/mercedes-ac-repair-dubai",308,TRUE,FALSE,FALSE,FALSE
"www.digitecme.com/ar/services/mercedes-ac-repair-dubai/","https://digitecme.com/ar/services/mercedes-ac-repair-dubai",308,TRUE,FALSE,FALSE,FALSE
"digitecme.com/ar/services/mercedes-battery-replacement-dubai/","https://digitecme.com/ar/services/mercedes-battery-replacement-dubai",308,TRUE,FALSE,FALSE,FALSE
"www.digitecme.com/ar/services/mercedes-battery-replacement-dubai/","https://digitecme.com/ar/services/mercedes-battery-replacement-dubai",308,TRUE,FALSE,FALSE,FALSE
"digitecme.com/ar/services/mercedes-body-repair-dubai/","https://digitecme.com/ar/services/mercedes-body-repair-dubai",308,TRUE,FALSE,FALSE,FALSE
"www.digitecme.com/ar/services/mercedes-body-repair-dubai/","https://digitecme.com/ar/services/mercedes-body-repair-dubai",308,TRUE,FALSE,FALSE,FALSE
"digitecme.com/ar/services/mercedes-brake-repair-dubai/","https://digitecme.com/ar/services/mercedes-brake-repair-dubai",308,TRUE,FALSE,FALSE,FALSE
"www.digitecme.com/ar/services/mercedes-brake-repair-dubai/","https://digitecme.com/ar/services/mercedes-brake-repair-dubai",308,TRUE,FALSE,FALSE,FALSE
"digitecme.com/ar/services/mercedes-diagnostics-dubai/","https://digitecme.com/ar/services/mercedes-diagnostics-dubai",308,TRUE,FALSE,FALSE,FALSE
"www.digitecme.com/ar/services/mercedes-diagnostics-dubai/","https://digitecme.com/ar/services/mercedes-diagnostics-dubai",308,TRUE,FALSE,FALSE,FALSE
"digitecme.com/ar/services/mercedes-electrical-repair-dubai/","https://digitecme.com/ar/services/mercedes-electrical-repair-dubai",308,TRUE,FALSE,FALSE,FALSE
"www.digitecme.com/ar/services/mercedes-electrical-repair-dubai/","https://digitecme.com/ar/services/mercedes-electrical-repair-dubai",308,TRUE,FALSE,FALSE,FALSE
"digitecme.com/ar/services/mercedes-exhaust-repair-dubai/","https://digitecme.com/ar/services/mercedes-exhaust-repair-dubai",308,TRUE,FALSE,FALSE,FALSE
"www.digitecme.com/ar/services/mercedes-exhaust-repair-dubai/","https://digitecme.com/ar/services/mercedes-exhaust-repair-dubai",308,TRUE,FALSE,FALSE,FALSE
"digitecme.com/ar/services/mercedes-fuel-system-repair-dubai/","https://digitecme.com/ar/services/mercedes-fuel-system-repair-dubai",308,TRUE,FALSE,FALSE,FALSE
"www.digitecme.com/ar/services/mercedes-fuel-system-repair-dubai/","https://digitecme.com/ar/services/mercedes-fuel-system-repair-dubai",308,TRUE,FALSE,FALSE,FALSE
"digitecme.com/ar/services/mercedes-mechanical-repair-dubai/","https://digitecme.com/ar/services/mercedes-mechanical-repair-dubai",308,TRUE,FALSE,FALSE,FALSE
"www.digitecme.com/ar/services/mercedes-mechanical-repair-dubai/","https://digitecme.com/ar/services/mercedes-mechanical-repair-dubai",308,TRUE,FALSE,FALSE,FALSE
"digitecme.com/ar/services/mercedes-oil-change-dubai/","https://digitecme.com/ar/services/mercedes-oil-change-dubai",308,TRUE,FALSE,FALSE,FALSE
"www.digitecme.com/ar/services/mercedes-oil-change-dubai/","https://digitecme.com/ar/services/mercedes-oil-change-dubai",308,TRUE,FALSE,FALSE,FALSE
"digitecme.com/ar/services/mercedes-steering-repair-dubai/","https://digitecme.com/ar/services/mercedes-steering-repair-dubai",308,TRUE,FALSE,FALSE,FALSE
"www.digitecme.com/ar/services/mercedes-steering-repair-dubai/","https://digitecme.com/ar/services/mercedes-steering-repair-dubai",308,TRUE,FALSE,FALSE,FALSE
"digitecme.com/ar/services/mercedes-suspension-repair-dubai/","https://digitecme.com/ar/services/mercedes-suspension-repair-dubai",308,TRUE,FALSE,FALSE,FALSE
"www.digitecme.com/ar/services/mercedes-suspension-repair-dubai/","https://digitecme.com/ar/services/mercedes-suspension-repair-dubai",308,TRUE,FALSE,FALSE,FALSE
"digitecme.com/ar/services/mercedes-tire-repair-dubai/","https://digitecme.com/ar/services/mercedes-tire-repair-dubai",308,TRUE,FALSE,FALSE,FALSE
"www.digitecme.com/ar/services/mercedes-tire-repair-dubai/","https://digitecme.com/ar/services/mercedes-tire-repair-dubai",308,TRUE,FALSE,FALSE,FALSE
"digitecme.com/ar/services/mercedes-transmission-repair-dubai/","https://digitecme.com/ar/services/mercedes-transmission-repair-dubai",308,TRUE,FALSE,FALSE,FALSE
"www.digitecme.com/ar/services/mercedes-transmission-repair-dubai/","https://digitecme.com/ar/services/mercedes-transmission-repair-dubai",308,TRUE,FALSE,FALSE,FALSE
"digitecme.com/blog/mercedes-amg-gt-black-series-1300hp-build-dubai/","https://digitecme.com/blog/mercedes-amg-gt-black-series-1300hp-build-dubai",308,TRUE,FALSE,FALSE,FALSE
"www.digitecme.com/blog/mercedes-amg-gt-black-series-1300hp-build-dubai/","https://digitecme.com/blog/mercedes-amg-gt-black-series-1300hp-build-dubai",308,TRUE,FALSE,FALSE,FALSE
"digitecme.com/blog/mercedes-amg-gt-tuning-dubai/","https://digitecme.com/blog/mercedes-amg-gt-tuning-dubai",308,TRUE,FALSE,FALSE,FALSE
"www.digitecme.com/blog/mercedes-amg-gt-tuning-dubai/","https://digitecme.com/blog/mercedes-amg-gt-tuning-dubai",308,TRUE,FALSE,FALSE,FALSE
"digitecme.com/blog/mercedes-benz-maintenance-guide-dubai/","https://digitecme.com/blog/mercedes-benz-maintenance-guide-dubai",308,TRUE,FALSE,FALSE,FALSE
"www.digitecme.com/blog/mercedes-benz-maintenance-guide-dubai/","https://digitecme.com/blog/mercedes-benz-maintenance-guide-dubai",308,TRUE,FALSE,FALSE,FALSE
"digitecme.com/blog/mercedes-c-class-service-dubai-guide/","https://digitecme.com/blog/mercedes-c-class-service-dubai-guide",308,TRUE,FALSE,FALSE,FALSE
"www.digitecme.com/blog/mercedes-c-class-service-dubai-guide/","https://digitecme.com/blog/mercedes-c-class-service-dubai-guide",308,TRUE,FALSE,FALSE,FALSE
"digitecme.com/blog/mercedes-e-class-service-dubai-guide/","https://digitecme.com/blog/mercedes-e-class-service-dubai-guide",308,TRUE,FALSE,FALSE,FALSE
"www.digitecme.com/blog/mercedes-e-class-service-dubai-guide/","https://digitecme.com/blog/mercedes-e-class-service-dubai-guide",308,TRUE,FALSE,FALSE,FALSE
"digitecme.com/blog/mercedes-g63-service-dubai-guide/","https://digitecme.com/blog/mercedes-g63-service-dubai-guide",308,TRUE,FALSE,FALSE,FALSE
"www.digitecme.com/blog/mercedes-g63-service-dubai-guide/","https://digitecme.com/blog/mercedes-g63-service-dubai-guide",308,TRUE,FALSE,FALSE,FALSE
"digitecme.com/blog/mercedes-repair-dubai-complete-guide/","https://digitecme.com/blog/mercedes-repair-dubai-complete-guide",308,TRUE,FALSE,FALSE,FALSE
"www.digitecme.com/blog/mercedes-repair-dubai-complete-guide/","https://digitecme.com/blog/mercedes-repair-dubai-complete-guide",308,TRUE,FALSE,FALSE,FALSE
"digitecme.com/blog/mercedes-s-class-service-dubai-guide/","https://digitecme.com/blog/mercedes-s-class-service-dubai-guide",308,TRUE,FALSE,FALSE,FALSE
"www.digitecme.com/blog/mercedes-s-class-service-dubai-guide/","https://digitecme.com/blog/mercedes-s-class-service-dubai-guide",308,TRUE,FALSE,FALSE,FALSE
"digitecme.com/blog/mercedes-service-cost-dubai-guide/","https://digitecme.com/blog/mercedes-service-cost-dubai-guide",308,TRUE,FALSE,FALSE,FALSE
"www.digitecme.com/blog/mercedes-service-cost-dubai-guide/","https://digitecme.com/blog/mercedes-service-cost-dubai-guide",308,TRUE,FALSE,FALSE,FALSE
"digitecme.com/blog/mercedes-service-intervals-dubai-heat/","https://digitecme.com/blog/mercedes-service-intervals-dubai-heat",308,TRUE,FALSE,FALSE,FALSE
"www.digitecme.com/blog/mercedes-service-intervals-dubai-heat/","https://digitecme.com/blog/mercedes-service-intervals-dubai-heat",308,TRUE,FALSE,FALSE,FALSE
"digitecme.com/brands/mercedes-benz-service-dubai/","https://digitecme.com/brands/mercedes-benz-service-dubai",308,TRUE,FALSE,FALSE,FALSE
"www.digitecme.com/brands/mercedes-benz-service-dubai/","https://digitecme.com/brands/mercedes-benz-service-dubai",308,TRUE,FALSE,FALSE,FALSE
"digitecme.com/mercedes/models/c63-service-repair-dubai/","https://digitecme.com/mercedes/models/c63-service-repair-dubai",308,TRUE,FALSE,FALSE,FALSE
"www.digitecme.com/mercedes/models/c63-service-repair-dubai/","https://digitecme.com/mercedes/models/c63-service-repair-dubai",308,TRUE,FALSE,FALSE,FALSE
"digitecme.com/mercedes/models/e63-service-repair-dubai/","https://digitecme.com/mercedes/models/e63-service-repair-dubai",308,TRUE,FALSE,FALSE,FALSE
"www.digitecme.com/mercedes/models/e63-service-repair-dubai/","https://digitecme.com/mercedes/models/e63-service-repair-dubai",308,TRUE,FALSE,FALSE,FALSE
"digitecme.com/mercedes/models/g-class-service-repair-dubai/","https://digitecme.com/mercedes/models/g-class-service-repair-dubai",308,TRUE,FALSE,FALSE,FALSE
"www.digitecme.com/mercedes/models/g-class-service-repair-dubai/","https://digitecme.com/mercedes/models/g-class-service-repair-dubai",308,TRUE,FALSE,FALSE,FALSE
"digitecme.com/mercedes/models/gle-service-repair-dubai/","https://digitecme.com/mercedes/models/gle-service-repair-dubai",308,TRUE,FALSE,FALSE,FALSE
"www.digitecme.com/mercedes/models/gle-service-repair-dubai/","https://digitecme.com/mercedes/models/gle-service-repair-dubai",308,TRUE,FALSE,FALSE,FALSE
"digitecme.com/mercedes/models/gls-service-repair-dubai/","https://digitecme.com/mercedes/models/gls-service-repair-dubai",308,TRUE,FALSE,FALSE,FALSE
"www.digitecme.com/mercedes/models/gls-service-repair-dubai/","https://digitecme.com/mercedes/models/gls-service-repair-dubai",308,TRUE,FALSE,FALSE,FALSE
"digitecme.com/mercedes/models/s63-service-repair-dubai/","https://digitecme.com/mercedes/models/s63-service-repair-dubai",308,TRUE,FALSE,FALSE,FALSE
"www.digitecme.com/mercedes/models/s63-service-repair-dubai/","https://digitecme.com/mercedes/models/s63-service-repair-dubai",308,TRUE,FALSE,FALSE,FALSE
"digitecme.com/mercedes/problems/","https://digitecme.com/mercedes/problems",308,TRUE,FALSE,FALSE,FALSE
"www.digitecme.com/mercedes/problems/","https://digitecme.com/mercedes/problems",308,TRUE,FALSE,FALSE,FALSE
"digitecme.com/mercedes/problems/ac-not-cooling/","https://digitecme.com/mercedes/problems/ac-not-cooling",308,TRUE,FALSE,FALSE,FALSE
"www.digitecme.com/mercedes/problems/ac-not-cooling/","https://digitecme.com/mercedes/problems/ac-not-cooling",308,TRUE,FALSE,FALSE,FALSE
"digitecme.com/mercedes/problems/airmatic-malfunction/","https://digitecme.com/mercedes/problems/airmatic-malfunction",308,TRUE,FALSE,FALSE,FALSE
"www.digitecme.com/mercedes/problems/airmatic-malfunction/","https://digitecme.com/mercedes/problems/airmatic-malfunction",308,TRUE,FALSE,FALSE,FALSE
"digitecme.com/mercedes/problems/battery-warning/","https://digitecme.com/mercedes/problems/battery-warning",308,TRUE,FALSE,FALSE,FALSE
"www.digitecme.com/mercedes/problems/battery-warning/","https://digitecme.com/mercedes/problems/battery-warning",308,TRUE,FALSE,FALSE,FALSE
"digitecme.com/mercedes/problems/check-engine-light/","https://digitecme.com/mercedes/problems/check-engine-light",308,TRUE,FALSE,FALSE,FALSE
"www.digitecme.com/mercedes/problems/check-engine-light/","https://digitecme.com/mercedes/problems/check-engine-light",308,TRUE,FALSE,FALSE,FALSE
"digitecme.com/mercedes/problems/engine-overheating/","https://digitecme.com/mercedes/problems/engine-overheating",308,TRUE,FALSE,FALSE,FALSE
"www.digitecme.com/mercedes/problems/engine-overheating/","https://digitecme.com/mercedes/problems/engine-overheating",308,TRUE,FALSE,FALSE,FALSE
"digitecme.com/mercedes/problems/gearbox-jerking/","https://digitecme.com/mercedes/problems/gearbox-jerking",308,TRUE,FALSE,FALSE,FALSE
"www.digitecme.com/mercedes/problems/gearbox-jerking/","https://digitecme.com/mercedes/problems/gearbox-jerking",308,TRUE,FALSE,FALSE,FALSE
"digitecme.com/mercedes/problems/oil-leak/","https://digitecme.com/mercedes/problems/oil-leak",308,TRUE,FALSE,FALSE,FALSE
"www.digitecme.com/mercedes/problems/oil-leak/","https://digitecme.com/mercedes/problems/oil-leak",308,TRUE,FALSE,FALSE,FALSE
"digitecme.com/mercedes/problems/suspension-dropping-overnight/","https://digitecme.com/mercedes/problems/suspension-dropping-overnight",308,TRUE,FALSE,FALSE,FALSE
"www.digitecme.com/mercedes/problems/suspension-dropping-overnight/","https://digitecme.com/mercedes/problems/suspension-dropping-overnight",308,TRUE,FALSE,FALSE,FALSE
"digitecme.com/mercedes/problems/transmission-slipping/","https://digitecme.com/mercedes/problems/transmission-slipping",308,TRUE,FALSE,FALSE,FALSE
"www.digitecme.com/mercedes/problems/transmission-slipping/","https://digitecme.com/mercedes/problems/transmission-slipping",308,TRUE,FALSE,FALSE,FALSE
"digitecme.com/mercedes/problems/wont-start/","https://digitecme.com/mercedes/problems/wont-start",308,TRUE,FALSE,FALSE,FALSE
"www.digitecme.com/mercedes/problems/wont-start/","https://digitecme.com/mercedes/problems/wont-start",308,TRUE,FALSE,FALSE,FALSE
"digitecme.com/services/mercedes-ac-repair-dubai/","https://digitecme.com/services/mercedes-ac-repair-dubai",308,TRUE,FALSE,FALSE,FALSE
"www.digitecme.com/services/mercedes-ac-repair-dubai/","https://digitecme.com/services/mercedes-ac-repair-dubai",308,TRUE,FALSE,FALSE,FALSE
"digitecme.com/services/mercedes-audio-upgrade-dubai/","https://digitecme.com/services/mercedes-audio-upgrade-dubai",308,TRUE,FALSE,FALSE,FALSE
"www.digitecme.com/services/mercedes-audio-upgrade-dubai/","https://digitecme.com/services/mercedes-audio-upgrade-dubai",308,TRUE,FALSE,FALSE,FALSE
"digitecme.com/services/mercedes-battery-replacement-dubai/","https://digitecme.com/services/mercedes-battery-replacement-dubai",308,TRUE,FALSE,FALSE,FALSE
"www.digitecme.com/services/mercedes-battery-replacement-dubai/","https://digitecme.com/services/mercedes-battery-replacement-dubai",308,TRUE,FALSE,FALSE,FALSE
"digitecme.com/services/mercedes-body-repair-dubai/","https://digitecme.com/services/mercedes-body-repair-dubai",308,TRUE,FALSE,FALSE,FALSE
"www.digitecme.com/services/mercedes-body-repair-dubai/","https://digitecme.com/services/mercedes-body-repair-dubai",308,TRUE,FALSE,FALSE,FALSE
"digitecme.com/services/mercedes-brake-repair-dubai/","https://digitecme.com/services/mercedes-brake-repair-dubai",308,TRUE,FALSE,FALSE,FALSE
"www.digitecme.com/services/mercedes-brake-repair-dubai/","https://digitecme.com/services/mercedes-brake-repair-dubai",308,TRUE,FALSE,FALSE,FALSE
"digitecme.com/services/mercedes-diagnostics-dubai/","https://digitecme.com/services/mercedes-diagnostics-dubai",308,TRUE,FALSE,FALSE,FALSE
"www.digitecme.com/services/mercedes-diagnostics-dubai/","https://digitecme.com/services/mercedes-diagnostics-dubai",308,TRUE,FALSE,FALSE,FALSE
"digitecme.com/services/mercedes-electrical-repair-dubai/","https://digitecme.com/services/mercedes-electrical-repair-dubai",308,TRUE,FALSE,FALSE,FALSE
"www.digitecme.com/services/mercedes-electrical-repair-dubai/","https://digitecme.com/services/mercedes-electrical-repair-dubai",308,TRUE,FALSE,FALSE,FALSE
"digitecme.com/services/mercedes-exhaust-repair-dubai/","https://digitecme.com/services/mercedes-exhaust-repair-dubai",308,TRUE,FALSE,FALSE,FALSE
"www.digitecme.com/services/mercedes-exhaust-repair-dubai/","https://digitecme.com/services/mercedes-exhaust-repair-dubai",308,TRUE,FALSE,FALSE,FALSE
"digitecme.com/services/mercedes-fuel-system-repair-dubai/","https://digitecme.com/services/mercedes-fuel-system-repair-dubai",308,TRUE,FALSE,FALSE,FALSE
"www.digitecme.com/services/mercedes-fuel-system-repair-dubai/","https://digitecme.com/services/mercedes-fuel-system-repair-dubai",308,TRUE,FALSE,FALSE,FALSE
"digitecme.com/services/mercedes-mechanical-repair-dubai/","https://digitecme.com/services/mercedes-mechanical-repair-dubai",308,TRUE,FALSE,FALSE,FALSE
"www.digitecme.com/services/mercedes-mechanical-repair-dubai/","https://digitecme.com/services/mercedes-mechanical-repair-dubai",308,TRUE,FALSE,FALSE,FALSE
"digitecme.com/services/mercedes-oil-change-dubai/","https://digitecme.com/services/mercedes-oil-change-dubai",308,TRUE,FALSE,FALSE,FALSE
"www.digitecme.com/services/mercedes-oil-change-dubai/","https://digitecme.com/services/mercedes-oil-change-dubai",308,TRUE,FALSE,FALSE,FALSE
"digitecme.com/services/mercedes-steering-repair-dubai/","https://digitecme.com/services/mercedes-steering-repair-dubai",308,TRUE,FALSE,FALSE,FALSE
"www.digitecme.com/services/mercedes-steering-repair-dubai/","https://digitecme.com/services/mercedes-steering-repair-dubai",308,TRUE,FALSE,FALSE,FALSE
"digitecme.com/services/mercedes-suspension-repair-dubai/","https://digitecme.com/services/mercedes-suspension-repair-dubai",308,TRUE,FALSE,FALSE,FALSE
"www.digitecme.com/services/mercedes-suspension-repair-dubai/","https://digitecme.com/services/mercedes-suspension-repair-dubai",308,TRUE,FALSE,FALSE,FALSE
"digitecme.com/services/mercedes-tire-repair-dubai/","https://digitecme.com/services/mercedes-tire-repair-dubai",308,TRUE,FALSE,FALSE,FALSE
"www.digitecme.com/services/mercedes-tire-repair-dubai/","https://digitecme.com/services/mercedes-tire-repair-dubai",308,TRUE,FALSE,FALSE,FALSE
"digitecme.com/services/mercedes-transmission-repair-dubai/","https://digitecme.com/services/mercedes-transmission-repair-dubai",308,TRUE,FALSE,FALSE,FALSE
"www.digitecme.com/services/mercedes-transmission-repair-dubai/","https://digitecme.com/services/mercedes-transmission-repair-dubai",308,TRUE,FALSE,FALSE,FALSE
"www.digitecme.com/ar/blog/mercedes-amg-gt-black-series-1300hp-build-dubai","https://digitecme.com/ar/blog/mercedes-amg-gt-black-series-1300hp-build-dubai",308,TRUE,FALSE,FALSE,FALSE
"http://digitecme.com/ar/blog/mercedes-amg-gt-black-series-1300hp-build-dubai","https://digitecme.com/ar/blog/mercedes-amg-gt-black-series-1300hp-build-dubai",308,TRUE,FALSE,FALSE,FALSE
"www.digitecme.com/ar/blog/mercedes-amg-gt-tuning-dubai","https://digitecme.com/ar/blog/mercedes-amg-gt-tuning-dubai",308,TRUE,FALSE,FALSE,FALSE
"http://digitecme.com/ar/blog/mercedes-amg-gt-tuning-dubai","https://digitecme.com/ar/blog/mercedes-amg-gt-tuning-dubai",308,TRUE,FALSE,FALSE,FALSE
"www.digitecme.com/ar/blog/mercedes-benz-maintenance-guide-dubai","https://digitecme.com/ar/blog/mercedes-benz-maintenance-guide-dubai",308,TRUE,FALSE,FALSE,FALSE
"http://digitecme.com/ar/blog/mercedes-benz-maintenance-guide-dubai","https://digitecme.com/ar/blog/mercedes-benz-maintenance-guide-dubai",308,TRUE,FALSE,FALSE,FALSE
"www.digitecme.com/ar/blog/mercedes-c-class-service-dubai-guide","https://digitecme.com/ar/blog/mercedes-c-class-service-dubai-guide",308,TRUE,FALSE,FALSE,FALSE
"http://digitecme.com/ar/blog/mercedes-c-class-service-dubai-guide","https://digitecme.com/ar/blog/mercedes-c-class-service-dubai-guide",308,TRUE,FALSE,FALSE,FALSE
"www.digitecme.com/ar/blog/mercedes-e-class-service-dubai-guide","https://digitecme.com/ar/blog/mercedes-e-class-service-dubai-guide",308,TRUE,FALSE,FALSE,FALSE
"http://digitecme.com/ar/blog/mercedes-e-class-service-dubai-guide","https://digitecme.com/ar/blog/mercedes-e-class-service-dubai-guide",308,TRUE,FALSE,FALSE,FALSE
"www.digitecme.com/ar/blog/mercedes-g63-service-dubai-guide","https://digitecme.com/ar/blog/mercedes-g63-service-dubai-guide",308,TRUE,FALSE,FALSE,FALSE
"http://digitecme.com/ar/blog/mercedes-g63-service-dubai-guide","https://digitecme.com/ar/blog/mercedes-g63-service-dubai-guide",308,TRUE,FALSE,FALSE,FALSE
"www.digitecme.com/ar/blog/mercedes-repair-dubai-complete-guide","https://digitecme.com/ar/blog/mercedes-repair-dubai-complete-guide",308,TRUE,FALSE,FALSE,FALSE
"http://digitecme.com/ar/blog/mercedes-repair-dubai-complete-guide","https://digitecme.com/ar/blog/mercedes-repair-dubai-complete-guide",308,TRUE,FALSE,FALSE,FALSE
"www.digitecme.com/ar/blog/mercedes-s-class-service-dubai-guide","https://digitecme.com/ar/blog/mercedes-s-class-service-dubai-guide",308,TRUE,FALSE,FALSE,FALSE
"http://digitecme.com/ar/blog/mercedes-s-class-service-dubai-guide","https://digitecme.com/ar/blog/mercedes-s-class-service-dubai-guide",308,TRUE,FALSE,FALSE,FALSE
"www.digitecme.com/ar/blog/mercedes-service-cost-dubai-guide","https://digitecme.com/ar/blog/mercedes-service-cost-dubai-guide",308,TRUE,FALSE,FALSE,FALSE
"http://digitecme.com/ar/blog/mercedes-service-cost-dubai-guide","https://digitecme.com/ar/blog/mercedes-service-cost-dubai-guide",308,TRUE,FALSE,FALSE,FALSE
"www.digitecme.com/ar/blog/mercedes-service-intervals-dubai-heat","https://digitecme.com/ar/blog/mercedes-service-intervals-dubai-heat",308,TRUE,FALSE,FALSE,FALSE
"http://digitecme.com/ar/blog/mercedes-service-intervals-dubai-heat","https://digitecme.com/ar/blog/mercedes-service-intervals-dubai-heat",308,TRUE,FALSE,FALSE,FALSE
"www.digitecme.com/ar/brands/mercedes-benz-service-dubai","https://digitecme.com/ar/brands/mercedes-benz-service-dubai",308,TRUE,FALSE,FALSE,FALSE
"http://digitecme.com/ar/brands/mercedes-benz-service-dubai","https://digitecme.com/ar/brands/mercedes-benz-service-dubai",308,TRUE,FALSE,FALSE,FALSE
"www.digitecme.com/ar/services/mercedes-ac-repair-dubai","https://digitecme.com/ar/services/mercedes-ac-repair-dubai",308,TRUE,FALSE,FALSE,FALSE
"http://digitecme.com/ar/services/mercedes-ac-repair-dubai","https://digitecme.com/ar/services/mercedes-ac-repair-dubai",308,TRUE,FALSE,FALSE,FALSE
"www.digitecme.com/ar/services/mercedes-battery-replacement-dubai","https://digitecme.com/ar/services/mercedes-battery-replacement-dubai",308,TRUE,FALSE,FALSE,FALSE
"http://digitecme.com/ar/services/mercedes-battery-replacement-dubai","https://digitecme.com/ar/services/mercedes-battery-replacement-dubai",308,TRUE,FALSE,FALSE,FALSE
"www.digitecme.com/ar/services/mercedes-body-repair-dubai","https://digitecme.com/ar/services/mercedes-body-repair-dubai",308,TRUE,FALSE,FALSE,FALSE
"http://digitecme.com/ar/services/mercedes-body-repair-dubai","https://digitecme.com/ar/services/mercedes-body-repair-dubai",308,TRUE,FALSE,FALSE,FALSE
"www.digitecme.com/ar/services/mercedes-brake-repair-dubai","https://digitecme.com/ar/services/mercedes-brake-repair-dubai",308,TRUE,FALSE,FALSE,FALSE
"http://digitecme.com/ar/services/mercedes-brake-repair-dubai","https://digitecme.com/ar/services/mercedes-brake-repair-dubai",308,TRUE,FALSE,FALSE,FALSE
"www.digitecme.com/ar/services/mercedes-diagnostics-dubai","https://digitecme.com/ar/services/mercedes-diagnostics-dubai",308,TRUE,FALSE,FALSE,FALSE
"http://digitecme.com/ar/services/mercedes-diagnostics-dubai","https://digitecme.com/ar/services/mercedes-diagnostics-dubai",308,TRUE,FALSE,FALSE,FALSE
"www.digitecme.com/ar/services/mercedes-electrical-repair-dubai","https://digitecme.com/ar/services/mercedes-electrical-repair-dubai",308,TRUE,FALSE,FALSE,FALSE
"http://digitecme.com/ar/services/mercedes-electrical-repair-dubai","https://digitecme.com/ar/services/mercedes-electrical-repair-dubai",308,TRUE,FALSE,FALSE,FALSE
"www.digitecme.com/ar/services/mercedes-exhaust-repair-dubai","https://digitecme.com/ar/services/mercedes-exhaust-repair-dubai",308,TRUE,FALSE,FALSE,FALSE
"http://digitecme.com/ar/services/mercedes-exhaust-repair-dubai","https://digitecme.com/ar/services/mercedes-exhaust-repair-dubai",308,TRUE,FALSE,FALSE,FALSE
"www.digitecme.com/ar/services/mercedes-fuel-system-repair-dubai","https://digitecme.com/ar/services/mercedes-fuel-system-repair-dubai",308,TRUE,FALSE,FALSE,FALSE
"http://digitecme.com/ar/services/mercedes-fuel-system-repair-dubai","https://digitecme.com/ar/services/mercedes-fuel-system-repair-dubai",308,TRUE,FALSE,FALSE,FALSE
"www.digitecme.com/ar/services/mercedes-mechanical-repair-dubai","https://digitecme.com/ar/services/mercedes-mechanical-repair-dubai",308,TRUE,FALSE,FALSE,FALSE
"http://digitecme.com/ar/services/mercedes-mechanical-repair-dubai","https://digitecme.com/ar/services/mercedes-mechanical-repair-dubai",308,TRUE,FALSE,FALSE,FALSE
"www.digitecme.com/ar/services/mercedes-oil-change-dubai","https://digitecme.com/ar/services/mercedes-oil-change-dubai",308,TRUE,FALSE,FALSE,FALSE
"http://digitecme.com/ar/services/mercedes-oil-change-dubai","https://digitecme.com/ar/services/mercedes-oil-change-dubai",308,TRUE,FALSE,FALSE,FALSE
"www.digitecme.com/ar/services/mercedes-steering-repair-dubai","https://digitecme.com/ar/services/mercedes-steering-repair-dubai",308,TRUE,FALSE,FALSE,FALSE
"http://digitecme.com/ar/services/mercedes-steering-repair-dubai","https://digitecme.com/ar/services/mercedes-steering-repair-dubai",308,TRUE,FALSE,FALSE,FALSE
"www.digitecme.com/ar/services/mercedes-suspension-repair-dubai","https://digitecme.com/ar/services/mercedes-suspension-repair-dubai",308,TRUE,FALSE,FALSE,FALSE
"http://digitecme.com/ar/services/mercedes-suspension-repair-dubai","https://digitecme.com/ar/services/mercedes-suspension-repair-dubai",308,TRUE,FALSE,FALSE,FALSE
"www.digitecme.com/ar/services/mercedes-tire-repair-dubai","https://digitecme.com/ar/services/mercedes-tire-repair-dubai",308,TRUE,FALSE,FALSE,FALSE
"http://digitecme.com/ar/services/mercedes-tire-repair-dubai","https://digitecme.com/ar/services/mercedes-tire-repair-dubai",308,TRUE,FALSE,FALSE,FALSE
"www.digitecme.com/ar/services/mercedes-transmission-repair-dubai","https://digitecme.com/ar/services/mercedes-transmission-repair-dubai",308,TRUE,FALSE,FALSE,FALSE
"http://digitecme.com/ar/services/mercedes-transmission-repair-dubai","https://digitecme.com/ar/services/mercedes-transmission-repair-dubai",308,TRUE,FALSE,FALSE,FALSE
"www.digitecme.com/blog/mercedes-amg-gt-black-series-1300hp-build-dubai","https://digitecme.com/blog/mercedes-amg-gt-black-series-1300hp-build-dubai",308,TRUE,FALSE,FALSE,FALSE
"http://digitecme.com/blog/mercedes-amg-gt-black-series-1300hp-build-dubai","https://digitecme.com/blog/mercedes-amg-gt-black-series-1300hp-build-dubai",308,TRUE,FALSE,FALSE,FALSE
"www.digitecme.com/blog/mercedes-amg-gt-tuning-dubai","https://digitecme.com/blog/mercedes-amg-gt-tuning-dubai",308,TRUE,FALSE,FALSE,FALSE
"http://digitecme.com/blog/mercedes-amg-gt-tuning-dubai","https://digitecme.com/blog/mercedes-amg-gt-tuning-dubai",308,TRUE,FALSE,FALSE,FALSE
"www.digitecme.com/blog/mercedes-benz-maintenance-guide-dubai","https://digitecme.com/blog/mercedes-benz-maintenance-guide-dubai",308,TRUE,FALSE,FALSE,FALSE
"http://digitecme.com/blog/mercedes-benz-maintenance-guide-dubai","https://digitecme.com/blog/mercedes-benz-maintenance-guide-dubai",308,TRUE,FALSE,FALSE,FALSE
"www.digitecme.com/blog/mercedes-c-class-service-dubai-guide","https://digitecme.com/blog/mercedes-c-class-service-dubai-guide",308,TRUE,FALSE,FALSE,FALSE
"http://digitecme.com/blog/mercedes-c-class-service-dubai-guide","https://digitecme.com/blog/mercedes-c-class-service-dubai-guide",308,TRUE,FALSE,FALSE,FALSE
"www.digitecme.com/blog/mercedes-e-class-service-dubai-guide","https://digitecme.com/blog/mercedes-e-class-service-dubai-guide",308,TRUE,FALSE,FALSE,FALSE
"http://digitecme.com/blog/mercedes-e-class-service-dubai-guide","https://digitecme.com/blog/mercedes-e-class-service-dubai-guide",308,TRUE,FALSE,FALSE,FALSE
"www.digitecme.com/blog/mercedes-g63-service-dubai-guide","https://digitecme.com/blog/mercedes-g63-service-dubai-guide",308,TRUE,FALSE,FALSE,FALSE
"http://digitecme.com/blog/mercedes-g63-service-dubai-guide","https://digitecme.com/blog/mercedes-g63-service-dubai-guide",308,TRUE,FALSE,FALSE,FALSE
"www.digitecme.com/blog/mercedes-repair-dubai-complete-guide","https://digitecme.com/blog/mercedes-repair-dubai-complete-guide",308,TRUE,FALSE,FALSE,FALSE
"http://digitecme.com/blog/mercedes-repair-dubai-complete-guide","https://digitecme.com/blog/mercedes-repair-dubai-complete-guide",308,TRUE,FALSE,FALSE,FALSE
"www.digitecme.com/blog/mercedes-s-class-service-dubai-guide","https://digitecme.com/blog/mercedes-s-class-service-dubai-guide",308,TRUE,FALSE,FALSE,FALSE
"http://digitecme.com/blog/mercedes-s-class-service-dubai-guide","https://digitecme.com/blog/mercedes-s-class-service-dubai-guide",308,TRUE,FALSE,FALSE,FALSE
"www.digitecme.com/blog/mercedes-service-cost-dubai-guide","https://digitecme.com/blog/mercedes-service-cost-dubai-guide",308,TRUE,FALSE,FALSE,FALSE
"http://digitecme.com/blog/mercedes-service-cost-dubai-guide","https://digitecme.com/blog/mercedes-service-cost-dubai-guide",308,TRUE,FALSE,FALSE,FALSE
"www.digitecme.com/blog/mercedes-service-intervals-dubai-heat","https://digitecme.com/blog/mercedes-service-intervals-dubai-heat",308,TRUE,FALSE,FALSE,FALSE
"http://digitecme.com/blog/mercedes-service-intervals-dubai-heat","https://digitecme.com/blog/mercedes-service-intervals-dubai-heat",308,TRUE,FALSE,FALSE,FALSE
"www.digitecme.com/brands/mercedes-benz-service-dubai","https://digitecme.com/brands/mercedes-benz-service-dubai",308,TRUE,FALSE,FALSE,FALSE
"http://digitecme.com/brands/mercedes-benz-service-dubai","https://digitecme.com/brands/mercedes-benz-service-dubai",308,TRUE,FALSE,FALSE,FALSE
"www.digitecme.com/mercedes/models/c63-service-repair-dubai","https://digitecme.com/mercedes/models/c63-service-repair-dubai",308,TRUE,FALSE,FALSE,FALSE
"http://digitecme.com/mercedes/models/c63-service-repair-dubai","https://digitecme.com/mercedes/models/c63-service-repair-dubai",308,TRUE,FALSE,FALSE,FALSE
"www.digitecme.com/mercedes/models/e63-service-repair-dubai","https://digitecme.com/mercedes/models/e63-service-repair-dubai",308,TRUE,FALSE,FALSE,FALSE
"http://digitecme.com/mercedes/models/e63-service-repair-dubai","https://digitecme.com/mercedes/models/e63-service-repair-dubai",308,TRUE,FALSE,FALSE,FALSE
"www.digitecme.com/mercedes/models/g-class-service-repair-dubai","https://digitecme.com/mercedes/models/g-class-service-repair-dubai",308,TRUE,FALSE,FALSE,FALSE
"http://digitecme.com/mercedes/models/g-class-service-repair-dubai","https://digitecme.com/mercedes/models/g-class-service-repair-dubai",308,TRUE,FALSE,FALSE,FALSE
"www.digitecme.com/mercedes/models/gle-service-repair-dubai","https://digitecme.com/mercedes/models/gle-service-repair-dubai",308,TRUE,FALSE,FALSE,FALSE
"http://digitecme.com/mercedes/models/gle-service-repair-dubai","https://digitecme.com/mercedes/models/gle-service-repair-dubai",308,TRUE,FALSE,FALSE,FALSE
"www.digitecme.com/mercedes/models/gls-service-repair-dubai","https://digitecme.com/mercedes/models/gls-service-repair-dubai",308,TRUE,FALSE,FALSE,FALSE
"http://digitecme.com/mercedes/models/gls-service-repair-dubai","https://digitecme.com/mercedes/models/gls-service-repair-dubai",308,TRUE,FALSE,FALSE,FALSE
"www.digitecme.com/mercedes/models/s63-service-repair-dubai","https://digitecme.com/mercedes/models/s63-service-repair-dubai",308,TRUE,FALSE,FALSE,FALSE
"http://digitecme.com/mercedes/models/s63-service-repair-dubai","https://digitecme.com/mercedes/models/s63-service-repair-dubai",308,TRUE,FALSE,FALSE,FALSE
"www.digitecme.com/mercedes/problems","https://digitecme.com/mercedes/problems",308,TRUE,FALSE,FALSE,FALSE
"http://digitecme.com/mercedes/problems","https://digitecme.com/mercedes/problems",308,TRUE,FALSE,FALSE,FALSE
"www.digitecme.com/mercedes/problems/ac-not-cooling","https://digitecme.com/mercedes/problems/ac-not-cooling",308,TRUE,FALSE,FALSE,FALSE
"http://digitecme.com/mercedes/problems/ac-not-cooling","https://digitecme.com/mercedes/problems/ac-not-cooling",308,TRUE,FALSE,FALSE,FALSE
"www.digitecme.com/mercedes/problems/airmatic-malfunction","https://digitecme.com/mercedes/problems/airmatic-malfunction",308,TRUE,FALSE,FALSE,FALSE
"http://digitecme.com/mercedes/problems/airmatic-malfunction","https://digitecme.com/mercedes/problems/airmatic-malfunction",308,TRUE,FALSE,FALSE,FALSE
"www.digitecme.com/mercedes/problems/battery-warning","https://digitecme.com/mercedes/problems/battery-warning",308,TRUE,FALSE,FALSE,FALSE
"http://digitecme.com/mercedes/problems/battery-warning","https://digitecme.com/mercedes/problems/battery-warning",308,TRUE,FALSE,FALSE,FALSE
"www.digitecme.com/mercedes/problems/check-engine-light","https://digitecme.com/mercedes/problems/check-engine-light",308,TRUE,FALSE,FALSE,FALSE
"http://digitecme.com/mercedes/problems/check-engine-light","https://digitecme.com/mercedes/problems/check-engine-light",308,TRUE,FALSE,FALSE,FALSE
"www.digitecme.com/mercedes/problems/engine-overheating","https://digitecme.com/mercedes/problems/engine-overheating",308,TRUE,FALSE,FALSE,FALSE
"http://digitecme.com/mercedes/problems/engine-overheating","https://digitecme.com/mercedes/problems/engine-overheating",308,TRUE,FALSE,FALSE,FALSE
"www.digitecme.com/mercedes/problems/gearbox-jerking","https://digitecme.com/mercedes/problems/gearbox-jerking",308,TRUE,FALSE,FALSE,FALSE
"http://digitecme.com/mercedes/problems/gearbox-jerking","https://digitecme.com/mercedes/problems/gearbox-jerking",308,TRUE,FALSE,FALSE,FALSE
"www.digitecme.com/mercedes/problems/oil-leak","https://digitecme.com/mercedes/problems/oil-leak",308,TRUE,FALSE,FALSE,FALSE
"http://digitecme.com/mercedes/problems/oil-leak","https://digitecme.com/mercedes/problems/oil-leak",308,TRUE,FALSE,FALSE,FALSE
"www.digitecme.com/mercedes/problems/suspension-dropping-overnight","https://digitecme.com/mercedes/problems/suspension-dropping-overnight",308,TRUE,FALSE,FALSE,FALSE
"http://digitecme.com/mercedes/problems/suspension-dropping-overnight","https://digitecme.com/mercedes/problems/suspension-dropping-overnight",308,TRUE,FALSE,FALSE,FALSE
"www.digitecme.com/mercedes/problems/transmission-slipping","https://digitecme.com/mercedes/problems/transmission-slipping",308,TRUE,FALSE,FALSE,FALSE
"http://digitecme.com/mercedes/problems/transmission-slipping","https://digitecme.com/mercedes/problems/transmission-slipping",308,TRUE,FALSE,FALSE,FALSE
"www.digitecme.com/mercedes/problems/wont-start","https://digitecme.com/mercedes/problems/wont-start",308,TRUE,FALSE,FALSE,FALSE
"http://digitecme.com/mercedes/problems/wont-start","https://digitecme.com/mercedes/problems/wont-start",308,TRUE,FALSE,FALSE,FALSE
"www.digitecme.com/services/mercedes-ac-repair-dubai","https://digitecme.com/services/mercedes-ac-repair-dubai",308,TRUE,FALSE,FALSE,FALSE
"http://digitecme.com/services/mercedes-ac-repair-dubai","https://digitecme.com/services/mercedes-ac-repair-dubai",308,TRUE,FALSE,FALSE,FALSE
"www.digitecme.com/services/mercedes-audio-upgrade-dubai","https://digitecme.com/services/mercedes-audio-upgrade-dubai",308,TRUE,FALSE,FALSE,FALSE
"http://digitecme.com/services/mercedes-audio-upgrade-dubai","https://digitecme.com/services/mercedes-audio-upgrade-dubai",308,TRUE,FALSE,FALSE,FALSE
"www.digitecme.com/services/mercedes-battery-replacement-dubai","https://digitecme.com/services/mercedes-battery-replacement-dubai",308,TRUE,FALSE,FALSE,FALSE
"http://digitecme.com/services/mercedes-battery-replacement-dubai","https://digitecme.com/services/mercedes-battery-replacement-dubai",308,TRUE,FALSE,FALSE,FALSE
"www.digitecme.com/services/mercedes-body-repair-dubai","https://digitecme.com/services/mercedes-body-repair-dubai",308,TRUE,FALSE,FALSE,FALSE
"http://digitecme.com/services/mercedes-body-repair-dubai","https://digitecme.com/services/mercedes-body-repair-dubai",308,TRUE,FALSE,FALSE,FALSE
"www.digitecme.com/services/mercedes-brake-repair-dubai","https://digitecme.com/services/mercedes-brake-repair-dubai",308,TRUE,FALSE,FALSE,FALSE
"http://digitecme.com/services/mercedes-brake-repair-dubai","https://digitecme.com/services/mercedes-brake-repair-dubai",308,TRUE,FALSE,FALSE,FALSE
"www.digitecme.com/services/mercedes-diagnostics-dubai","https://digitecme.com/services/mercedes-diagnostics-dubai",308,TRUE,FALSE,FALSE,FALSE
"http://digitecme.com/services/mercedes-diagnostics-dubai","https://digitecme.com/services/mercedes-diagnostics-dubai",308,TRUE,FALSE,FALSE,FALSE
"www.digitecme.com/services/mercedes-electrical-repair-dubai","https://digitecme.com/services/mercedes-electrical-repair-dubai",308,TRUE,FALSE,FALSE,FALSE
"http://digitecme.com/services/mercedes-electrical-repair-dubai","https://digitecme.com/services/mercedes-electrical-repair-dubai",308,TRUE,FALSE,FALSE,FALSE
"www.digitecme.com/services/mercedes-exhaust-repair-dubai","https://digitecme.com/services/mercedes-exhaust-repair-dubai",308,TRUE,FALSE,FALSE,FALSE
"http://digitecme.com/services/mercedes-exhaust-repair-dubai","https://digitecme.com/services/mercedes-exhaust-repair-dubai",308,TRUE,FALSE,FALSE,FALSE
"www.digitecme.com/services/mercedes-fuel-system-repair-dubai","https://digitecme.com/services/mercedes-fuel-system-repair-dubai",308,TRUE,FALSE,FALSE,FALSE
"http://digitecme.com/services/mercedes-fuel-system-repair-dubai","https://digitecme.com/services/mercedes-fuel-system-repair-dubai",308,TRUE,FALSE,FALSE,FALSE
"www.digitecme.com/services/mercedes-mechanical-repair-dubai","https://digitecme.com/services/mercedes-mechanical-repair-dubai",308,TRUE,FALSE,FALSE,FALSE
"http://digitecme.com/services/mercedes-mechanical-repair-dubai","https://digitecme.com/services/mercedes-mechanical-repair-dubai",308,TRUE,FALSE,FALSE,FALSE
"www.digitecme.com/services/mercedes-oil-change-dubai","https://digitecme.com/services/mercedes-oil-change-dubai",308,TRUE,FALSE,FALSE,FALSE
"http://digitecme.com/services/mercedes-oil-change-dubai","https://digitecme.com/services/mercedes-oil-change-dubai",308,TRUE,FALSE,FALSE,FALSE
"www.digitecme.com/services/mercedes-steering-repair-dubai","https://digitecme.com/services/mercedes-steering-repair-dubai",308,TRUE,FALSE,FALSE,FALSE
"http://digitecme.com/services/mercedes-steering-repair-dubai","https://digitecme.com/services/mercedes-steering-repair-dubai",308,TRUE,FALSE,FALSE,FALSE
"www.digitecme.com/services/mercedes-suspension-repair-dubai","https://digitecme.com/services/mercedes-suspension-repair-dubai",308,TRUE,FALSE,FALSE,FALSE
"http://digitecme.com/services/mercedes-suspension-repair-dubai","https://digitecme.com/services/mercedes-suspension-repair-dubai",308,TRUE,FALSE,FALSE,FALSE
"www.digitecme.com/services/mercedes-tire-repair-dubai","https://digitecme.com/services/mercedes-tire-repair-dubai",308,TRUE,FALSE,FALSE,FALSE
"http://digitecme.com/services/mercedes-tire-repair-dubai","https://digitecme.com/services/mercedes-tire-repair-dubai",308,TRUE,FALSE,FALSE,FALSE
"www.digitecme.com/services/mercedes-transmission-repair-dubai","https://digitecme.com/services/mercedes-transmission-repair-dubai",308,TRUE,FALSE,FALSE,FALSE
"http://digitecme.com/services/mercedes-transmission-repair-dubai","https://digitecme.com/services/mercedes-transmission-repair-dubai",308,TRUE,FALSE,FALSE,FALSE
