url,primary_intent,primary_keyword_cluster,secondary_cluster,intent_type,supporting_pages,potential_competitor_page,ownership_conflict
/ar/blog/best-oil-change-dubai-mercedes,Answer كيف تختار خدمة تغيير زيت مرسيدس في دبي؟,Cost/interval/planning/selection,,Ownership information,/ar/blog/mercedes-service-cost-dubai-guide | /ar/blog/mercedes-service-intervals-dubai-heat | /ar/services/mercedes-oil-change-dubai,,NO — distinct task
/ar/blog/mercedes-benz-maintenance-guide-dubai,Answer دليل تخطيط صيانة مرسيدس لمالكي السيارات في دبي,Ownership / maintenance planning,Broad workshop / service,Ownership information,/ar/blog/best-oil-change-dubai-mercedes | /ar/blog/mercedes-repair-dubai-complete-guide | /ar/blog/mercedes-service-cost-dubai-guide | /ar/blog/mercedes-service-intervals-dubai-heat | /ar/brands/mercedes-benz-service-dubai,,NO — distinct task
/ar/blog/mercedes-c-class-service-dubai-guide,Plan service/repair for صيانة وإصلاح مرسيدس C-Class في دبي: C200 وC240 وC300,c-class model service,Broad workshop / service,Model commercial,/ar/blog/best-oil-change-dubai-mercedes | /ar/brands/mercedes-benz-service-dubai | /ar/services/mercedes-ac-repair-dubai | /ar/services/mercedes-electrical-repair-dubai | /ar/services/mercedes-oil-change-dubai,,NO — distinct task
/ar/blog/mercedes-e-class-service-dubai-guide,Plan service/repair for صيانة وإصلاح مرسيدس E-Class في دبي: السيدان والكوبيه والكابريوليه,e-class model service,,Model commercial,/ar/blog/best-oil-change-dubai-mercedes | /ar/services/mercedes-diagnostics-dubai | /ar/services/mercedes-electrical-repair-dubai | /ar/services/mercedes-suspension-repair-dubai | /ar/services/mercedes-transmission-repair-dubai,,NO — distinct task
/ar/blog/mercedes-g63-service-dubai-guide,Plan service/repair for صيانة وإصلاح مرسيدس AMG G63 في دبي: الأجيال ونطاق الفحص,g63 model service,Broad workshop / service,Model commercial,/ar/brands/mercedes-benz-service-dubai | /ar/services/mercedes-mechanical-repair-dubai | /ar/services/mercedes-transmission-repair-dubai,,NO — distinct task
/ar/blog/mercedes-repair-dubai-complete-guide,Answer أعراض وتحذيرات مرسيدس في دبي: دليل المالك,Cost/interval/planning/selection,Broad workshop / service,Ownership information,/ar/blog/best-oil-change-dubai-mercedes | /ar/blog/mercedes-benz-maintenance-guide-dubai | /ar/blog/mercedes-service-intervals-dubai-heat | /ar/brands/mercedes-benz-service-dubai | /ar/services/mercedes-ac-repair-dubai | /ar/services/mercedes-diagnostics-dubai | /ar/services/mercedes-electrical-repair-dubai | /ar/services/mercedes-mechanical-repair-dubai,,NO — distinct task
/ar/blog/mercedes-s-class-service-dubai-guide,Plan service/repair for صيانة وإصلاح مرسيدس S-Class في دبي: التعليق والراحة والإلكترونيات,s-class model service,,Model commercial,/ar/blog/mercedes-repair-dubai-complete-guide | /ar/services/mercedes-diagnostics-dubai | /ar/services/mercedes-electrical-repair-dubai | /ar/services/mercedes-suspension-repair-dubai,,NO — distinct task
/ar/blog/mercedes-service-cost-dubai-guide,Answer تكلفة صيانة مرسيدس في دبي: نطاق Service A وService B,Service cost / scope,Broad workshop / service,Ownership information,/ar/blog/best-oil-change-dubai-mercedes | /ar/blog/mercedes-benz-maintenance-guide-dubai | /ar/blog/mercedes-service-intervals-dubai-heat | /ar/brands/mercedes-benz-service-dubai | /ar/services/mercedes-diagnostics-dubai | /ar/services/mercedes-oil-change-dubai,,NO — distinct task
/ar/blog/mercedes-service-intervals-dubai-heat,Answer مواعيد صيانة مرسيدس وقراءة ASSYST في دبي,Intervals / schedule,,Ownership information,/ar/blog/best-oil-change-dubai-mercedes | /ar/blog/mercedes-benz-maintenance-guide-dubai | /ar/blog/mercedes-repair-dubai-complete-guide | /ar/blog/mercedes-service-cost-dubai-guide | /ar/services/mercedes-oil-change-dubai,,NO — distinct task
/ar/brands/mercedes-benz-service-dubai,Book independent Mercedes workshop service/repair,Broad workshop / service,,Local commercial,/ar/blog/best-oil-change-dubai-mercedes | /ar/blog/mercedes-benz-maintenance-guide-dubai | /ar/blog/mercedes-c-class-service-dubai-guide | /ar/blog/mercedes-e-class-service-dubai-guide | /ar/blog/mercedes-g63-service-dubai-guide | /ar/blog/mercedes-repair-dubai-complete-guide | /ar/blog/mercedes-s-class-service-dubai-guide | /ar/blog/mercedes-service-cost-dubai-guide,,NO — distinct task
/ar/services/mercedes-ac-repair-dubai,Assess or book إصلاح مكيف مرسيدس في دبي ,AC diagnosis / repair,Broad workshop / service,Commercial service,/ar/blog/mercedes-benz-maintenance-guide-dubai | /ar/brands/mercedes-benz-service-dubai | /ar/services/mercedes-battery-replacement-dubai | /ar/services/mercedes-body-repair-dubai | /ar/services/mercedes-brake-repair-dubai | /ar/services/mercedes-diagnostics-dubai | /ar/services/mercedes-electrical-repair-dubai | /ar/services/mercedes-exhaust-repair-dubai,,NO — distinct task
/ar/services/mercedes-battery-replacement-dubai,Assess or book تبديل بطارية مرسيدس في دبي ,Battery testing / fitting,Broad workshop / service,Commercial service,/ar/brands/mercedes-benz-service-dubai | /ar/services/mercedes-ac-repair-dubai | /ar/services/mercedes-body-repair-dubai | /ar/services/mercedes-brake-repair-dubai | /ar/services/mercedes-diagnostics-dubai | /ar/services/mercedes-electrical-repair-dubai | /ar/services/mercedes-exhaust-repair-dubai | /ar/services/mercedes-fuel-system-repair-dubai,,NO — distinct task
/ar/services/mercedes-body-repair-dubai,Assess or book إصلاح هيكل وطلاء مرسيدس في دبي ,Body repair,Broad workshop / service,Commercial service,/ar/blog/mercedes-repair-dubai-complete-guide | /ar/brands/mercedes-benz-service-dubai | /ar/services/mercedes-ac-repair-dubai | /ar/services/mercedes-battery-replacement-dubai | /ar/services/mercedes-brake-repair-dubai | /ar/services/mercedes-diagnostics-dubai | /ar/services/mercedes-electrical-repair-dubai | /ar/services/mercedes-exhaust-repair-dubai,,NO — distinct task
/ar/services/mercedes-brake-repair-dubai,Assess or book إصلاح فرامل مرسيدس في دبي ,Brakes / ABS,Broad workshop / service,Commercial service,/ar/blog/mercedes-benz-maintenance-guide-dubai | /ar/brands/mercedes-benz-service-dubai | /ar/services/mercedes-ac-repair-dubai | /ar/services/mercedes-battery-replacement-dubai | /ar/services/mercedes-body-repair-dubai | /ar/services/mercedes-diagnostics-dubai | /ar/services/mercedes-electrical-repair-dubai | /ar/services/mercedes-exhaust-repair-dubai,,NO — distinct task
/ar/services/mercedes-diagnostics-dubai,Assess or book فحص مرسيدس xentry في دبي ,Diagnostics / XENTRY / coding | Inspection scope,Broad workshop / service,Commercial service,/ar/blog/mercedes-repair-dubai-complete-guide | /ar/brands/mercedes-benz-service-dubai | /ar/services/mercedes-ac-repair-dubai | /ar/services/mercedes-battery-replacement-dubai | /ar/services/mercedes-body-repair-dubai | /ar/services/mercedes-brake-repair-dubai | /ar/services/mercedes-electrical-repair-dubai | /ar/services/mercedes-exhaust-repair-dubai,,NO — distinct task
/ar/services/mercedes-electrical-repair-dubai,Assess or book إصلاح كهرباء مرسيدس في دبي ,Body electronics / camera | Electrical repair / charging,Broad workshop / service,Commercial service,/ar/brands/mercedes-benz-service-dubai | /ar/services/mercedes-ac-repair-dubai | /ar/services/mercedes-battery-replacement-dubai | /ar/services/mercedes-body-repair-dubai | /ar/services/mercedes-brake-repair-dubai | /ar/services/mercedes-diagnostics-dubai | /ar/services/mercedes-exhaust-repair-dubai | /ar/services/mercedes-fuel-system-repair-dubai,,NO — distinct task
/ar/services/mercedes-exhaust-repair-dubai,Assess or book إصلاح عادم مرسيدس في دبي ,Exhaust / emissions,Broad workshop / service,Commercial service,/ar/brands/mercedes-benz-service-dubai | /ar/services/mercedes-ac-repair-dubai | /ar/services/mercedes-battery-replacement-dubai | /ar/services/mercedes-body-repair-dubai | /ar/services/mercedes-brake-repair-dubai | /ar/services/mercedes-diagnostics-dubai | /ar/services/mercedes-electrical-repair-dubai | /ar/services/mercedes-fuel-system-repair-dubai,,NO — distinct task
/ar/services/mercedes-fuel-system-repair-dubai,Assess or book إصلاح نظام وقود مرسيدس في دبي ,Specific repair/service,Broad workshop / service,Commercial service,/ar/brands/mercedes-benz-service-dubai | /ar/services/mercedes-ac-repair-dubai | /ar/services/mercedes-battery-replacement-dubai | /ar/services/mercedes-body-repair-dubai | /ar/services/mercedes-brake-repair-dubai | /ar/services/mercedes-diagnostics-dubai | /ar/services/mercedes-electrical-repair-dubai | /ar/services/mercedes-exhaust-repair-dubai,,NO — distinct task
/ar/services/mercedes-mechanical-repair-dubai,Assess or book إصلاح محرك مرسيدس في دبي ,Mechanical / engine / cooling,Broad workshop / service,Commercial service,/ar/blog/mercedes-g63-service-dubai-guide | /ar/blog/mercedes-repair-dubai-complete-guide | /ar/brands/mercedes-benz-service-dubai | /ar/services/mercedes-ac-repair-dubai | /ar/services/mercedes-battery-replacement-dubai | /ar/services/mercedes-body-repair-dubai | /ar/services/mercedes-brake-repair-dubai | /ar/services/mercedes-diagnostics-dubai,,NO — distinct task
/ar/services/mercedes-oil-change-dubai,Assess or book تغيير زيت مرسيدس في دبي ,Oil change,Broad workshop / service,Commercial service,/ar/blog/best-oil-change-dubai-mercedes | /ar/blog/mercedes-c-class-service-dubai-guide | /ar/blog/mercedes-service-intervals-dubai-heat | /ar/brands/mercedes-benz-service-dubai | /ar/services/mercedes-ac-repair-dubai | /ar/services/mercedes-battery-replacement-dubai | /ar/services/mercedes-body-repair-dubai | /ar/services/mercedes-brake-repair-dubai,,NO — distinct task
/ar/services/mercedes-steering-repair-dubai,Assess or book إصلاح توجيه مرسيدس في دبي ,Steering / alignment,Broad workshop / service,Commercial service,/ar/brands/mercedes-benz-service-dubai | /ar/services/mercedes-ac-repair-dubai | /ar/services/mercedes-battery-replacement-dubai | /ar/services/mercedes-body-repair-dubai | /ar/services/mercedes-brake-repair-dubai | /ar/services/mercedes-diagnostics-dubai | /ar/services/mercedes-electrical-repair-dubai | /ar/services/mercedes-exhaust-repair-dubai,,NO — distinct task
/ar/services/mercedes-suspension-repair-dubai,Assess or book إصلاح تعليق مرسيدس وairmatic في دبي ,Suspension / AIRMATIC,Broad workshop / service,Commercial service,/ar/blog/mercedes-s-class-service-dubai-guide | /ar/brands/mercedes-benz-service-dubai | /ar/services/mercedes-ac-repair-dubai | /ar/services/mercedes-battery-replacement-dubai | /ar/services/mercedes-body-repair-dubai | /ar/services/mercedes-brake-repair-dubai | /ar/services/mercedes-diagnostics-dubai | /ar/services/mercedes-electrical-repair-dubai,,NO — distinct task
/ar/services/mercedes-tire-repair-dubai,Assess or book إصلاح إطارات مرسيدس في دبي ,Tyres / wheels,Broad workshop / service,Commercial service,/ar/brands/mercedes-benz-service-dubai | /ar/services/mercedes-ac-repair-dubai | /ar/services/mercedes-battery-replacement-dubai | /ar/services/mercedes-body-repair-dubai | /ar/services/mercedes-brake-repair-dubai | /ar/services/mercedes-diagnostics-dubai | /ar/services/mercedes-electrical-repair-dubai | /ar/services/mercedes-exhaust-repair-dubai,,NO — distinct task
/ar/services/mercedes-transmission-repair-dubai,Assess or book إصلاح قير مرسيدس في دبي ,Transmission / gearbox,Broad workshop / service,Commercial service,/ar/blog/mercedes-e-class-service-dubai-guide | /ar/brands/mercedes-benz-service-dubai | /ar/services/mercedes-ac-repair-dubai | /ar/services/mercedes-battery-replacement-dubai | /ar/services/mercedes-body-repair-dubai | /ar/services/mercedes-brake-repair-dubai | /ar/services/mercedes-diagnostics-dubai | /ar/services/mercedes-electrical-repair-dubai,,NO — distinct task
/blog/best-oil-change-dubai-mercedes,Answer How to Choose a Mercedes Oil Change in Dubai,Cost/interval/planning/selection,Intervals / schedule | Oil change | Ownership / maintenance planning,Ownership information,/blog/mercedes-benz-maintenance-guide-dubai | /blog/mercedes-service-cost-dubai-guide | /blog/mercedes-service-intervals-dubai-heat | /services/mercedes-oil-change-dubai,,NO — distinct task
/blog/mercedes-benz-maintenance-guide-dubai,Answer Mercedes-Benz Maintenance Planning for Dubai Owners,Ownership / maintenance planning,Ambiguous / non-service or mixed-brand | Intervals / schedule | Service cost / scope,Ownership information,/blog/best-oil-change-dubai-mercedes | /blog/mercedes-repair-dubai-complete-guide | /blog/mercedes-service-cost-dubai-guide | /blog/mercedes-service-intervals-dubai-heat | /brands/mercedes-benz-service-dubai | /mercedes/problems,/brands/mercedes-benz-service-dubai,NO — distinct task
/blog/mercedes-c-class-service-dubai-guide,Plan service/repair for Mercedes C-Class Service & Repair Dubai,c-class model service,AC not cooling | Ambiguous / non-service or mixed-brand | Jerking / shift symptoms,Model commercial,/blog/mercedes-e-class-service-dubai-guide | /blog/mercedes-service-cost-dubai-guide | /brands/mercedes-benz-service-dubai | /mercedes/models/c63-service-repair-dubai | /mercedes/problems/ac-not-cooling | /mercedes/problems/check-engine-light | /mercedes/problems/gearbox-jerking | /mercedes/problems/wont-start,,NO — distinct task
/blog/mercedes-e-class-service-dubai-guide,Plan service/repair for Mercedes E-Class Service & Repair Dubai,e-class model service,AC not cooling | Ambiguous / non-service or mixed-brand | Jerking / shift symptoms,Model commercial,/blog/mercedes-s-class-service-dubai-guide | /blog/mercedes-service-cost-dubai-guide | /brands/mercedes-benz-service-dubai | /mercedes/models/e63-service-repair-dubai | /mercedes/problems/ac-not-cooling | /mercedes/problems/battery-warning | /mercedes/problems/gearbox-jerking | /mercedes/problems/suspension-dropping-overnight,,NO — distinct task
/blog/mercedes-g63-service-dubai-guide,Plan service/repair for Mercedes-AMG G63 Service & Repair Dubai,g63 model service,Ambiguous / non-service or mixed-brand | Jerking / shift symptoms | Service cost / scope,Model commercial,/blog/mercedes-service-cost-dubai-guide | /brands/mercedes-benz-service-dubai | /mercedes/models/c63-service-repair-dubai | /mercedes/models/g-class-service-repair-dubai | /mercedes/problems/check-engine-light | /mercedes/problems/engine-overheating | /mercedes/problems/gearbox-jerking | /mercedes/problems/oil-leak,,NO — distinct task
/blog/mercedes-repair-dubai-complete-guide,Answer Mercedes Warning Signs in Dubai: An Owner’s Guide,Cost/interval/planning/selection,AC not cooling | Ambiguous / non-service or mixed-brand | Ownership / maintenance planning,Ownership information,/blog/best-oil-change-dubai-mercedes | /blog/mercedes-benz-maintenance-guide-dubai | /blog/mercedes-s-class-service-dubai-guide | /brands/mercedes-benz-service-dubai | /mercedes/problems | /mercedes/problems/ac-not-cooling | /mercedes/problems/airmatic-malfunction | /mercedes/problems/battery-warning,,NO — distinct task
/blog/mercedes-s-class-service-dubai-guide,Plan service/repair for Mercedes S-Class Service & Repair Dubai,s-class model service,AC not cooling | Ambiguous / non-service or mixed-brand | Head-unit / COMAND / screen fault,Model commercial,/blog/mercedes-benz-maintenance-guide-dubai | /brands/mercedes-benz-service-dubai | /mercedes/models/s63-service-repair-dubai | /mercedes/problems/ac-not-cooling | /mercedes/problems/airmatic-malfunction | /mercedes/problems/battery-warning | /mercedes/problems/suspension-dropping-overnight | /services/head-unit-repair-dubai,,NO — distinct task
/blog/mercedes-service-cost-dubai-guide,Answer Mercedes Service Cost in Dubai: Service A & B Scope,Service cost / scope,Ambiguous / non-service or mixed-brand | Diagnostics / XENTRY / coding | Intervals / schedule,Ownership information,/blog/best-oil-change-dubai-mercedes | /blog/mercedes-benz-maintenance-guide-dubai | /blog/mercedes-service-intervals-dubai-heat | /brands/mercedes-benz-service-dubai | /services/mercedes-diagnostics-dubai | /services/mercedes-oil-change-dubai,,NO — distinct task
/blog/mercedes-service-intervals-dubai-heat,Answer Mercedes Service Intervals & ASSYST in Dubai,Intervals / schedule,Ambiguous / non-service or mixed-brand | Oil change | Ownership / maintenance planning,Ownership information,/blog/best-oil-change-dubai-mercedes | /blog/mercedes-benz-maintenance-guide-dubai | /blog/mercedes-repair-dubai-complete-guide | /blog/mercedes-service-cost-dubai-guide | /brands/mercedes-benz-service-dubai | /services/mercedes-oil-change-dubai,,NO — distinct task
/brands/mercedes-benz-service-dubai,Book independent Mercedes workshop service/repair,Ambiguous / non-service or mixed-brand | Broad workshop / service | Displayed service code / scope | Other model / trim inquiry | Scheduled servicing,Ownership / maintenance planning | Service cost / scope | c-class model service,Local commercial,/blog/best-oil-change-dubai-mercedes | /blog/mercedes-benz-maintenance-guide-dubai | /blog/mercedes-c-class-service-dubai-guide | /blog/mercedes-e-class-service-dubai-guide | /blog/mercedes-g63-service-dubai-guide | /blog/mercedes-repair-dubai-complete-guide | /blog/mercedes-s-class-service-dubai-guide | /blog/mercedes-service-cost-dubai-guide,/blog/mercedes-benz-maintenance-guide-dubai,NO — distinct task
/mercedes/models/c63-service-repair-dubai,Plan service/repair for Mercedes-AMG C63 Service & Repair Dubai,c63 model service,Ambiguous / non-service or mixed-brand | Jerking / shift symptoms | Ownership / maintenance planning,Model commercial,/blog/mercedes-benz-maintenance-guide-dubai | /blog/mercedes-c-class-service-dubai-guide | /brands/mercedes-benz-service-dubai | /mercedes/models/e63-service-repair-dubai | /mercedes/problems/check-engine-light | /mercedes/problems/engine-overheating | /mercedes/problems/gearbox-jerking | /mercedes/problems/oil-leak,,NO — distinct task
/mercedes/models/e63-service-repair-dubai,Plan service/repair for Mercedes-AMG E63 Service & Repair Dubai,e63 model service,Ambiguous / non-service or mixed-brand | Ownership / maintenance planning | Suspension warning,Model commercial,/blog/mercedes-benz-maintenance-guide-dubai | /blog/mercedes-e-class-service-dubai-guide | /brands/mercedes-benz-service-dubai | /mercedes/models/c63-service-repair-dubai | /mercedes/problems/airmatic-malfunction | /mercedes/problems/check-engine-light | /mercedes/problems/suspension-dropping-overnight | /mercedes/problems/transmission-slipping,,NO — distinct task
/mercedes/models/g-class-service-repair-dubai,Plan service/repair for Mercedes G-Class Service & Repair Dubai,g-class model service,AC diagnosis / repair | Ambiguous / non-service or mixed-brand | Intervals / schedule,Model commercial,/blog/mercedes-g63-service-dubai-guide | /blog/mercedes-service-intervals-dubai-heat | /brands/mercedes-benz-service-dubai | /mercedes/models/gle-service-repair-dubai | /mercedes/problems/engine-overheating | /mercedes/problems/gearbox-jerking | /mercedes/problems/wont-start | /services/mercedes-ac-repair-dubai,,NO — distinct task
/mercedes/models/gle-service-repair-dubai,Plan service/repair for Mercedes GLE Service & Repair Dubai,gle model service,AC not cooling | Ambiguous / non-service or mixed-brand | Intervals / schedule,Model commercial,/blog/mercedes-service-intervals-dubai-heat | /brands/mercedes-benz-service-dubai | /mercedes/models/g-class-service-repair-dubai | /mercedes/models/gls-service-repair-dubai | /mercedes/problems/ac-not-cooling | /mercedes/problems/airmatic-malfunction | /mercedes/problems/gearbox-jerking | /mercedes/problems/suspension-dropping-overnight,,NO — distinct task
/mercedes/models/gls-service-repair-dubai,Plan service/repair for Mercedes GLS Service & Repair Dubai,gls model service,AC diagnosis / repair | Ambiguous / non-service or mixed-brand | Jerking / shift symptoms,Model commercial,/blog/mercedes-benz-maintenance-guide-dubai | /brands/mercedes-benz-service-dubai | /mercedes/models/gle-service-repair-dubai | /mercedes/problems/airmatic-malfunction | /mercedes/problems/battery-warning | /mercedes/problems/gearbox-jerking | /mercedes/problems/suspension-dropping-overnight | /services/mercedes-ac-repair-dubai,,NO — distinct task
/mercedes/models/s63-service-repair-dubai,Plan service/repair for Mercedes-AMG S63 Service & Repair Dubai,s63 model service,AC diagnosis / repair | Ambiguous / non-service or mixed-brand | Ownership / maintenance planning,Model commercial,/blog/mercedes-benz-maintenance-guide-dubai | /blog/mercedes-s-class-service-dubai-guide | /brands/mercedes-benz-service-dubai | /mercedes/problems/airmatic-malfunction | /mercedes/problems/oil-leak | /mercedes/problems/suspension-dropping-overnight | /mercedes/problems/transmission-slipping | /services/mercedes-ac-repair-dubai,,NO — distinct task
/mercedes/problems,Answer Mercedes Problems & Diagnostic Guides,Cost/interval/planning/selection,AC not cooling | Ambiguous / non-service or mixed-brand | Jerking / shift symptoms,Ownership information,/brands/mercedes-benz-service-dubai | /mercedes/problems/ac-not-cooling | /mercedes/problems/airmatic-malfunction | /mercedes/problems/battery-warning | /mercedes/problems/check-engine-light | /mercedes/problems/engine-overheating | /mercedes/problems/gearbox-jerking | /mercedes/problems/oil-leak,,NO — distinct task
/mercedes/problems/ac-not-cooling,Understand Mercedes AC Not Cooling and decide next diagnostic step,AC not cooling,AC diagnosis / repair | Ambiguous / non-service or mixed-brand | c-class model service,Symptom information,/blog/mercedes-c-class-service-dubai-guide | /blog/mercedes-s-class-service-dubai-guide | /brands/mercedes-benz-service-dubai | /mercedes/models/gle-service-repair-dubai | /mercedes/models/gls-service-repair-dubai | /mercedes/problems | /mercedes/problems/engine-overheating | /services/mercedes-ac-repair-dubai,,NO — distinct task
/mercedes/problems/airmatic-malfunction,Understand Mercedes AIRMATIC Malfunction and decide next diagnostic step,Suspension warning,Ambiguous / non-service or mixed-brand | e-class model service | gle model service,Symptom information,/blog/mercedes-e-class-service-dubai-guide | /blog/mercedes-s-class-service-dubai-guide | /brands/mercedes-benz-service-dubai | /mercedes/models/gle-service-repair-dubai | /mercedes/models/gls-service-repair-dubai | /mercedes/problems | /mercedes/problems/battery-warning | /mercedes/problems/suspension-dropping-overnight,,NO — distinct task
/mercedes/problems/battery-warning,Understand Mercedes Battery Warning and decide next diagnostic step,Specific warning/symptom,Ambiguous / non-service or mixed-brand | Suspension warning | e-class model service,Symptom information,/blog/mercedes-e-class-service-dubai-guide | /blog/mercedes-s-class-service-dubai-guide | /brands/mercedes-benz-service-dubai | /mercedes/models/gls-service-repair-dubai | /mercedes/models/s63-service-repair-dubai | /mercedes/problems | /mercedes/problems/airmatic-malfunction | /mercedes/problems/wont-start,,NO — distinct task
/mercedes/problems/check-engine-light,Understand Mercedes Check Engine Light and decide next diagnostic step,Warning light,Ambiguous / non-service or mixed-brand | c-class model service | c63 model service,Symptom information,/blog/mercedes-c-class-service-dubai-guide | /blog/mercedes-g63-service-dubai-guide | /brands/mercedes-benz-service-dubai | /mercedes/models/c63-service-repair-dubai | /mercedes/models/gle-service-repair-dubai | /mercedes/problems | /mercedes/problems/engine-overheating | /mercedes/problems/wont-start,,NO — distinct task
/mercedes/problems/engine-overheating,Understand Mercedes Engine Overheating and decide next diagnostic step,Specific warning/symptom,AC not cooling | Ambiguous / non-service or mixed-brand | Warning light,Symptom information,/blog/mercedes-g63-service-dubai-guide | /brands/mercedes-benz-service-dubai | /mercedes/models/c63-service-repair-dubai | /mercedes/models/gle-service-repair-dubai | /mercedes/models/gls-service-repair-dubai | /mercedes/problems | /mercedes/problems/ac-not-cooling | /mercedes/problems/check-engine-light,,NO — distinct task
/mercedes/problems/gearbox-jerking,Understand Mercedes Gearbox Jerking When Changing Gears and decide next diagnostic step,Jerking / shift symptoms,Ambiguous / non-service or mixed-brand | Warning light | c-class model service,Symptom information,/blog/mercedes-c-class-service-dubai-guide | /blog/mercedes-e-class-service-dubai-guide | /blog/mercedes-g63-service-dubai-guide | /brands/mercedes-benz-service-dubai | /mercedes/models/gle-service-repair-dubai | /mercedes/problems | /mercedes/problems/check-engine-light | /mercedes/problems/transmission-slipping,,NO — distinct task
/mercedes/problems/oil-leak,Understand Mercedes Oil Leak and decide next diagnostic step,Specific warning/symptom,Ambiguous / non-service or mixed-brand | c63 model service | e-class model service,Symptom information,/blog/mercedes-e-class-service-dubai-guide | /blog/mercedes-g63-service-dubai-guide | /blog/mercedes-s-class-service-dubai-guide | /brands/mercedes-benz-service-dubai | /mercedes/models/c63-service-repair-dubai | /mercedes/problems | /mercedes/problems/engine-overheating | /mercedes/problems/transmission-slipping,,NO — distinct task
/mercedes/problems/suspension-dropping-overnight,Understand Mercedes Suspension Dropping Overnight and decide next diagnostic step,Specific warning/symptom,Ambiguous / non-service or mixed-brand | Suspension / AIRMATIC | Suspension warning,Symptom information,/blog/mercedes-s-class-service-dubai-guide | /brands/mercedes-benz-service-dubai | /mercedes/models/e63-service-repair-dubai | /mercedes/models/gle-service-repair-dubai | /mercedes/models/gls-service-repair-dubai | /mercedes/problems | /mercedes/problems/airmatic-malfunction | /services/mercedes-suspension-repair-dubai,,NO — distinct task
/mercedes/problems/transmission-slipping,Understand Mercedes Transmission Slipping and decide next diagnostic step,Specific warning/symptom,Ambiguous / non-service or mixed-brand | Jerking / shift symptoms | e-class model service,Symptom information,/blog/mercedes-e-class-service-dubai-guide | /brands/mercedes-benz-service-dubai | /mercedes/models/e63-service-repair-dubai | /mercedes/models/gls-service-repair-dubai | /mercedes/models/s63-service-repair-dubai | /mercedes/problems | /mercedes/problems/gearbox-jerking | /mercedes/problems/oil-leak,,NO — distinct task
/mercedes/problems/wont-start,Understand Mercedes Won't Start and decide next diagnostic step,Specific warning/symptom,Ambiguous / non-service or mixed-brand | c-class model service | e-class model service,Symptom information,/blog/mercedes-c-class-service-dubai-guide | /blog/mercedes-e-class-service-dubai-guide | /blog/mercedes-s-class-service-dubai-guide | /brands/mercedes-benz-service-dubai | /mercedes/models/g-class-service-repair-dubai | /mercedes/models/gle-service-repair-dubai | /mercedes/problems | /mercedes/problems/battery-warning,,NO — distinct task
/services/head-unit-repair-dubai,Assess or book head unit & mercedes comand repair dubai ,Head-unit / COMAND / screen fault,Ambiguous / non-service or mixed-brand | Audio / connectivity upgrades | Body electronics / camera,Commercial service,/brands/mercedes-benz-service-dubai | /services/mercedes-audio-upgrade-dubai | /services/mercedes-electrical-repair-dubai,/services/mercedes-audio-upgrade-dubai,NO — distinct task
/services/mercedes-ac-repair-dubai,Assess or book mercedes ac repair dubai ,AC diagnosis / repair,AC not cooling | Ambiguous / non-service or mixed-brand | c-class model service,Commercial service,/blog/mercedes-c-class-service-dubai-guide | /blog/mercedes-e-class-service-dubai-guide | /blog/mercedes-s-class-service-dubai-guide | /brands/mercedes-benz-service-dubai | /mercedes/models/g-class-service-repair-dubai | /mercedes/models/gle-service-repair-dubai | /mercedes/models/gls-service-repair-dubai | /mercedes/problems/ac-not-cooling,,NO — distinct task
/services/mercedes-audio-upgrade-dubai,Assess or book mercedes stereo & audio upgrade dubai ,Audio / connectivity upgrades,Ambiguous / non-service or mixed-brand | Body electronics / camera | Head-unit / COMAND / screen fault,Commercial service,/brands/mercedes-benz-service-dubai | /services/head-unit-repair-dubai | /services/mercedes-electrical-repair-dubai,/services/head-unit-repair-dubai,NO — distinct task
/services/mercedes-battery-replacement-dubai,Assess or book mercedes battery replacement dubai ,Battery testing / fitting,Ambiguous / non-service or mixed-brand | c-class model service | e-class model service,Commercial service,/blog/mercedes-c-class-service-dubai-guide | /blog/mercedes-e-class-service-dubai-guide | /blog/mercedes-s-class-service-dubai-guide | /brands/mercedes-benz-service-dubai | /mercedes/models/g-class-service-repair-dubai | /mercedes/models/gle-service-repair-dubai | /mercedes/models/gls-service-repair-dubai | /mercedes/problems/battery-warning,/mercedes/problems/battery-warning,NO — distinct task
/services/mercedes-body-repair-dubai,Assess or book mercedes body & accident repair dubai ,Body repair,AC diagnosis / repair | Ambiguous / non-service or mixed-brand | c-class model service,Commercial service,/blog/mercedes-c-class-service-dubai-guide | /blog/mercedes-e-class-service-dubai-guide | /blog/mercedes-s-class-service-dubai-guide | /brands/mercedes-benz-service-dubai | /mercedes/models/g-class-service-repair-dubai | /mercedes/models/gle-service-repair-dubai | /mercedes/models/gls-service-repair-dubai | /services/mercedes-ac-repair-dubai,,NO — distinct task
/services/mercedes-brake-repair-dubai,Assess or book mercedes brake repair & service dubai ,Brakes / ABS,Ambiguous / non-service or mixed-brand | c-class model service | c63 model service,Commercial service,/blog/mercedes-c-class-service-dubai-guide | /blog/mercedes-e-class-service-dubai-guide | /blog/mercedes-s-class-service-dubai-guide | /brands/mercedes-benz-service-dubai | /mercedes/models/c63-service-repair-dubai | /mercedes/models/g-class-service-repair-dubai | /mercedes/models/gle-service-repair-dubai | /mercedes/models/gls-service-repair-dubai,,NO — distinct task
/services/mercedes-diagnostics-dubai,Assess or book mercedes xentry diagnostics dubai ,Diagnostics / XENTRY / coding | Inspection scope,Ambiguous / non-service or mixed-brand | c-class model service | e-class model service,Commercial service,/blog/mercedes-c-class-service-dubai-guide | /blog/mercedes-e-class-service-dubai-guide | /blog/mercedes-s-class-service-dubai-guide | /brands/mercedes-benz-service-dubai | /mercedes/models/g-class-service-repair-dubai | /mercedes/models/gle-service-repair-dubai | /mercedes/models/gls-service-repair-dubai | /mercedes/problems,/services/mercedes-electrical-repair-dubai,NO — distinct task
/services/mercedes-electrical-repair-dubai,Assess or book mercedes electrical repair dubai ,Body electronics / camera | Electrical repair / charging,Ambiguous / non-service or mixed-brand | c-class model service | e-class model service,Commercial service,/blog/mercedes-c-class-service-dubai-guide | /blog/mercedes-e-class-service-dubai-guide | /blog/mercedes-s-class-service-dubai-guide | /brands/mercedes-benz-service-dubai | /mercedes/models/g-class-service-repair-dubai | /mercedes/models/gle-service-repair-dubai | /mercedes/models/gls-service-repair-dubai | /mercedes/problems/battery-warning,/services/mercedes-diagnostics-dubai,NO — distinct task
/services/mercedes-exhaust-repair-dubai,Assess or book mercedes exhaust repair dubai ,Exhaust / emissions,Ambiguous / non-service or mixed-brand | Warning light | c-class model service,Commercial service,/blog/mercedes-c-class-service-dubai-guide | /blog/mercedes-e-class-service-dubai-guide | /blog/mercedes-s-class-service-dubai-guide | /brands/mercedes-benz-service-dubai | /mercedes/models/g-class-service-repair-dubai | /mercedes/models/gle-service-repair-dubai | /mercedes/models/gls-service-repair-dubai | /mercedes/problems/check-engine-light,,NO — distinct task
/services/mercedes-fuel-system-repair-dubai,Assess or book mercedes fuel system repair dubai ,Specific repair/service,Ambiguous / non-service or mixed-brand | Warning light | c-class model service,Commercial service,/blog/mercedes-c-class-service-dubai-guide | /blog/mercedes-e-class-service-dubai-guide | /blog/mercedes-s-class-service-dubai-guide | /brands/mercedes-benz-service-dubai | /mercedes/models/g-class-service-repair-dubai | /mercedes/models/gle-service-repair-dubai | /mercedes/models/gls-service-repair-dubai | /mercedes/problems/check-engine-light,,NO — distinct task
/services/mercedes-mechanical-repair-dubai,Assess or book mercedes engine & mechanical repair dubai ,Mechanical / engine / cooling,Ambiguous / non-service or mixed-brand | c-class model service | e-class model service,Commercial service,/blog/mercedes-c-class-service-dubai-guide | /blog/mercedes-e-class-service-dubai-guide | /blog/mercedes-g63-service-dubai-guide | /blog/mercedes-s-class-service-dubai-guide | /brands/mercedes-benz-service-dubai | /mercedes/models/g-class-service-repair-dubai | /mercedes/models/gle-service-repair-dubai | /mercedes/models/gls-service-repair-dubai,,NO — distinct task
/services/mercedes-oil-change-dubai,Assess or book mercedes oil change dubai ,Oil change,Ambiguous / non-service or mixed-brand | Intervals / schedule | Service cost / scope,Commercial service,/blog/mercedes-c-class-service-dubai-guide | /blog/mercedes-e-class-service-dubai-guide | /blog/mercedes-s-class-service-dubai-guide | /blog/mercedes-service-cost-dubai-guide | /blog/mercedes-service-intervals-dubai-heat | /brands/mercedes-benz-service-dubai | /mercedes/models/g-class-service-repair-dubai | /mercedes/models/gle-service-repair-dubai,/brands/mercedes-benz-service-dubai,NO — distinct task
/services/mercedes-steering-repair-dubai,Assess or book mercedes steering repair dubai ,Steering / alignment,AC diagnosis / repair | Ambiguous / non-service or mixed-brand | c-class model service,Commercial service,/blog/mercedes-c-class-service-dubai-guide | /blog/mercedes-e-class-service-dubai-guide | /blog/mercedes-s-class-service-dubai-guide | /brands/mercedes-benz-service-dubai | /mercedes/models/g-class-service-repair-dubai | /mercedes/models/gle-service-repair-dubai | /mercedes/models/gls-service-repair-dubai | /services/mercedes-ac-repair-dubai,,NO — distinct task
/services/mercedes-suspension-repair-dubai,Assess or book mercedes suspension repair dubai ,Suspension / AIRMATIC,Ambiguous / non-service or mixed-brand | Suspension warning | c-class model service,Commercial service,/blog/mercedes-c-class-service-dubai-guide | /blog/mercedes-e-class-service-dubai-guide | /blog/mercedes-s-class-service-dubai-guide | /brands/mercedes-benz-service-dubai | /mercedes/models/g-class-service-repair-dubai | /mercedes/models/gle-service-repair-dubai | /mercedes/models/gls-service-repair-dubai | /mercedes/problems/airmatic-malfunction,/mercedes/problems/airmatic-malfunction,NO — distinct task
/services/mercedes-tire-repair-dubai,Assess or book mercedes tyre repair dubai ,Tyres / wheels,AC diagnosis / repair | Ambiguous / non-service or mixed-brand | c-class model service,Commercial service,/blog/mercedes-c-class-service-dubai-guide | /blog/mercedes-e-class-service-dubai-guide | /blog/mercedes-s-class-service-dubai-guide | /brands/mercedes-benz-service-dubai | /mercedes/models/g-class-service-repair-dubai | /mercedes/models/gle-service-repair-dubai | /mercedes/models/gls-service-repair-dubai | /services/mercedes-ac-repair-dubai,,NO — distinct task
/services/mercedes-transmission-repair-dubai,Assess or book mercedes transmission & gearbox repair dubai ,Transmission / gearbox,Ambiguous / non-service or mixed-brand | Jerking / shift symptoms | c-class model service,Commercial service,/blog/mercedes-c-class-service-dubai-guide | /blog/mercedes-e-class-service-dubai-guide | /blog/mercedes-s-class-service-dubai-guide | /brands/mercedes-benz-service-dubai | /mercedes/models/g-class-service-repair-dubai | /mercedes/models/gle-service-repair-dubai | /mercedes/models/gls-service-repair-dubai | /mercedes/problems/gearbox-jerking,/mercedes/problems/gearbox-jerking,NO — distinct task
