url,page_type,old_title,new_title,old_h1,new_h1,primary_intent,content_change,internal_link_change,faq_change,schema_change,reason
/ar/brands/jetour-service-dubai,Arabic brand hub,إصلاح وصيانة Jetour في دبي | مركز ديجي-تك,RETAINED,Jetour للإصلاح والصيانة في دبي,RETAINED,Jetour للإصلاح والصيانة في دبي,"Jetour model, service and diagnostic scope clarified",Added: /ar/brands/aston-martin-service-dubai | /ar/brands/defender-service-dubai | /ar/brands/range-rover-service-dubai | /ar/services/transmission-repair-dubai; removed: /ar/brands/bugatti-service-dubai | /ar/brands/land-rover-service-dubai | /ar/brands/mercedes-benz-service-dubai | /ar/services/mechanical-repair-dubai,RETAINED,RETAINED,Distinct Jetour/ROX tasks and conservative technical scope without route-policy changes
/ar/brands/jetour-service-dubai/ac-repair,Arabic brand service,إصلاح التكييف Jetour في دبي | ديجي-تك,RETAINED,إصلاح التكييف Jetour في دبي,RETAINED,إصلاح التكييف Jetour في دبي,"Jetour model, service and diagnostic scope clarified",RETAINED,RETAINED,RETAINED,Distinct Jetour/ROX tasks and conservative technical scope without route-policy changes
/ar/brands/jetour-service-dubai/battery-replacement,Arabic brand service,تبديل البطارية Jetour في دبي | ديجي-تك,RETAINED,تبديل البطارية Jetour في دبي,RETAINED,تبديل البطارية Jetour في دبي,"Jetour model, service and diagnostic scope clarified",RETAINED,RETAINED,RETAINED,Distinct Jetour/ROX tasks and conservative technical scope without route-policy changes
/ar/brands/jetour-service-dubai/body-repair,Arabic brand service,إصلاح الهيكل Jetour في دبي | ديجي-تك,RETAINED,إصلاح الهيكل Jetour في دبي,RETAINED,إصلاح الهيكل Jetour في دبي,"Jetour model, service and diagnostic scope clarified",RETAINED,RETAINED,RETAINED,Distinct Jetour/ROX tasks and conservative technical scope without route-policy changes
/ar/brands/jetour-service-dubai/brake-repair,Arabic brand service,إصلاح الفرامل Jetour في دبي | ديجي-تك,RETAINED,إصلاح الفرامل Jetour في دبي,RETAINED,إصلاح الفرامل Jetour في دبي,"Jetour model, service and diagnostic scope clarified",RETAINED,RETAINED,RETAINED,Distinct Jetour/ROX tasks and conservative technical scope without route-policy changes
/ar/brands/jetour-service-dubai/electrical-repair,Arabic brand service,إصلاح الكهرباء Jetour في دبي | ديجي-تك,RETAINED,إصلاح الكهرباء Jetour في دبي,RETAINED,إصلاح الكهرباء Jetour في دبي,"Jetour model, service and diagnostic scope clarified",RETAINED,RETAINED,RETAINED,Distinct Jetour/ROX tasks and conservative technical scope without route-policy changes
/ar/brands/jetour-service-dubai/engine-diagnostics,Arabic brand service,تشخيص المحرك Jetour في دبي | ديجي-تك,RETAINED,تشخيص المحرك Jetour في دبي,RETAINED,تشخيص المحرك Jetour في دبي,"Jetour model, service and diagnostic scope clarified",RETAINED,RETAINED,RETAINED,Distinct Jetour/ROX tasks and conservative technical scope without route-policy changes
/ar/brands/jetour-service-dubai/exhaust-repair,Arabic brand service,إصلاح العادم Jetour في دبي | ديجي-تك,RETAINED,إصلاح العادم Jetour في دبي,RETAINED,إصلاح العادم Jetour في دبي,"Jetour model, service and diagnostic scope clarified",RETAINED,RETAINED,RETAINED,Distinct Jetour/ROX tasks and conservative technical scope without route-policy changes
/ar/brands/jetour-service-dubai/fuel-system-repair,Arabic brand service,إصلاح نظام الوقود Jetour في دبي | ديجي-تك,RETAINED,إصلاح نظام الوقود Jetour في دبي,RETAINED,إصلاح نظام الوقود Jetour في دبي,"Jetour model, service and diagnostic scope clarified",RETAINED,RETAINED,RETAINED,Distinct Jetour/ROX tasks and conservative technical scope without route-policy changes
/ar/brands/jetour-service-dubai/mechanical-repair,Arabic brand service,الإصلاح الميكانيكي Jetour في دبي | ديجي-تك,RETAINED,الإصلاح الميكانيكي Jetour في دبي,RETAINED,الإصلاح الميكانيكي Jetour في دبي,"Jetour model, service and diagnostic scope clarified",RETAINED,RETAINED,RETAINED,Distinct Jetour/ROX tasks and conservative technical scope without route-policy changes
/ar/brands/jetour-service-dubai/oil-change,Arabic brand service,تغيير الزيت Jetour في دبي | ديجي-تك,RETAINED,تغيير الزيت Jetour في دبي,RETAINED,تغيير الزيت Jetour في دبي,"Jetour model, service and diagnostic scope clarified",RETAINED,RETAINED,RETAINED,Distinct Jetour/ROX tasks and conservative technical scope without route-policy changes
/ar/brands/jetour-service-dubai/steering-repair,Arabic brand service,إصلاح نظام التوجيه Jetour في دبي | ديجي-تك,RETAINED,إصلاح نظام التوجيه Jetour في دبي,RETAINED,إصلاح نظام التوجيه Jetour في دبي,"Jetour model, service and diagnostic scope clarified",RETAINED,RETAINED,RETAINED,Distinct Jetour/ROX tasks and conservative technical scope without route-policy changes
/ar/brands/jetour-service-dubai/suspension-repair,Arabic brand service,إصلاح التعليق Jetour في دبي | ديجي-تك,RETAINED,إصلاح التعليق Jetour في دبي,RETAINED,إصلاح التعليق Jetour في دبي,"Jetour model, service and diagnostic scope clarified",RETAINED,RETAINED,RETAINED,Distinct Jetour/ROX tasks and conservative technical scope without route-policy changes
/ar/brands/jetour-service-dubai/tire-repair,Arabic brand service,إصلاح الإطارات Jetour في دبي | ديجي-تك,RETAINED,إصلاح الإطارات Jetour في دبي,RETAINED,إصلاح الإطارات Jetour في دبي,"Jetour model, service and diagnostic scope clarified",RETAINED,RETAINED,RETAINED,Distinct Jetour/ROX tasks and conservative technical scope without route-policy changes
/ar/brands/jetour-service-dubai/transmission-repair,Arabic brand service,إصلاح ناقل الحركة Jetour في دبي | ديجي-تك,RETAINED,إصلاح ناقل الحركة Jetour في دبي,RETAINED,إصلاح ناقل الحركة Jetour في دبي,"Jetour model, service and diagnostic scope clarified",RETAINED,RETAINED,RETAINED,Distinct Jetour/ROX tasks and conservative technical scope without route-policy changes
/brands/jetour-service-dubai,brand hub,Jetour Repair Dubai | Digi-Tec,Jetour Service & Repair Dubai | DIGI-TEC Al Quoz,Jetour Repair & Service Dubai,RETAINED,Jetour Repair & Service Dubai,"Jetour model, service and diagnostic scope clarified",Added: /brands/aston-martin-service-dubai | /brands/defender-service-dubai | /brands/range-rover-service-dubai | /services/auto-electrical-repair-dubai | /services/transmission-repair-dubai; removed: /brands/bugatti-service-dubai | /brands/land-rover-service-dubai | /brands/mercedes-benz-service-dubai | /services/mechanical-repair-dubai,Visible FAQ or page-specific wording updated,Existing schema content updated to match visible copy,Distinct Jetour/ROX tasks and conservative technical scope without route-policy changes
/brands/jetour-service-dubai/ac-repair,brand service,Jetour AC Repair Dubai | Digi-Tec,RETAINED,Jetour AC Repair Dubai,RETAINED,Jetour AC Repair Dubai,"Jetour model, service and diagnostic scope clarified",RETAINED,Visible FAQ or page-specific wording updated,Existing schema content updated to match visible copy,Distinct Jetour/ROX tasks and conservative technical scope without route-policy changes
/brands/jetour-service-dubai/battery-replacement,brand service,Jetour Battery Replacement Dubai | Digi-Tec,RETAINED,Jetour Battery Replacement Dubai,RETAINED,Jetour Battery Replacement Dubai,"Jetour model, service and diagnostic scope clarified",RETAINED,RETAINED,RETAINED,Distinct Jetour/ROX tasks and conservative technical scope without route-policy changes
/brands/jetour-service-dubai/body-repair,brand service,Jetour Body Repair Dubai | Digi-Tec,RETAINED,Jetour Body Repair Dubai,RETAINED,Jetour Body Repair Dubai,"Jetour model, service and diagnostic scope clarified",RETAINED,RETAINED,RETAINED,Distinct Jetour/ROX tasks and conservative technical scope without route-policy changes
/brands/jetour-service-dubai/brake-repair,brand service,Jetour Brake Repair Dubai | Digi-Tec,RETAINED,Jetour Brake Repair Dubai,RETAINED,Jetour Brake Repair Dubai,"Jetour model, service and diagnostic scope clarified",RETAINED,Visible FAQ or page-specific wording updated,Existing schema content updated to match visible copy,Distinct Jetour/ROX tasks and conservative technical scope without route-policy changes
/brands/jetour-service-dubai/electrical-repair,brand service,Jetour Electrical Repair Dubai | Digi-Tec,RETAINED,Jetour Electrical Repair Dubai,RETAINED,Jetour Electrical Repair Dubai,"Jetour model, service and diagnostic scope clarified",RETAINED,RETAINED,RETAINED,Distinct Jetour/ROX tasks and conservative technical scope without route-policy changes
/brands/jetour-service-dubai/engine-diagnostics,brand service,Jetour Engine Diagnostics Dubai | Digi-Tec,RETAINED,Jetour Engine Diagnostics Dubai,Jetour Warning-Light & Diagnostic Assessment in Dubai,Jetour Warning-Light & Diagnostic Assessment in Dubai,"Jetour model, service and diagnostic scope clarified",RETAINED,Visible FAQ or page-specific wording updated,Existing schema content updated to match visible copy,Distinct Jetour/ROX tasks and conservative technical scope without route-policy changes
/brands/jetour-service-dubai/exhaust-repair,brand service,Jetour Exhaust Repair Dubai | Digi-Tec,RETAINED,Jetour Exhaust Repair Dubai,RETAINED,Jetour Exhaust Repair Dubai,"Jetour model, service and diagnostic scope clarified",RETAINED,RETAINED,RETAINED,Distinct Jetour/ROX tasks and conservative technical scope without route-policy changes
/brands/jetour-service-dubai/fuel-system-repair,brand service,Jetour Fuel System Repair Dubai | Digi-Tec,RETAINED,Jetour Fuel System Repair Dubai,RETAINED,Jetour Fuel System Repair Dubai,"Jetour model, service and diagnostic scope clarified",RETAINED,RETAINED,RETAINED,Distinct Jetour/ROX tasks and conservative technical scope without route-policy changes
/brands/jetour-service-dubai/mechanical-repair,brand service,Jetour Mechanical Repair Dubai | Digi-Tec,RETAINED,Jetour Mechanical Repair Dubai,RETAINED,Jetour Mechanical Repair Dubai,"Jetour model, service and diagnostic scope clarified",RETAINED,RETAINED,RETAINED,Distinct Jetour/ROX tasks and conservative technical scope without route-policy changes
/brands/jetour-service-dubai/oil-change,brand service,Jetour Oil Change Dubai | Digi-Tec,RETAINED,Jetour Oil Change Dubai,RETAINED,Jetour Oil Change Dubai,"Jetour model, service and diagnostic scope clarified",RETAINED,Visible FAQ or page-specific wording updated,Existing schema content updated to match visible copy,Distinct Jetour/ROX tasks and conservative technical scope without route-policy changes
/brands/jetour-service-dubai/steering-repair,brand service,Jetour Steering Repair Dubai | Digi-Tec,RETAINED,Jetour Steering Repair Dubai,RETAINED,Jetour Steering Repair Dubai,"Jetour model, service and diagnostic scope clarified",RETAINED,RETAINED,RETAINED,Distinct Jetour/ROX tasks and conservative technical scope without route-policy changes
/brands/jetour-service-dubai/suspension-repair,brand service,Jetour Suspension Repair Dubai | Digi-Tec,RETAINED,Jetour Suspension Repair Dubai,RETAINED,Jetour Suspension Repair Dubai,"Jetour model, service and diagnostic scope clarified",RETAINED,Visible FAQ or page-specific wording updated,Existing schema content updated to match visible copy,Distinct Jetour/ROX tasks and conservative technical scope without route-policy changes
/brands/jetour-service-dubai/tire-repair,brand service,Jetour Tyre Repair Dubai | Digi-Tec,RETAINED,Jetour Tyre Repair Dubai,RETAINED,Jetour Tyre Repair Dubai,"Jetour model, service and diagnostic scope clarified",RETAINED,RETAINED,RETAINED,Distinct Jetour/ROX tasks and conservative technical scope without route-policy changes
/brands/jetour-service-dubai/transmission-repair,brand service,Jetour Transmission Repair Dubai | Digi-Tec,RETAINED,Jetour Transmission Repair Dubai,RETAINED,Jetour Transmission Repair Dubai,"Jetour model, service and diagnostic scope clarified",RETAINED,Visible FAQ or page-specific wording updated,Existing schema content updated to match visible copy,Distinct Jetour/ROX tasks and conservative technical scope without route-policy changes
