keyword,normalized_keyword,source,source_file,source_period,measured_or_generated,gsc_clicks,gsc_impressions,gsc_ctr,gsc_position,reason_deferred,suggested_future_cluster,current_supporting_owner,notes
check engine light,check engine light,Service Taxonomy!B24,DIGI-TEC_SEO_Keyword_Universe_Dubai.xlsx,,GENERATED TAXONOMY,,,,,Symptom-first task deferred to G2; commercial owner may support,Engine,/services/mechanical-repair-dubai,Source observation retained independently; normalized counts deduplicate terms. No measured metrics; demand not inferred.
engine warning light,engine warning light,Service Taxonomy!B25,DIGI-TEC_SEO_Keyword_Universe_Dubai.xlsx,,GENERATED TAXONOMY,,,,,Symptom-first task deferred to G2; commercial owner may support,Engine,/services/mechanical-repair-dubai,Source observation retained independently; normalized counts deduplicate terms. No measured metrics; demand not inferred.
dashboard warning light,dashboard warning light,Service Taxonomy!B26,DIGI-TEC_SEO_Keyword_Universe_Dubai.xlsx,,GENERATED TAXONOMY,,,,,Symptom-first task deferred to G2; commercial owner may support,Symptom,,Source observation retained independently; normalized counts deduplicate terms. No measured metrics; demand not inferred.
misfire repair,misfire repair,Service Taxonomy!B38,DIGI-TEC_SEO_Keyword_Universe_Dubai.xlsx,,GENERATED TAXONOMY,,,,,Problem-first intent reserved for G2 even when phrased as repair,Symptom,/services/car-diagnostics-dubai,Source observation retained independently; normalized counts deduplicate terms. No measured metrics; demand not inferred.
engine overheating repair,engine overheating repair,Service Taxonomy!B39,DIGI-TEC_SEO_Keyword_Universe_Dubai.xlsx,,GENERATED TAXONOMY,,,,,Problem-first intent reserved for G2 even when phrased as repair,Symptom,/services/car-diagnostics-dubai,Source observation retained independently; normalized counts deduplicate terms. No measured metrics; demand not inferred.
loss of power repair,loss of power repair,Service Taxonomy!B40,DIGI-TEC_SEO_Keyword_Universe_Dubai.xlsx,,GENERATED TAXONOMY,,,,,Problem-first intent reserved for G2 even when phrased as repair,Symptom,/services/car-diagnostics-dubai,Source observation retained independently; normalized counts deduplicate terms. No measured metrics; demand not inferred.
gear shifting problem,gear shifting problem,Service Taxonomy!B51,DIGI-TEC_SEO_Keyword_Universe_Dubai.xlsx,,GENERATED TAXONOMY,,,,,Problem-first intent reserved for G2 even when phrased as repair,Symptom,/services/car-diagnostics-dubai,Source observation retained independently; normalized counts deduplicate terms. No measured metrics; demand not inferred.
ac not cooling,ac not cooling,Service Taxonomy!B59,DIGI-TEC_SEO_Keyword_Universe_Dubai.xlsx,,GENERATED TAXONOMY,,,,,Symptom-first task deferred to G2; commercial owner may support,AC repair,/services/car-ac-repair-dubai,Source observation retained independently; normalized counts deduplicate terms. No measured metrics; demand not inferred.
overheating repair,overheating repair,Service Taxonomy!B65,DIGI-TEC_SEO_Keyword_Universe_Dubai.xlsx,,GENERATED TAXONOMY,,,,,Problem-first intent reserved for G2 even when phrased as repair,Symptom,/services/car-diagnostics-dubai,Source observation retained independently; normalized counts deduplicate terms. No measured metrics; demand not inferred.
suspension warning light,suspension warning light,Service Taxonomy!B74,DIGI-TEC_SEO_Keyword_Universe_Dubai.xlsx,,GENERATED TAXONOMY,,,,,Symptom-first task deferred to G2; commercial owner may support,Suspension,/services/suspension-repair-dubai,Source observation retained independently; normalized counts deduplicate terms. No measured metrics; demand not inferred.
abs warning light,abs warning light,Service Taxonomy!B92,DIGI-TEC_SEO_Keyword_Universe_Dubai.xlsx,,GENERATED TAXONOMY,,,,,Symptom-first task deferred to G2; commercial owner may support,Brakes,/services/brake-repair-dubai,Source observation retained independently; normalized counts deduplicate terms. No measured metrics; demand not inferred.
camera not working,camera not working,Service Taxonomy!B120,DIGI-TEC_SEO_Keyword_Universe_Dubai.xlsx,,GENERATED TAXONOMY,,,,,Symptom-first task deferred to G2; commercial owner may support,Reverse camera repair,/services/auto-electrical-repair-dubai,Source observation retained independently; normalized counts deduplicate terms. No measured metrics; demand not inferred.
AC not cooling,ac not cooling,Page Strategy!C5,DIGI-TEC_SEO_Keyword_Universe_Dubai.xlsx,,RESEARCH,,,,,Symptom-first task deferred to G2; commercial owner may support,AC repair,/services/car-ac-repair-dubai,Source observation retained independently; normalized counts deduplicate terms. No measured metrics; demand not inferred.
 car overheating,car overheating,Page Strategy!C5,DIGI-TEC_SEO_Keyword_Universe_Dubai.xlsx,,RESEARCH,,,,,Problem-first intent reserved for G2 even when phrased as repair,Symptom,/services/car-diagnostics-dubai,Source observation retained independently; normalized counts deduplicate terms. No measured metrics; demand not inferred.
 gearbox not shifting,transmission not shifting,Page Strategy!C5,DIGI-TEC_SEO_Keyword_Universe_Dubai.xlsx,,RESEARCH,,,,,Symptom-first task deferred to G2; commercial owner may support,Transmission repair,/services/transmission-repair-dubai,Source observation retained independently; normalized counts deduplicate terms. No measured metrics; demand not inferred.
تكييف السيارة مو بارد دبي,تكييف السيارة مو بارد دبي,Queries!A730,digitecme.com-Performance-on-Search-2026-09-13.xlsx,2026-09-05 to 2026-09-11,MEASURED GSC,0,2.0,0,18.0,Problem-first intent reserved for G2 even when phrased as repair,Symptom,/services/car-diagnostics-dubai,Source observation retained independently; normalized counts deduplicate terms. Original export; no query-page join.
تكييف السيارة مو بارد دبي,تكييف السيارة مو بارد دبي,Queries!A716,digitecme.com-Performance-on-Search-2026-09-16.xlsx,2026-09-07 to 2026-09-13,MEASURED GSC,0,2.0,0,18.0,Problem-first intent reserved for G2 even when phrased as repair,Symptom,/services/car-diagnostics-dubai,Source observation retained independently; normalized counts deduplicate terms. Original export; no query-page join.
تكييف السيارة مو بارد دبي,تكييف السيارة مو بارد دبي,Queries!A747,digitecme.com-Performance-on-Search-2026-09-18.xlsx,2026-09-09 to 2026-09-15,MEASURED GSC,0,2.0,0,18.0,Problem-first intent reserved for G2 even when phrased as repair,Symptom,/services/car-diagnostics-dubai,Source observation retained independently; normalized counts deduplicate terms. Original export; no query-page join.
car won’t start,car won't start,Explicit G1 brief query example,G1 user brief,,BRIEF EXAMPLE,,,,,Symptom-first task deferred to G2; commercial owner may support,Symptom,,Source observation retained independently; normalized counts deduplicate terms. No measured metrics; demand not inferred.
car overheating,car overheating,Explicit G1 brief query example,G1 user brief,,BRIEF EXAMPLE,,,,,Problem-first intent reserved for G2 even when phrased as repair,Symptom,/services/car-diagnostics-dubai,Source observation retained independently; normalized counts deduplicate terms. No measured metrics; demand not inferred.
gearbox jerking,transmission jerking,Explicit G1 brief query example,G1 user brief,,BRIEF EXAMPLE,,,,,Symptom-first task deferred to G2; commercial owner may support,Transmission repair,/services/transmission-repair-dubai,Source observation retained independently; normalized counts deduplicate terms. No measured metrics; demand not inferred.
transmission slipping,transmission slipping,Explicit G1 brief query example,G1 user brief,,BRIEF EXAMPLE,,,,,Symptom-first task deferred to G2; commercial owner may support,Transmission repair,/services/transmission-repair-dubai,Source observation retained independently; normalized counts deduplicate terms. No measured metrics; demand not inferred.
battery keeps dying,battery keeps dying,Explicit G1 brief query example,G1 user brief,,BRIEF EXAMPLE,,,,,Symptom-first task deferred to G2; commercial owner may support,Battery,/services/battery-replacement-dubai,Source observation retained independently; normalized counts deduplicate terms. No measured metrics; demand not inferred.
AC not cooling,ac not cooling,Explicit G1 brief query example,G1 user brief,,BRIEF EXAMPLE,,,,,Symptom-first task deferred to G2; commercial owner may support,AC repair,/services/car-ac-repair-dubai,Source observation retained independently; normalized counts deduplicate terms. No measured metrics; demand not inferred.
check engine light,check engine light,Explicit G1 brief query example,G1 user brief,,BRIEF EXAMPLE,,,,,Symptom-first task deferred to G2; commercial owner may support,Engine,/services/mechanical-repair-dubai,Source observation retained independently; normalized counts deduplicate terms. No measured metrics; demand not inferred.
car shaking,car shaking,Explicit G1 brief query example,G1 user brief,,BRIEF EXAMPLE,,,,,Symptom-first task deferred to G2; commercial owner may support,Symptom,,Source observation retained independently; normalized counts deduplicate terms. No measured metrics; demand not inferred.
oil leak,oil leak,Explicit G1 brief query example,G1 user brief,,BRIEF EXAMPLE,,,,,Symptom-first task deferred to G2; commercial owner may support,Symptom,,Source observation retained independently; normalized counts deduplicate terms. No measured metrics; demand not inferred.
