keyword,normalized_keyword,source_period,gsc_clicks,gsc_impressions,gsc_ctr,gsc_position,problem_family,problem_intent,editorial_owner,g1_commercial_owner,position_band,opportunity_reason,g2_action,evidence_limitation
tire puncture repair near me,tyre puncture repair near me,2026-08-06 to 2026-09-02,0.0,31.0,0.0,10.35,Tyre / wheel symptoms,tyre puncture repair near me,/services/tire-repair-dubai,/services/tire-repair-dubai,11–20,Zero/low clicks in this measured window; low-volume evidence,RETAINED,Query-only export; not historical landing URL. Window overlaps others; do not sum. Original source: digitecme.com-Performance-on-Search-2026-09-05.xlsx
car electrical fault repair in dubai,car electrical fault repair in dubai,2026-08-06 to 2026-09-02,0.0,9.0,0.0,41.44,Electrical symptoms,car electrical fault repair in dubai,/services/auto-electrical-repair-dubai,/services/auto-electrical-repair-dubai,>30,Zero/low clicks in this measured window; low-volume evidence,RETAINED,Query-only export; not historical landing URL. Window overlaps others; do not sum. Original source: digitecme.com-Performance-on-Search-2026-09-05.xlsx
puncture service near me,puncture service near me,2026-08-06 to 2026-09-02,0.0,4.0,0.0,10.5,Tyre / wheel symptoms,puncture service near me,/services/tire-repair-dubai,/services/tire-repair-dubai,11–20,Zero/low clicks in this measured window; low-volume evidence,RETAINED,Query-only export; not historical landing URL. Window overlaps others; do not sum. Original source: digitecme.com-Performance-on-Search-2026-09-05.xlsx
where to get puncture repaired near me,where to get puncture repaired near me,2026-08-06 to 2026-09-02,0.0,4.0,0.0,11.25,Tyre / wheel symptoms,where to get puncture repaired near me,/services/tire-repair-dubai,/services/tire-repair-dubai,11–20,Zero/low clicks in this measured window; low-volume evidence,RETAINED,Query-only export; not historical landing URL. Window overlaps others; do not sum. Original source: digitecme.com-Performance-on-Search-2026-09-05.xlsx
tire puncture repair near me,tyre puncture repair near me,2026-06-07 to 2026-09-06,0.0,78.0,0.0,8.78,Tyre / wheel symptoms,tyre puncture repair near me,/services/tire-repair-dubai,/services/tire-repair-dubai,4–10,Zero/low clicks in this measured window; low-volume evidence,RETAINED,Query-only export; not historical landing URL. Window overlaps others; do not sum. Original source: digitecme.com-Performance-on-Search-2026-09-08 (2) (1).xlsx
puncture repair near me,puncture repair near me,2026-06-07 to 2026-09-06,0.0,58.0,0.0,9.1,Tyre / wheel symptoms,puncture repair near me,/services/tire-repair-dubai,/services/tire-repair-dubai,4–10,Zero/low clicks in this measured window; low-volume evidence,RETAINED,Query-only export; not historical landing URL. Window overlaps others; do not sum. Original source: digitecme.com-Performance-on-Search-2026-09-08 (2) (1).xlsx
car electrical fault repair in dubai,car electrical fault repair in dubai,2026-06-07 to 2026-09-06,0.0,21.0,0.0,48.38,Electrical symptoms,car electrical fault repair in dubai,/services/auto-electrical-repair-dubai,/services/auto-electrical-repair-dubai,>30,Zero/low clicks in this measured window; low-volume evidence,RETAINED,Query-only export; not historical landing URL. Window overlaps others; do not sum. Original source: digitecme.com-Performance-on-Search-2026-09-08 (2) (1).xlsx
puncture near me,puncture near me,2026-06-07 to 2026-09-06,0.0,11.0,0.0,7.18,Tyre / wheel symptoms,puncture near me,/services/tire-repair-dubai,/services/tire-repair-dubai,4–10,Zero/low clicks in this measured window; low-volume evidence,RETAINED,Query-only export; not historical landing URL. Window overlaps others; do not sum. Original source: digitecme.com-Performance-on-Search-2026-09-08 (2) (1).xlsx
tyre puncture repair dubai,tyre puncture repair dubai,2026-09-05 to 2026-09-11,0.0,12.0,0.0,41.75,Tyre / wheel symptoms,tyre puncture repair dubai,/services/tire-repair-dubai,/services/tire-repair-dubai,>30,Zero/low clicks in this measured window; low-volume evidence,RETAINED,Query-only export; not historical landing URL. Window overlaps others; do not sum. Original source: digitecme.com-Performance-on-Search-2026-09-13.xlsx
تكييف السيارة مو بارد دبي,تكييف السيارة مو بارد دبي,2026-09-05 to 2026-09-11,0.0,2.0,0.0,18.0,AC cooling / airflow,تكييف السيارة مو بارد دبي,/ar/blog/car-ac-not-cold-dubai-causes,/ar/services/car-ac-repair-dubai,11–20,Zero/low clicks in this measured window; low-volume evidence,Improve guide safety and commercial path,Query-only export; not historical landing URL. Window overlaps others; do not sum. Original source: digitecme.com-Performance-on-Search-2026-09-13.xlsx
car electrical fault repair in dubai,car electrical fault repair in dubai,2026-09-05 to 2026-09-11,0.0,2.0,0.0,30.5,Electrical symptoms,car electrical fault repair in dubai,/services/auto-electrical-repair-dubai,/services/auto-electrical-repair-dubai,>30,Zero/low clicks in this measured window; low-volume evidence,RETAINED,Query-only export; not historical landing URL. Window overlaps others; do not sum. Original source: digitecme.com-Performance-on-Search-2026-09-13.xlsx
puncture repair dubai,puncture repair dubai,2026-09-05 to 2026-09-11,0.0,2.0,0.0,32.5,Tyre / wheel symptoms,puncture repair dubai,/services/tire-repair-dubai,/services/tire-repair-dubai,>30,Zero/low clicks in this measured window; low-volume evidence,RETAINED,Query-only export; not historical landing URL. Window overlaps others; do not sum. Original source: digitecme.com-Performance-on-Search-2026-09-13.xlsx
car tyre puncture repair,car tyre puncture repair,2026-09-05 to 2026-09-11,0.0,2.0,0.0,38.5,Tyre / wheel symptoms,car tyre puncture repair,/services/tire-repair-dubai,/services/tire-repair-dubai,>30,Zero/low clicks in this measured window; low-volume evidence,RETAINED,Query-only export; not historical landing URL. Window overlaps others; do not sum. Original source: digitecme.com-Performance-on-Search-2026-09-13.xlsx
tyre puncture repair dubai,tyre puncture repair dubai,2026-09-07 to 2026-09-13,0.0,12.0,0.0,41.33,Tyre / wheel symptoms,tyre puncture repair dubai,/services/tire-repair-dubai,/services/tire-repair-dubai,>30,Zero/low clicks in this measured window; low-volume evidence,RETAINED,Query-only export; not historical landing URL. Window overlaps others; do not sum. Original source: digitecme.com-Performance-on-Search-2026-09-16.xlsx
تكييف السيارة مو بارد دبي,تكييف السيارة مو بارد دبي,2026-09-07 to 2026-09-13,0.0,2.0,0.0,18.0,AC cooling / airflow,تكييف السيارة مو بارد دبي,/ar/blog/car-ac-not-cold-dubai-causes,/ar/services/car-ac-repair-dubai,11–20,Zero/low clicks in this measured window; low-volume evidence,Improve guide safety and commercial path,Query-only export; not historical landing URL. Window overlaps others; do not sum. Original source: digitecme.com-Performance-on-Search-2026-09-16.xlsx
check engine light diagnostic cost,check engine light diagnostic cost,2026-09-07 to 2026-09-13,0.0,2.0,0.0,30.0,Check-engine warning,check engine light diagnostic cost,/services/car-diagnostics-dubai,/services/car-diagnostics-dubai,21–30,Zero/low clicks in this measured window; low-volume evidence,RETAINED,Query-only export; not historical landing URL. Window overlaps others; do not sum. Original source: digitecme.com-Performance-on-Search-2026-09-16.xlsx
car electrical fault repair in dubai,car electrical fault repair in dubai,2026-09-07 to 2026-09-13,0.0,2.0,0.0,30.5,Electrical symptoms,car electrical fault repair in dubai,/services/auto-electrical-repair-dubai,/services/auto-electrical-repair-dubai,>30,Zero/low clicks in this measured window; low-volume evidence,RETAINED,Query-only export; not historical landing URL. Window overlaps others; do not sum. Original source: digitecme.com-Performance-on-Search-2026-09-16.xlsx
puncture repair dubai,puncture repair dubai,2026-09-07 to 2026-09-13,0.0,2.0,0.0,32.5,Tyre / wheel symptoms,puncture repair dubai,/services/tire-repair-dubai,/services/tire-repair-dubai,>30,Zero/low clicks in this measured window; low-volume evidence,RETAINED,Query-only export; not historical landing URL. Window overlaps others; do not sum. Original source: digitecme.com-Performance-on-Search-2026-09-16.xlsx
tyre puncture repair dubai,tyre puncture repair dubai,2026-09-09 to 2026-09-15,0.0,13.0,0.0,40.31,Tyre / wheel symptoms,tyre puncture repair dubai,/services/tire-repair-dubai,/services/tire-repair-dubai,>30,Zero/low clicks in this measured window; low-volume evidence,RETAINED,Query-only export; not historical landing URL. Window overlaps others; do not sum. Original source: digitecme.com-Performance-on-Search-2026-09-18.xlsx
تكييف السيارة مو بارد دبي,تكييف السيارة مو بارد دبي,2026-09-09 to 2026-09-15,0.0,2.0,0.0,18.0,AC cooling / airflow,تكييف السيارة مو بارد دبي,/ar/blog/car-ac-not-cold-dubai-causes,/ar/services/car-ac-repair-dubai,11–20,Zero/low clicks in this measured window; low-volume evidence,Improve guide safety and commercial path,Query-only export; not historical landing URL. Window overlaps others; do not sum. Original source: digitecme.com-Performance-on-Search-2026-09-18.xlsx
check engine light diagnostic cost,check engine light diagnostic cost,2026-09-09 to 2026-09-15,0.0,2.0,0.0,30.0,Check-engine warning,check engine light diagnostic cost,/services/car-diagnostics-dubai,/services/car-diagnostics-dubai,21–30,Zero/low clicks in this measured window; low-volume evidence,RETAINED,Query-only export; not historical landing URL. Window overlaps others; do not sum. Original source: digitecme.com-Performance-on-Search-2026-09-18.xlsx
car electrical fault repair in dubai,car electrical fault repair in dubai,2026-09-09 to 2026-09-15,0.0,2.0,0.0,30.5,Electrical symptoms,car electrical fault repair in dubai,/services/auto-electrical-repair-dubai,/services/auto-electrical-repair-dubai,>30,Zero/low clicks in this measured window; low-volume evidence,RETAINED,Query-only export; not historical landing URL. Window overlaps others; do not sum. Original source: digitecme.com-Performance-on-Search-2026-09-18.xlsx
tire puncture repair near me,tyre puncture repair near me,2026-04-12 to 2026-09-25,0.0,131.0,0.0,9.52,Tyre / wheel symptoms,tyre puncture repair near me,/services/tire-repair-dubai,/services/tire-repair-dubai,4–10,Zero/low clicks in this measured window; low-volume evidence,RETAINED,Query-only export; not historical landing URL. Window overlaps others; do not sum. Original source: digitecme.com-Performance-on-Search-2026-09-27.xlsx
puncture repair near me,puncture repair near me,2026-04-12 to 2026-09-25,0.0,101.0,0.0,9.78,Tyre / wheel symptoms,puncture repair near me,/services/tire-repair-dubai,/services/tire-repair-dubai,4–10,Zero/low clicks in this measured window; low-volume evidence,RETAINED,Query-only export; not historical landing URL. Window overlaps others; do not sum. Original source: digitecme.com-Performance-on-Search-2026-09-27.xlsx
puncture repair dubai,puncture repair dubai,2026-04-12 to 2026-09-25,0.0,48.0,0.0,20.38,Tyre / wheel symptoms,puncture repair dubai,/services/tire-repair-dubai,/services/tire-repair-dubai,21–30,Zero/low clicks in this measured window; low-volume evidence,RETAINED,Query-only export; not historical landing URL. Window overlaps others; do not sum. Original source: digitecme.com-Performance-on-Search-2026-09-27.xlsx
tyre puncture repair dubai,tyre puncture repair dubai,2026-04-12 to 2026-09-25,0.0,43.0,0.0,47.56,Tyre / wheel symptoms,tyre puncture repair dubai,/services/tire-repair-dubai,/services/tire-repair-dubai,>30,Zero/low clicks in this measured window; low-volume evidence,RETAINED,Query-only export; not historical landing URL. Window overlaps others; do not sum. Original source: digitecme.com-Performance-on-Search-2026-09-27.xlsx
car electrical fault repair in dubai,car electrical fault repair in dubai,2026-04-12 to 2026-09-25,0.0,27.0,0.0,43.52,Electrical symptoms,car electrical fault repair in dubai,/services/auto-electrical-repair-dubai,/services/auto-electrical-repair-dubai,>30,Zero/low clicks in this measured window; low-volume evidence,RETAINED,Query-only export; not historical landing URL. Window overlaps others; do not sum. Original source: digitecme.com-Performance-on-Search-2026-09-27.xlsx
