url,page_type,current_primary_task,current_title,current_h1,indexability,canonical,protection_family,brand_relationships,gsc_evidence,internal_link_strength,potential_competitors,content_depth,g3_action,notes
/ar/blog/ceramic-coating-vs-ppf-dubai,Guide,Compare physical film and surface coating before selecting service,السيراميك أم أفلام PPF في دبي: اختيار حماية الطلاء | ديجي-تك,السيراميك أم أفلام PPF في دبي: اختيار حماية الطلاء,index,https://digitecme.com/ar/blog/ceramic-coating-vs-ppf-dubai,Comparison guide,Generic protection service; vehicle-specific suitability; existing hubs support,Query-only evidence; no query × page join,6 rendered main-content referring pages,/services/paint-protection-dubai; /services/paint-protection-film; /services/ceramic-coating; /services/car-polishing-dubai; /services/car-body-repair-dubai; /blog/ceramic-coating-vs-ppf-dubai,379 main-content words including service/navigation blocks; substantive text reviewed separately,RETAINED,Existing route; Arabic symmetry not created. Before = saved local G2.
/ar/blog/why-ceramic-coating-matters-uae,Guide,Understand coating preparation and care,الطلاء السيراميكي للسيارات في الإمارات | دليل الحماية,لماذا يهم الطلاء السيراميكي في الإمارات؟,index,https://digitecme.com/ar/blog/why-ceramic-coating-matters-uae,Ceramic guidance,Generic protection service; vehicle-specific suitability; existing hubs support,Query-only evidence; no query × page join,2 rendered main-content referring pages,/services/paint-protection-dubai; /services/paint-protection-film; /services/ceramic-coating; /services/car-polishing-dubai; /services/car-body-repair-dubai; /blog/ceramic-coating-vs-ppf-dubai,389 main-content words including service/navigation blocks; substantive text reviewed separately,RETAINED,Existing route; Arabic symmetry not created. Before = saved local G2.
/ar/brands/aston-martin-service-dubai/body-repair,Brand repair boundary,"Commercial repair: dents, damaged paint, refinishing and collision work",إصلاح الهيكل Aston Martin في دبي | ديجي-تك,إصلاح الهيكل Aston Martin في دبي,index,https://digitecme.com/ar/brands/aston-martin-service-dubai/body-repair,Body / paint repair,Brand-specific body repair remains primary for brand repair enquiries,Query-only evidence; no query × page join,14 rendered main-content referring pages,/services/paint-protection-dubai; /services/paint-protection-film; /services/ceramic-coating; /services/car-polishing-dubai; /services/car-body-repair-dubai; /blog/ceramic-coating-vs-ppf-dubai,468 main-content words including service/navigation blocks; substantive text reviewed separately,RETAINED,Existing route; Arabic symmetry not created. Before = saved local G2.
/ar/brands/audi-service-dubai/body-repair,Brand repair boundary,"Commercial repair: dents, damaged paint, refinishing and collision work",إصلاح الهيكل Audi في دبي | ديجي-تك,إصلاح الهيكل Audi في دبي,index,https://digitecme.com/ar/brands/audi-service-dubai/body-repair,Body / paint repair,Brand-specific body repair remains primary for brand repair enquiries,Query-only evidence; no query × page join,14 rendered main-content referring pages,/services/paint-protection-dubai; /services/paint-protection-film; /services/ceramic-coating; /services/car-polishing-dubai; /services/car-body-repair-dubai; /blog/ceramic-coating-vs-ppf-dubai,439 main-content words including service/navigation blocks; substantive text reviewed separately,RETAINED,Existing route; Arabic symmetry not created. Before = saved local G2.
/ar/brands/bentley-service-dubai/body-repair,Brand repair boundary,"Commercial repair: dents, damaged paint, refinishing and collision work",إصلاح الهيكل Bentley في دبي | ديجي-تك,إصلاح الهيكل Bentley في دبي,index,https://digitecme.com/ar/brands/bentley-service-dubai/body-repair,Body / paint repair,Brand-specific body repair remains primary for brand repair enquiries,Query-only evidence; no query × page join,14 rendered main-content referring pages,/services/paint-protection-dubai; /services/paint-protection-film; /services/ceramic-coating; /services/car-polishing-dubai; /services/car-body-repair-dubai; /blog/ceramic-coating-vs-ppf-dubai,442 main-content words including service/navigation blocks; substantive text reviewed separately,RETAINED,Existing route; Arabic symmetry not created. Before = saved local G2.
/ar/brands/bmw-service-dubai/body-repair,Brand repair boundary,"Commercial repair: dents, damaged paint, refinishing and collision work",إصلاح الهيكل BMW في دبي | ديجي-تك,إصلاح الهيكل BMW في دبي,index,https://digitecme.com/ar/brands/bmw-service-dubai/body-repair,Body / paint repair,Brand-specific body repair remains primary for brand repair enquiries,Query-only evidence; no query × page join,14 rendered main-content referring pages,/services/paint-protection-dubai; /services/paint-protection-film; /services/ceramic-coating; /services/car-polishing-dubai; /services/car-body-repair-dubai; /blog/ceramic-coating-vs-ppf-dubai,442 main-content words including service/navigation blocks; substantive text reviewed separately,RETAINED,Existing route; Arabic symmetry not created. Before = saved local G2.
/ar/brands/bugatti-service-dubai/body-repair,Brand repair boundary,"Commercial repair: dents, damaged paint, refinishing and collision work",إصلاح الهيكل Bugatti في دبي | ديجي-تك,إصلاح الهيكل Bugatti في دبي,noindex,https://digitecme.com/ar/brands/bugatti-service-dubai/body-repair,Body / paint repair,Brand-specific body repair remains primary for brand repair enquiries,Query-only evidence; no query × page join,14 rendered main-content referring pages,/services/paint-protection-dubai; /services/paint-protection-film; /services/ceramic-coating; /services/car-polishing-dubai; /services/car-body-repair-dubai; /blog/ceramic-coating-vs-ppf-dubai,445 main-content words including service/navigation blocks; substantive text reviewed separately,RETAINED,Existing route; Arabic symmetry not created. Before = saved local G2.
/ar/brands/byd-service-dubai/body-repair,Brand repair boundary,"Commercial repair: dents, damaged paint, refinishing and collision work",إصلاح الهيكل BYD في دبي | ديجي-تك,إصلاح الهيكل BYD في دبي,noindex,https://digitecme.com/ar/brands/byd-service-dubai/body-repair,Body / paint repair,Brand-specific body repair remains primary for brand repair enquiries,Query-only evidence; no query × page join,14 rendered main-content referring pages,/services/paint-protection-dubai; /services/paint-protection-film; /services/ceramic-coating; /services/car-polishing-dubai; /services/car-body-repair-dubai; /blog/ceramic-coating-vs-ppf-dubai,442 main-content words including service/navigation blocks; substantive text reviewed separately,RETAINED,Existing route; Arabic symmetry not created. Before = saved local G2.
/ar/brands/cadillac-service-dubai/body-repair,Brand repair boundary,"Commercial repair: dents, damaged paint, refinishing and collision work",إصلاح الهيكل Cadillac في دبي | ديجي-تك,إصلاح الهيكل Cadillac في دبي,noindex,https://digitecme.com/ar/brands/cadillac-service-dubai/body-repair,Body / paint repair,Brand-specific body repair remains primary for brand repair enquiries,Query-only evidence; no query × page join,14 rendered main-content referring pages,/services/paint-protection-dubai; /services/paint-protection-film; /services/ceramic-coating; /services/car-polishing-dubai; /services/car-body-repair-dubai; /blog/ceramic-coating-vs-ppf-dubai,439 main-content words including service/navigation blocks; substantive text reviewed separately,RETAINED,Existing route; Arabic symmetry not created. Before = saved local G2.
/ar/brands/defender-service-dubai/body-repair,Brand repair boundary,"Commercial repair: dents, damaged paint, refinishing and collision work",إصلاح الهيكل Defender في دبي | ديجي-تك,إصلاح الهيكل Defender في دبي,index,https://digitecme.com/ar/brands/defender-service-dubai/body-repair,Body / paint repair,Brand-specific body repair remains primary for brand repair enquiries,Query-only evidence; no query × page join,14 rendered main-content referring pages,/services/paint-protection-dubai; /services/paint-protection-film; /services/ceramic-coating; /services/car-polishing-dubai; /services/car-body-repair-dubai; /blog/ceramic-coating-vs-ppf-dubai,443 main-content words including service/navigation blocks; substantive text reviewed separately,RETAINED,Existing route; Arabic symmetry not created. Before = saved local G2.
/ar/brands/ferrari-service-dubai/body-repair,Brand repair boundary,"Commercial repair: dents, damaged paint, refinishing and collision work",إصلاح الهيكل Ferrari في دبي | ديجي-تك,إصلاح الهيكل Ferrari في دبي,index,https://digitecme.com/ar/brands/ferrari-service-dubai/body-repair,Body / paint repair,Brand-specific body repair remains primary for brand repair enquiries,Query-only evidence; no query × page join,14 rendered main-content referring pages,/services/paint-protection-dubai; /services/paint-protection-film; /services/ceramic-coating; /services/car-polishing-dubai; /services/car-body-repair-dubai; /blog/ceramic-coating-vs-ppf-dubai,444 main-content words including service/navigation blocks; substantive text reviewed separately,RETAINED,Existing route; Arabic symmetry not created. Before = saved local G2.
/ar/brands/jeep-service-dubai/body-repair,Brand repair boundary,"Commercial repair: dents, damaged paint, refinishing and collision work",إصلاح الهيكل Jeep في دبي | ديجي-تك,إصلاح الهيكل Jeep في دبي,noindex,https://digitecme.com/ar/brands/jeep-service-dubai/body-repair,Body / paint repair,Brand-specific body repair remains primary for brand repair enquiries,Query-only evidence; no query × page join,14 rendered main-content referring pages,/services/paint-protection-dubai; /services/paint-protection-film; /services/ceramic-coating; /services/car-polishing-dubai; /services/car-body-repair-dubai; /blog/ceramic-coating-vs-ppf-dubai,439 main-content words including service/navigation blocks; substantive text reviewed separately,RETAINED,Existing route; Arabic symmetry not created. Before = saved local G2.
/ar/brands/jetour-service-dubai/body-repair,Brand repair boundary,"Commercial repair: dents, damaged paint, refinishing and collision work",إصلاح الهيكل Jetour في دبي | ديجي-تك,إصلاح الهيكل Jetour في دبي,noindex,https://digitecme.com/ar/brands/jetour-service-dubai/body-repair,Body / paint repair,Brand-specific body repair remains primary for brand repair enquiries,Query-only evidence; no query × page join,14 rendered main-content referring pages,/services/paint-protection-dubai; /services/paint-protection-film; /services/ceramic-coating; /services/car-polishing-dubai; /services/car-body-repair-dubai; /blog/ceramic-coating-vs-ppf-dubai,440 main-content words including service/navigation blocks; substantive text reviewed separately,RETAINED,Existing route; Arabic symmetry not created. Before = saved local G2.
/ar/brands/lamborghini-service-dubai/body-repair,Brand repair boundary,"Commercial repair: dents, damaged paint, refinishing and collision work",إصلاح الهيكل Lamborghini في دبي | ديجي-تك,إصلاح الهيكل Lamborghini في دبي,index,https://digitecme.com/ar/brands/lamborghini-service-dubai/body-repair,Body / paint repair,Brand-specific body repair remains primary for brand repair enquiries,Query-only evidence; no query × page join,14 rendered main-content referring pages,/services/paint-protection-dubai; /services/paint-protection-film; /services/ceramic-coating; /services/car-polishing-dubai; /services/car-body-repair-dubai; /blog/ceramic-coating-vs-ppf-dubai,443 main-content words including service/navigation blocks; substantive text reviewed separately,RETAINED,Existing route; Arabic symmetry not created. Before = saved local G2.
/ar/brands/land-rover-service-dubai/body-repair,Brand repair boundary,"Commercial repair: dents, damaged paint, refinishing and collision work",إصلاح الهيكل Land Rover في دبي | ديجي-تك,إصلاح الهيكل Land Rover في دبي,index,https://digitecme.com/ar/brands/land-rover-service-dubai/body-repair,Body / paint repair,Brand-specific body repair remains primary for brand repair enquiries,Query-only evidence; no query × page join,14 rendered main-content referring pages,/services/paint-protection-dubai; /services/paint-protection-film; /services/ceramic-coating; /services/car-polishing-dubai; /services/car-body-repair-dubai; /blog/ceramic-coating-vs-ppf-dubai,474 main-content words including service/navigation blocks; substantive text reviewed separately,RETAINED,Existing route; Arabic symmetry not created. Before = saved local G2.
/ar/brands/maserati-service-dubai/body-repair,Brand repair boundary,"Commercial repair: dents, damaged paint, refinishing and collision work",إصلاح الهيكل Maserati في دبي | ديجي-تك,إصلاح الهيكل Maserati في دبي,index,https://digitecme.com/ar/brands/maserati-service-dubai/body-repair,Body / paint repair,Brand-specific body repair remains primary for brand repair enquiries,Query-only evidence; no query × page join,14 rendered main-content referring pages,/services/paint-protection-dubai; /services/paint-protection-film; /services/ceramic-coating; /services/car-polishing-dubai; /services/car-body-repair-dubai; /blog/ceramic-coating-vs-ppf-dubai,439 main-content words including service/navigation blocks; substantive text reviewed separately,RETAINED,Existing route; Arabic symmetry not created. Before = saved local G2.
/ar/brands/maybach-service-dubai/body-repair,Brand repair boundary,"Commercial repair: dents, damaged paint, refinishing and collision work",إصلاح الهيكل Mercedes-Maybach في دبي | ديجي-تك,إصلاح الهيكل Mercedes-Maybach في دبي,index,https://digitecme.com/ar/brands/maybach-service-dubai/body-repair,Body / paint repair,Brand-specific body repair remains primary for brand repair enquiries,Query-only evidence; no query × page join,14 rendered main-content referring pages,/services/paint-protection-dubai; /services/paint-protection-film; /services/ceramic-coating; /services/car-polishing-dubai; /services/car-body-repair-dubai; /blog/ceramic-coating-vs-ppf-dubai,446 main-content words including service/navigation blocks; substantive text reviewed separately,RETAINED,Existing route; Arabic symmetry not created. Before = saved local G2.
/ar/brands/mclaren-service-dubai/body-repair,Brand repair boundary,"Commercial repair: dents, damaged paint, refinishing and collision work",إصلاح الهيكل McLaren في دبي | ديجي-تك,إصلاح الهيكل McLaren في دبي,index,https://digitecme.com/ar/brands/mclaren-service-dubai/body-repair,Body / paint repair,Brand-specific body repair remains primary for brand repair enquiries,Query-only evidence; no query × page join,14 rendered main-content referring pages,/services/paint-protection-dubai; /services/paint-protection-film; /services/ceramic-coating; /services/car-polishing-dubai; /services/car-body-repair-dubai; /blog/ceramic-coating-vs-ppf-dubai,439 main-content words including service/navigation blocks; substantive text reviewed separately,RETAINED,Existing route; Arabic symmetry not created. Before = saved local G2.
/ar/brands/pagani-service-dubai/body-repair,Brand repair boundary,"Commercial repair: dents, damaged paint, refinishing and collision work",إصلاح الهيكل Pagani في دبي | ديجي-تك,إصلاح الهيكل Pagani في دبي,noindex,https://digitecme.com/ar/brands/pagani-service-dubai/body-repair,Body / paint repair,Brand-specific body repair remains primary for brand repair enquiries,Query-only evidence; no query × page join,14 rendered main-content referring pages,/services/paint-protection-dubai; /services/paint-protection-film; /services/ceramic-coating; /services/car-polishing-dubai; /services/car-body-repair-dubai; /blog/ceramic-coating-vs-ppf-dubai,436 main-content words including service/navigation blocks; substantive text reviewed separately,RETAINED,Existing route; Arabic symmetry not created. Before = saved local G2.
/ar/brands/porsche-service-dubai/body-repair,Brand repair boundary,"Commercial repair: dents, damaged paint, refinishing and collision work",إصلاح الهيكل Porsche في دبي | ديجي-تك,إصلاح الهيكل Porsche في دبي,index,https://digitecme.com/ar/brands/porsche-service-dubai/body-repair,Body / paint repair,Brand-specific body repair remains primary for brand repair enquiries,Query-only evidence; no query × page join,14 rendered main-content referring pages,/services/paint-protection-dubai; /services/paint-protection-film; /services/ceramic-coating; /services/car-polishing-dubai; /services/car-body-repair-dubai; /blog/ceramic-coating-vs-ppf-dubai,387 main-content words including service/navigation blocks; substantive text reviewed separately,RETAINED,Existing route; Arabic symmetry not created. Before = saved local G2.
/ar/brands/range-rover-service-dubai/body-repair,Brand repair boundary,"Commercial repair: dents, damaged paint, refinishing and collision work",إصلاح الهيكل Range Rover في دبي | ديجي-تك,إصلاح الهيكل Range Rover في دبي,index,https://digitecme.com/ar/brands/range-rover-service-dubai/body-repair,Body / paint repair,Brand-specific body repair remains primary for brand repair enquiries,Query-only evidence; no query × page join,14 rendered main-content referring pages,/services/paint-protection-dubai; /services/paint-protection-film; /services/ceramic-coating; /services/car-polishing-dubai; /services/car-body-repair-dubai; /blog/ceramic-coating-vs-ppf-dubai,470 main-content words including service/navigation blocks; substantive text reviewed separately,RETAINED,Existing route; Arabic symmetry not created. Before = saved local G2.
/ar/brands/rolls-royce-service-dubai/body-repair,Brand repair boundary,"Commercial repair: dents, damaged paint, refinishing and collision work",إصلاح الهيكل Rolls-Royce في دبي | ديجي-تك,إصلاح الهيكل Rolls-Royce في دبي,index,https://digitecme.com/ar/brands/rolls-royce-service-dubai/body-repair,Body / paint repair,Brand-specific body repair remains primary for brand repair enquiries,Query-only evidence; no query × page join,14 rendered main-content referring pages,/services/paint-protection-dubai; /services/paint-protection-film; /services/ceramic-coating; /services/car-polishing-dubai; /services/car-body-repair-dubai; /blog/ceramic-coating-vs-ppf-dubai,443 main-content words including service/navigation blocks; substantive text reviewed separately,RETAINED,Existing route; Arabic symmetry not created. Before = saved local G2.
/ar/brands/rox-service-dubai/body-repair,Brand repair boundary,"Commercial repair: dents, damaged paint, refinishing and collision work",إصلاح الهيكل ROX في دبي | ديجي-تك,إصلاح الهيكل ROX في دبي,noindex,https://digitecme.com/ar/brands/rox-service-dubai/body-repair,Body / paint repair,Brand-specific body repair remains primary for brand repair enquiries,Query-only evidence; no query × page join,15 rendered main-content referring pages,/services/paint-protection-dubai; /services/paint-protection-film; /services/ceramic-coating; /services/car-polishing-dubai; /services/car-body-repair-dubai; /blog/ceramic-coating-vs-ppf-dubai,441 main-content words including service/navigation blocks; substantive text reviewed separately,RETAINED,Existing route; Arabic symmetry not created. Before = saved local G2.
/ar/brands/tesla-service-dubai/body-repair,Brand repair boundary,"Commercial repair: dents, damaged paint, refinishing and collision work",إصلاح الهيكل Tesla في دبي | ديجي-تك,إصلاح الهيكل Tesla في دبي,noindex,https://digitecme.com/ar/brands/tesla-service-dubai/body-repair,Body / paint repair,Brand-specific body repair remains primary for brand repair enquiries,Query-only evidence; no query × page join,9 rendered main-content referring pages,/services/paint-protection-dubai; /services/paint-protection-film; /services/ceramic-coating; /services/car-polishing-dubai; /services/car-body-repair-dubai; /blog/ceramic-coating-vs-ppf-dubai,425 main-content words including service/navigation blocks; substantive text reviewed separately,RETAINED,Existing route; Arabic symmetry not created. Before = saved local G2.
/ar/brands/volkswagen-service-dubai/body-repair,Brand repair boundary,"Commercial repair: dents, damaged paint, refinishing and collision work",إصلاح الهيكل Volkswagen في دبي | ديجي-تك,إصلاح الهيكل Volkswagen في دبي,noindex,https://digitecme.com/ar/brands/volkswagen-service-dubai/body-repair,Body / paint repair,Brand-specific body repair remains primary for brand repair enquiries,Query-only evidence; no query × page join,14 rendered main-content referring pages,/services/paint-protection-dubai; /services/paint-protection-film; /services/ceramic-coating; /services/car-polishing-dubai; /services/car-body-repair-dubai; /blog/ceramic-coating-vs-ppf-dubai,441 main-content words including service/navigation blocks; substantive text reviewed separately,RETAINED,Existing route; Arabic symmetry not created. Before = saved local G2.
/ar/brands/volvo-service-dubai/body-repair,Brand repair boundary,"Commercial repair: dents, damaged paint, refinishing and collision work",إصلاح الهيكل Volvo في دبي | ديجي-تك,إصلاح الهيكل Volvo في دبي,noindex,https://digitecme.com/ar/brands/volvo-service-dubai/body-repair,Body / paint repair,Brand-specific body repair remains primary for brand repair enquiries,Query-only evidence; no query × page join,14 rendered main-content referring pages,/services/paint-protection-dubai; /services/paint-protection-film; /services/ceramic-coating; /services/car-polishing-dubai; /services/car-body-repair-dubai; /blog/ceramic-coating-vs-ppf-dubai,439 main-content words including service/navigation blocks; substantive text reviewed separately,RETAINED,Existing route; Arabic symmetry not created. Before = saved local G2.
/ar/services/car-body-repair-dubai,Commercial service,"Commercial repair: dents, damaged paint, refinishing and collision work",إصلاح هيكل السيارة | مركز ديجي-تك دبي,إصلاح هيكل السيارة,index,https://digitecme.com/ar/services/car-body-repair-dubai,Body / paint repair,Generic protection service; vehicle-specific suitability; existing hubs support,Query-only evidence; no query × page join,5 rendered main-content referring pages,/services/paint-protection-dubai; /services/paint-protection-film; /services/ceramic-coating; /services/car-polishing-dubai; /services/car-body-repair-dubai; /blog/ceramic-coating-vs-ppf-dubai,339 main-content words including service/navigation blocks; substantive text reviewed separately,RETAINED,Existing route; Arabic symmetry not created. Before = saved local G2.
/ar/services/ceramic-coating,Commercial service,"Surface coating, preparation and quote enquiry",الطلاء السيراميكي | مركز ديجي-تك دبي,الطلاء السيراميكي,index,https://digitecme.com/ar/services/ceramic-coating,Ceramic,Generic protection service; vehicle-specific suitability; existing hubs support,Query-only evidence; no query × page join,5 rendered main-content referring pages,/services/paint-protection-dubai; /services/paint-protection-film; /services/ceramic-coating; /services/car-polishing-dubai; /services/car-body-repair-dubai; /blog/ceramic-coating-vs-ppf-dubai,568 main-content words including service/navigation blocks; substantive text reviewed separately,UPDATED — scoped protection content,Existing route; Arabic symmetry not created. Before = saved local G2.
/ar/services/mercedes-body-repair-dubai,Commercial service,"Commercial repair: dents, damaged paint, refinishing and collision work",إصلاح هيكل وطلاء مرسيدس في دبي | ديجي تيك,إصلاح هيكل وطلاء مرسيدس في دبي,index,https://digitecme.com/ar/services/mercedes-body-repair-dubai,Body / paint repair,Generic protection service; vehicle-specific suitability; existing hubs support,Query-only evidence; no query × page join,15 rendered main-content referring pages,/services/paint-protection-dubai; /services/paint-protection-film; /services/ceramic-coating; /services/car-polishing-dubai; /services/car-body-repair-dubai; /blog/ceramic-coating-vs-ppf-dubai,510 main-content words including service/navigation blocks; substantive text reviewed separately,RETAINED,Existing route; Arabic symmetry not created. Before = saved local G2.
/ar/services/paint-protection-dubai,Commercial service,Compare existing paint care and protection options,حماية طلاء السيارة | مركز ديجي-تك دبي,حماية طلاء السيارة,index,https://digitecme.com/ar/services/paint-protection-dubai,Broad protection,Generic protection service; vehicle-specific suitability; existing hubs support,Query-only evidence; no query × page join,13 rendered main-content referring pages,/services/paint-protection-dubai; /services/paint-protection-film; /services/ceramic-coating; /services/car-polishing-dubai; /services/car-body-repair-dubai; /blog/ceramic-coating-vs-ppf-dubai,545 main-content words including service/navigation blocks; substantive text reviewed separately,UPDATED — scoped protection content,Existing route; Arabic symmetry not created. Before = saved local G2.
/ar/services/paint-protection-film,Commercial service,Film installation and vehicle-specific coverage enquiry,فيلم حماية الطلاء PPF | مركز ديجي-تك دبي,فيلم حماية الطلاء PPF,index,https://digitecme.com/ar/services/paint-protection-film,PPF,Generic protection service; vehicle-specific suitability; existing hubs support,Query-only evidence; no query × page join,5 rendered main-content referring pages,/services/paint-protection-dubai; /services/paint-protection-film; /services/ceramic-coating; /services/car-polishing-dubai; /services/car-body-repair-dubai; /blog/ceramic-coating-vs-ppf-dubai,603 main-content words including service/navigation blocks; substantive text reviewed separately,UPDATED — scoped protection content,Existing route; Arabic symmetry not created. Before = saved local G2.
/blog/ceramic-coating-vs-ppf-dubai,Guide,Compare physical film and surface coating before selecting service,Ceramic Coating vs PPF Dubai | Which Protection Is Right?,Ceramic Coating or PPF in Dubai: Which Should You Choose?,index,https://digitecme.com/blog/ceramic-coating-vs-ppf-dubai,Comparison guide,Generic protection service; vehicle-specific suitability; existing hubs support,Query-only evidence; no query × page join,5 rendered main-content referring pages,/services/paint-protection-dubai; /services/paint-protection-film; /services/ceramic-coating; /services/car-polishing-dubai; /services/car-body-repair-dubai,668 main-content words including service/navigation blocks; substantive text reviewed separately,UPDATED — scoped protection content,Existing route; Arabic symmetry not created. Before = saved local G2.
/blog/why-ceramic-coating-matters-uae,Guide,Understand coating preparation and care,Ceramic Coating in the UAE: Benefits & Preparation | DIGI-TEC,Why Ceramic Coating Matters in the UAE,index,https://digitecme.com/blog/why-ceramic-coating-matters-uae,Ceramic guidance,Generic protection service; vehicle-specific suitability; existing hubs support,Query-only evidence; no query × page join,2 rendered main-content referring pages,/services/paint-protection-dubai; /services/paint-protection-film; /services/ceramic-coating; /services/car-polishing-dubai; /services/car-body-repair-dubai; /blog/ceramic-coating-vs-ppf-dubai,418 main-content words including service/navigation blocks; substantive text reviewed separately,RETAINED,Existing route; Arabic symmetry not created. Before = saved local G2.
/brands/aston-martin-service-dubai/body-repair,Brand repair boundary,"Commercial repair: dents, damaged paint, refinishing and collision work",Aston Martin Body Repair Dubai | DIGI-TEC,Aston Martin Body Repair Dubai,index,https://digitecme.com/brands/aston-martin-service-dubai/body-repair,Body / paint repair,Brand-specific body repair remains primary for brand repair enquiries,Query-only evidence; no query × page join,14 rendered main-content referring pages,/services/paint-protection-dubai; /services/paint-protection-film; /services/ceramic-coating; /services/car-polishing-dubai; /services/car-body-repair-dubai; /blog/ceramic-coating-vs-ppf-dubai,469 main-content words including service/navigation blocks; substantive text reviewed separately,RETAINED,Existing route; Arabic symmetry not created. Before = saved local G2.
/brands/audi-service-dubai/body-repair,Brand repair boundary,"Commercial repair: dents, damaged paint, refinishing and collision work",Audi Body Repair Dubai | Digi-Tec,Audi Body Repair Dubai,index,https://digitecme.com/brands/audi-service-dubai/body-repair,Body / paint repair,Brand-specific body repair remains primary for brand repair enquiries,Query-only evidence; no query × page join,14 rendered main-content referring pages,/services/paint-protection-dubai; /services/paint-protection-film; /services/ceramic-coating; /services/car-polishing-dubai; /services/car-body-repair-dubai; /blog/ceramic-coating-vs-ppf-dubai,608 main-content words including service/navigation blocks; substantive text reviewed separately,RETAINED,Existing route; Arabic symmetry not created. Before = saved local G2.
/brands/bentley-service-dubai/body-repair,Brand repair boundary,"Commercial repair: dents, damaged paint, refinishing and collision work",Bentley Body Repair Dubai | Digi-Tec,Bentley Body Repair Dubai,index,https://digitecme.com/brands/bentley-service-dubai/body-repair,Body / paint repair,Brand-specific body repair remains primary for brand repair enquiries,Query-only evidence; no query × page join,14 rendered main-content referring pages,/services/paint-protection-dubai; /services/paint-protection-film; /services/ceramic-coating; /services/car-polishing-dubai; /services/car-body-repair-dubai; /blog/ceramic-coating-vs-ppf-dubai,612 main-content words including service/navigation blocks; substantive text reviewed separately,RETAINED,Existing route; Arabic symmetry not created. Before = saved local G2.
/brands/bmw-service-dubai/body-repair,Brand repair boundary,"Commercial repair: dents, damaged paint, refinishing and collision work",BMW Body Repair Dubai | Digi-Tec,BMW Body Repair Dubai,index,https://digitecme.com/brands/bmw-service-dubai/body-repair,Body / paint repair,Brand-specific body repair remains primary for brand repair enquiries,Query-only evidence; no query × page join,14 rendered main-content referring pages,/services/paint-protection-dubai; /services/paint-protection-film; /services/ceramic-coating; /services/car-polishing-dubai; /services/car-body-repair-dubai; /blog/ceramic-coating-vs-ppf-dubai,659 main-content words including service/navigation blocks; substantive text reviewed separately,RETAINED,Existing route; Arabic symmetry not created. Before = saved local G2.
/brands/bugatti-service-dubai/body-repair,Brand repair boundary,"Commercial repair: dents, damaged paint, refinishing and collision work",Bugatti Body Repair Dubai | Digi-Tec,Bugatti Body Repair Dubai,noindex,https://digitecme.com/brands/bugatti-service-dubai/body-repair,Body / paint repair,Brand-specific body repair remains primary for brand repair enquiries,Query-only evidence; no query × page join,14 rendered main-content referring pages,/services/paint-protection-dubai; /services/paint-protection-film; /services/ceramic-coating; /services/car-polishing-dubai; /services/car-body-repair-dubai; /blog/ceramic-coating-vs-ppf-dubai,614 main-content words including service/navigation blocks; substantive text reviewed separately,RETAINED,Existing route; Arabic symmetry not created. Before = saved local G2.
/brands/byd-service-dubai/body-repair,Brand repair boundary,"Commercial repair: dents, damaged paint, refinishing and collision work",BYD Body Repair Dubai | Digi-Tec,BYD Body Repair Dubai,noindex,https://digitecme.com/brands/byd-service-dubai/body-repair,Body / paint repair,Brand-specific body repair remains primary for brand repair enquiries,Query-only evidence; no query × page join,14 rendered main-content referring pages,/services/paint-protection-dubai; /services/paint-protection-film; /services/ceramic-coating; /services/car-polishing-dubai; /services/car-body-repair-dubai; /blog/ceramic-coating-vs-ppf-dubai,611 main-content words including service/navigation blocks; substantive text reviewed separately,RETAINED,Existing route; Arabic symmetry not created. Before = saved local G2.
/brands/cadillac-service-dubai/body-repair,Brand repair boundary,"Commercial repair: dents, damaged paint, refinishing and collision work",Cadillac Body Repair Dubai | Digi-Tec,Cadillac Body Repair Dubai,noindex,https://digitecme.com/brands/cadillac-service-dubai/body-repair,Body / paint repair,Brand-specific body repair remains primary for brand repair enquiries,Query-only evidence; no query × page join,14 rendered main-content referring pages,/services/paint-protection-dubai; /services/paint-protection-film; /services/ceramic-coating; /services/car-polishing-dubai; /services/car-body-repair-dubai; /blog/ceramic-coating-vs-ppf-dubai,608 main-content words including service/navigation blocks; substantive text reviewed separately,RETAINED,Existing route; Arabic symmetry not created. Before = saved local G2.
/brands/defender-service-dubai/body-repair,Brand repair boundary,"Commercial repair: dents, damaged paint, refinishing and collision work",Defender Body Repair Dubai | Digi-Tec,Defender Body Repair Dubai,index,https://digitecme.com/brands/defender-service-dubai/body-repair,Body / paint repair,Brand-specific body repair remains primary for brand repair enquiries,Query-only evidence; no query × page join,14 rendered main-content referring pages,/services/paint-protection-dubai; /services/paint-protection-film; /services/ceramic-coating; /services/car-polishing-dubai; /services/car-body-repair-dubai; /blog/ceramic-coating-vs-ppf-dubai,612 main-content words including service/navigation blocks; substantive text reviewed separately,RETAINED,Existing route; Arabic symmetry not created. Before = saved local G2.
/brands/ferrari-service-dubai/body-repair,Brand repair boundary,"Commercial repair: dents, damaged paint, refinishing and collision work",Ferrari Body Repair Dubai | DIGI-TEC,Ferrari Body Repair Dubai,index,https://digitecme.com/brands/ferrari-service-dubai/body-repair,Body / paint repair,Brand-specific body repair remains primary for brand repair enquiries,Query-only evidence; no query × page join,14 rendered main-content referring pages,/services/paint-protection-dubai; /services/paint-protection-film; /services/ceramic-coating; /services/car-polishing-dubai; /services/car-body-repair-dubai; /blog/ceramic-coating-vs-ppf-dubai,655 main-content words including service/navigation blocks; substantive text reviewed separately,RETAINED,Existing route; Arabic symmetry not created. Before = saved local G2.
/brands/jeep-service-dubai/body-repair,Brand repair boundary,"Commercial repair: dents, damaged paint, refinishing and collision work",Jeep Body Repair Dubai | Digi-Tec,Jeep Body Repair Dubai,noindex,https://digitecme.com/brands/jeep-service-dubai/body-repair,Body / paint repair,Brand-specific body repair remains primary for brand repair enquiries,Query-only evidence; no query × page join,14 rendered main-content referring pages,/services/paint-protection-dubai; /services/paint-protection-film; /services/ceramic-coating; /services/car-polishing-dubai; /services/car-body-repair-dubai; /blog/ceramic-coating-vs-ppf-dubai,608 main-content words including service/navigation blocks; substantive text reviewed separately,RETAINED,Existing route; Arabic symmetry not created. Before = saved local G2.
/brands/jetour-service-dubai/body-repair,Brand repair boundary,"Commercial repair: dents, damaged paint, refinishing and collision work",Jetour Body Repair Dubai | Digi-Tec,Jetour Body Repair Dubai,noindex,https://digitecme.com/brands/jetour-service-dubai/body-repair,Body / paint repair,Brand-specific body repair remains primary for brand repair enquiries,Query-only evidence; no query × page join,14 rendered main-content referring pages,/services/paint-protection-dubai; /services/paint-protection-film; /services/ceramic-coating; /services/car-polishing-dubai; /services/car-body-repair-dubai; /blog/ceramic-coating-vs-ppf-dubai,609 main-content words including service/navigation blocks; substantive text reviewed separately,RETAINED,Existing route; Arabic symmetry not created. Before = saved local G2.
/brands/lamborghini-service-dubai/body-repair,Brand repair boundary,"Commercial repair: dents, damaged paint, refinishing and collision work",Lamborghini Body Repair Dubai | Digi-Tec,Lamborghini Body Repair Dubai,index,https://digitecme.com/brands/lamborghini-service-dubai/body-repair,Body / paint repair,Brand-specific body repair remains primary for brand repair enquiries,Query-only evidence; no query × page join,14 rendered main-content referring pages,/services/paint-protection-dubai; /services/paint-protection-film; /services/ceramic-coating; /services/car-polishing-dubai; /services/car-body-repair-dubai; /blog/ceramic-coating-vs-ppf-dubai,609 main-content words including service/navigation blocks; substantive text reviewed separately,RETAINED,Existing route; Arabic symmetry not created. Before = saved local G2.
/brands/land-rover-service-dubai/body-repair,Brand repair boundary,"Commercial repair: dents, damaged paint, refinishing and collision work",Land Rover Body Repair Dubai | Digi-Tec,Land Rover Body Repair Dubai,index,https://digitecme.com/brands/land-rover-service-dubai/body-repair,Body / paint repair,Brand-specific body repair remains primary for brand repair enquiries,Query-only evidence; no query × page join,14 rendered main-content referring pages,/services/paint-protection-dubai; /services/paint-protection-film; /services/ceramic-coating; /services/car-polishing-dubai; /services/car-body-repair-dubai; /blog/ceramic-coating-vs-ppf-dubai,648 main-content words including service/navigation blocks; substantive text reviewed separately,RETAINED,Existing route; Arabic symmetry not created. Before = saved local G2.
/brands/maserati-service-dubai/body-repair,Brand repair boundary,"Commercial repair: dents, damaged paint, refinishing and collision work",Maserati Body Repair Dubai | Digi-Tec,Maserati Body Repair Dubai,index,https://digitecme.com/brands/maserati-service-dubai/body-repair,Body / paint repair,Brand-specific body repair remains primary for brand repair enquiries,Query-only evidence; no query × page join,14 rendered main-content referring pages,/services/paint-protection-dubai; /services/paint-protection-film; /services/ceramic-coating; /services/car-polishing-dubai; /services/car-body-repair-dubai; /blog/ceramic-coating-vs-ppf-dubai,608 main-content words including service/navigation blocks; substantive text reviewed separately,RETAINED,Existing route; Arabic symmetry not created. Before = saved local G2.
/brands/maybach-service-dubai/body-repair,Brand repair boundary,"Commercial repair: dents, damaged paint, refinishing and collision work",Mercedes-Maybach Body Repair Dubai | Digi-Tec,Mercedes-Maybach Body Repair Dubai,index,https://digitecme.com/brands/maybach-service-dubai/body-repair,Body / paint repair,Brand-specific body repair remains primary for brand repair enquiries,Query-only evidence; no query × page join,14 rendered main-content referring pages,/services/paint-protection-dubai; /services/paint-protection-film; /services/ceramic-coating; /services/car-polishing-dubai; /services/car-body-repair-dubai; /blog/ceramic-coating-vs-ppf-dubai,615 main-content words including service/navigation blocks; substantive text reviewed separately,RETAINED,Existing route; Arabic symmetry not created. Before = saved local G2.
/brands/mclaren-service-dubai/body-repair,Brand repair boundary,"Commercial repair: dents, damaged paint, refinishing and collision work",McLaren Body Repair Dubai | Digi-Tec,McLaren Body Repair Dubai,index,https://digitecme.com/brands/mclaren-service-dubai/body-repair,Body / paint repair,Brand-specific body repair remains primary for brand repair enquiries,Query-only evidence; no query × page join,14 rendered main-content referring pages,/services/paint-protection-dubai; /services/paint-protection-film; /services/ceramic-coating; /services/car-polishing-dubai; /services/car-body-repair-dubai; /blog/ceramic-coating-vs-ppf-dubai,613 main-content words including service/navigation blocks; substantive text reviewed separately,RETAINED,Existing route; Arabic symmetry not created. Before = saved local G2.
/brands/pagani-service-dubai/body-repair,Brand repair boundary,"Commercial repair: dents, damaged paint, refinishing and collision work",Pagani Body Repair Dubai | Digi-Tec,Pagani Body Repair Dubai,noindex,https://digitecme.com/brands/pagani-service-dubai/body-repair,Body / paint repair,Brand-specific body repair remains primary for brand repair enquiries,Query-only evidence; no query × page join,14 rendered main-content referring pages,/services/paint-protection-dubai; /services/paint-protection-film; /services/ceramic-coating; /services/car-polishing-dubai; /services/car-body-repair-dubai; /blog/ceramic-coating-vs-ppf-dubai,605 main-content words including service/navigation blocks; substantive text reviewed separately,RETAINED,Existing route; Arabic symmetry not created. Before = saved local G2.
/brands/porsche-service-dubai/body-repair,Brand repair boundary,"Commercial repair: dents, damaged paint, refinishing and collision work",Porsche Body Repair Dubai | Digi-Tec,Porsche Body Repair Dubai,index,https://digitecme.com/brands/porsche-service-dubai/body-repair,Body / paint repair,Brand-specific body repair remains primary for brand repair enquiries,Query-only evidence; no query × page join,14 rendered main-content referring pages,/services/paint-protection-dubai; /services/paint-protection-film; /services/ceramic-coating; /services/car-polishing-dubai; /services/car-body-repair-dubai; /blog/ceramic-coating-vs-ppf-dubai,660 main-content words including service/navigation blocks; substantive text reviewed separately,RETAINED,Existing route; Arabic symmetry not created. Before = saved local G2.
/brands/range-rover-service-dubai/body-repair,Brand repair boundary,"Commercial repair: dents, damaged paint, refinishing and collision work",Range Rover Body Repair Dubai | Digi-Tec,Range Rover Body Repair Dubai,index,https://digitecme.com/brands/range-rover-service-dubai/body-repair,Body / paint repair,Brand-specific body repair remains primary for brand repair enquiries,Query-only evidence; no query × page join,14 rendered main-content referring pages,/services/paint-protection-dubai; /services/paint-protection-film; /services/ceramic-coating; /services/car-polishing-dubai; /services/car-body-repair-dubai; /blog/ceramic-coating-vs-ppf-dubai,644 main-content words including service/navigation blocks; substantive text reviewed separately,RETAINED,Existing route; Arabic symmetry not created. Before = saved local G2.
/brands/rolls-royce-service-dubai/body-repair,Brand repair boundary,"Commercial repair: dents, damaged paint, refinishing and collision work",Rolls-Royce Body Repair Dubai | Digi-Tec,Rolls-Royce Body Repair Dubai,index,https://digitecme.com/brands/rolls-royce-service-dubai/body-repair,Body / paint repair,Brand-specific body repair remains primary for brand repair enquiries,Query-only evidence; no query × page join,14 rendered main-content referring pages,/services/paint-protection-dubai; /services/paint-protection-film; /services/ceramic-coating; /services/car-polishing-dubai; /services/car-body-repair-dubai; /blog/ceramic-coating-vs-ppf-dubai,656 main-content words including service/navigation blocks; substantive text reviewed separately,RETAINED,Existing route; Arabic symmetry not created. Before = saved local G2.
/brands/rox-service-dubai/body-repair,Brand repair boundary,"Commercial repair: dents, damaged paint, refinishing and collision work",ROX Body Repair Dubai | Digi-Tec,ROX Body Repair Dubai,noindex,https://digitecme.com/brands/rox-service-dubai/body-repair,Body / paint repair,Brand-specific body repair remains primary for brand repair enquiries,Query-only evidence; no query × page join,14 rendered main-content referring pages,/services/paint-protection-dubai; /services/paint-protection-film; /services/ceramic-coating; /services/car-polishing-dubai; /services/car-body-repair-dubai; /blog/ceramic-coating-vs-ppf-dubai,608 main-content words including service/navigation blocks; substantive text reviewed separately,RETAINED,Existing route; Arabic symmetry not created. Before = saved local G2.
/brands/tesla-service-dubai/body-repair,Brand repair boundary,"Commercial repair: dents, damaged paint, refinishing and collision work",Tesla Body Repair Dubai | Digi-Tec,Tesla Body Repair Dubai,noindex,https://digitecme.com/brands/tesla-service-dubai/body-repair,Body / paint repair,Brand-specific body repair remains primary for brand repair enquiries,Query-only evidence; no query × page join,9 rendered main-content referring pages,/services/paint-protection-dubai; /services/paint-protection-film; /services/ceramic-coating; /services/car-polishing-dubai; /services/car-body-repair-dubai; /blog/ceramic-coating-vs-ppf-dubai,595 main-content words including service/navigation blocks; substantive text reviewed separately,RETAINED,Existing route; Arabic symmetry not created. Before = saved local G2.
/brands/volkswagen-service-dubai/body-repair,Brand repair boundary,"Commercial repair: dents, damaged paint, refinishing and collision work",Volkswagen Body Repair Dubai | Digi-Tec,Volkswagen Body Repair Dubai,noindex,https://digitecme.com/brands/volkswagen-service-dubai/body-repair,Body / paint repair,Brand-specific body repair remains primary for brand repair enquiries,Query-only evidence; no query × page join,14 rendered main-content referring pages,/services/paint-protection-dubai; /services/paint-protection-film; /services/ceramic-coating; /services/car-polishing-dubai; /services/car-body-repair-dubai; /blog/ceramic-coating-vs-ppf-dubai,610 main-content words including service/navigation blocks; substantive text reviewed separately,RETAINED,Existing route; Arabic symmetry not created. Before = saved local G2.
/brands/volvo-service-dubai/body-repair,Brand repair boundary,"Commercial repair: dents, damaged paint, refinishing and collision work",Volvo Body Repair Dubai | Digi-Tec,Volvo Body Repair Dubai,noindex,https://digitecme.com/brands/volvo-service-dubai/body-repair,Body / paint repair,Brand-specific body repair remains primary for brand repair enquiries,Query-only evidence; no query × page join,14 rendered main-content referring pages,/services/paint-protection-dubai; /services/paint-protection-film; /services/ceramic-coating; /services/car-polishing-dubai; /services/car-body-repair-dubai; /blog/ceramic-coating-vs-ppf-dubai,608 main-content words including service/navigation blocks; substantive text reviewed separately,RETAINED,Existing route; Arabic symmetry not created. Before = saved local G2.
/services/car-body-repair-dubai,Commercial service,"Commercial repair: dents, damaged paint, refinishing and collision work",Car Body Repair Dubai | Dent & Accident Repair | Digitec,Car Body Repair in Dubai,index,https://digitecme.com/services/car-body-repair-dubai,Body / paint repair,Generic protection service; vehicle-specific suitability; existing hubs support,Query-only evidence; no query × page join,6 rendered main-content referring pages,/services/paint-protection-dubai; /services/paint-protection-film; /services/ceramic-coating; /services/car-polishing-dubai; /blog/ceramic-coating-vs-ppf-dubai,496 main-content words including service/navigation blocks; substantive text reviewed separately,RETAINED,Existing route; Arabic symmetry not created. Before = saved local G2.
/services/car-polishing-dubai,Commercial service,Assess finish refinement and safely correctable surface defects,Car Polishing & Paint Correction Dubai | DIGI-TEC,Car Polishing & Paint Correction Dubai,index,https://digitecme.com/services/car-polishing-dubai,Polishing / correction,Generic protection service; vehicle-specific suitability; existing hubs support,Query-only evidence; no query × page join,38 rendered main-content referring pages,/services/paint-protection-dubai; /services/paint-protection-film; /services/ceramic-coating; /services/car-body-repair-dubai; /blog/ceramic-coating-vs-ppf-dubai,2475 main-content words including service/navigation blocks; substantive text reviewed separately,RETAINED,Existing route; Arabic symmetry not created. Before = saved local G2.
/services/ceramic-coating,Commercial service,"Surface coating, preparation and quote enquiry",Ceramic Coating Dubai | Car Paint Protection | DIGI-TEC,Ceramic Coating Dubai,index,https://digitecme.com/services/ceramic-coating,Ceramic,Generic protection service; vehicle-specific suitability; existing hubs support,Query-only evidence; no query × page join,38 rendered main-content referring pages,/services/paint-protection-dubai; /services/paint-protection-film; /services/car-polishing-dubai; /services/car-body-repair-dubai; /blog/ceramic-coating-vs-ppf-dubai,2274 main-content words including service/navigation blocks; substantive text reviewed separately,RETAINED,Existing route; Arabic symmetry not created. Before = saved local G2.
/services/mercedes-body-repair-dubai,Commercial service,"Commercial repair: dents, damaged paint, refinishing and collision work",Mercedes Body & Accident Repair Dubai | Digi-Tec,Mercedes Body Repair & Paintwork in Dubai,index,https://digitecme.com/services/mercedes-body-repair-dubai,Body / paint repair,Generic protection service; vehicle-specific suitability; existing hubs support,Query-only evidence; no query × page join,15 rendered main-content referring pages,/services/paint-protection-dubai; /services/paint-protection-film; /services/ceramic-coating; /services/car-polishing-dubai; /services/car-body-repair-dubai; /blog/ceramic-coating-vs-ppf-dubai,778 main-content words including service/navigation blocks; substantive text reviewed separately,RETAINED,Existing route; Arabic symmetry not created. Before = saved local G2.
/services/paint-protection-dubai,Commercial service,Compare existing paint care and protection options,Car Paint Care Dubai | Correction & Protection | DIGI-TEC,Car Paint Care & Protection Options in Dubai,index,https://digitecme.com/services/paint-protection-dubai,Broad protection,Generic protection service; vehicle-specific suitability; existing hubs support,Query-only evidence; no query × page join,15 rendered main-content referring pages,/services/paint-protection-film; /services/ceramic-coating; /services/car-polishing-dubai; /services/car-body-repair-dubai; /blog/ceramic-coating-vs-ppf-dubai,561 main-content words including service/navigation blocks; substantive text reviewed separately,RETAINED,Existing route; Arabic symmetry not created. Before = saved local G2.
/services/paint-protection-film,Commercial service,Film installation and vehicle-specific coverage enquiry,PPF Dubai | Paint Protection Film for Cars | DIGI-TEC,Paint Protection Film (PPF) Dubai,index,https://digitecme.com/services/paint-protection-film,PPF,Generic protection service; vehicle-specific suitability; existing hubs support,Query-only evidence; no query × page join,43 rendered main-content referring pages,/services/paint-protection-dubai; /services/ceramic-coating; /services/car-polishing-dubai; /services/car-body-repair-dubai; /blog/ceramic-coating-vs-ppf-dubai,2450 main-content words including service/navigation blocks; substantive text reviewed separately,UPDATED — scoped protection content,Existing route; Arabic symmetry not created. Before = saved local G2.
