source_url,target_url,relationship,target_intent,target_opportunity,current_contextual_links,recommended_anchor_context,priority,implemented_in_g4,reason,notes
/ar/services,/ar/vrx,Existing hub to supporting guide / model,استشارة مشروع VRX لمرسيدس V-Class,One distinct contextual incoming source; already reachable within three clicks,1,Relevant service-planning paragraph only if the topic is useful to that reader,LOW,NO,Not orphaned; approved page retained. Do not add mechanical links.,"Future editorial opportunity, not deployment blocker."
/brands/bmw-service-dubai,/brands/bmw-service-dubai/m4,Existing hub to supporting guide / model,BMW M4 Service & Repair Dubai,One distinct contextual incoming source; already reachable within three clicks,1,Relevant service-planning paragraph only if the topic is useful to that reader,LOW,NO,Not orphaned; approved page retained. Do not add mechanical links.,"Future editorial opportunity, not deployment blocker."
/brands/porsche-service-dubai,/porsche/guides/718-maintenance,Existing hub to supporting guide / model,Guide,One distinct contextual incoming source; already reachable within three clicks,1,Relevant service-planning paragraph only if the topic is useful to that reader,LOW,NO,Not orphaned; approved page retained. Do not add mechanical links.,"Future editorial opportunity, not deployment blocker."
/brands/porsche-service-dubai,/porsche/guides/ac-maintenance-dubai,Existing hub to supporting guide / model,Guide,One distinct contextual incoming source; already reachable within three clicks,1,Relevant service-planning paragraph only if the topic is useful to that reader,LOW,NO,Not orphaned; approved page retained. Do not add mechanical links.,"Future editorial opportunity, not deployment blocker."
/brands/porsche-service-dubai,/porsche/guides/battery-life-dubai,Existing hub to supporting guide / model,Guide,One distinct contextual incoming source; already reachable within three clicks,1,Relevant service-planning paragraph only if the topic is useful to that reader,LOW,NO,Not orphaned; approved page retained. Do not add mechanical links.,"Future editorial opportunity, not deployment blocker."
/brands/porsche-service-dubai,/porsche/guides/brake-wear-dubai,Existing hub to supporting guide / model,Guide,One distinct contextual incoming source; already reachable within three clicks,1,Relevant service-planning paragraph only if the topic is useful to that reader,LOW,NO,Not orphaned; approved page retained. Do not add mechanical links.,"Future editorial opportunity, not deployment blocker."
/brands/porsche-service-dubai,/porsche/guides/cooling-maintenance,Existing hub to supporting guide / model,Guide,One distinct contextual incoming source; already reachable within three clicks,1,Relevant service-planning paragraph only if the topic is useful to that reader,LOW,NO,Not orphaned; approved page retained. Do not add mechanical links.,"Future editorial opportunity, not deployment blocker."
/brands/porsche-service-dubai,/porsche/guides/dealer-vs-independent-specialist,Existing hub to supporting guide / model,Dealer vs independent specialist,One distinct contextual incoming source; already reachable within three clicks,1,Relevant service-planning paragraph only if the topic is useful to that reader,LOW,NO,Not orphaned; approved page retained. Do not add mechanical links.,"Future editorial opportunity, not deployment blocker."
/brands/porsche-service-dubai,/porsche/guides/how-often-service-dubai,Existing hub to supporting guide / model,Guide,One distinct contextual incoming source; already reachable within three clicks,1,Relevant service-planning paragraph only if the topic is useful to that reader,LOW,NO,Not orphaned; approved page retained. Do not add mechanical links.,"Future editorial opportunity, not deployment blocker."
/brands/porsche-service-dubai,/porsche/guides/macan-maintenance,Existing hub to supporting guide / model,Guide,One distinct contextual incoming source; already reachable within three clicks,1,Relevant service-planning paragraph only if the topic is useful to that reader,LOW,NO,Not orphaned; approved page retained. Do not add mechanical links.,"Future editorial opportunity, not deployment blocker."
/brands/porsche-service-dubai,/porsche/guides/maintenance-cost-dubai,Existing hub to supporting guide / model,Ownership cost factors,One distinct contextual incoming source; already reachable within three clicks,1,Relevant service-planning paragraph only if the topic is useful to that reader,LOW,NO,Not orphaned; approved page retained. Do not add mechanical links.,"Future editorial opportunity, not deployment blocker."
/brands/porsche-service-dubai,/porsche/guides/major-vs-minor-service,Existing hub to supporting guide / model,Guide,One distinct contextual incoming source; already reachable within three clicks,1,Relevant service-planning paragraph only if the topic is useful to that reader,LOW,NO,Not orphaned; approved page retained. Do not add mechanical links.,"Future editorial opportunity, not deployment blocker."
/brands/porsche-service-dubai,/porsche/guides/pdk-service-intervals,Existing hub to supporting guide / model,PDK interval planning,One distinct contextual incoming source; already reachable within three clicks,1,Relevant service-planning paragraph only if the topic is useful to that reader,LOW,NO,Not orphaned; approved page retained. Do not add mechanical links.,"Future editorial opportunity, not deployment blocker."
/brands/porsche-service-dubai,/porsche/guides/taycan-maintenance,Existing hub to supporting guide / model,Guide,One distinct contextual incoming source; already reachable within three clicks,1,Relevant service-planning paragraph only if the topic is useful to that reader,LOW,NO,Not orphaned; approved page retained. Do not add mechanical links.,"Future editorial opportunity, not deployment blocker."
/brands/porsche-service-dubai,/porsche/guides/tyre-wear-dubai,Existing hub to supporting guide / model,Guide,One distinct contextual incoming source; already reachable within three clicks,1,Relevant service-planning paragraph only if the topic is useful to that reader,LOW,NO,Not orphaned; approved page retained. Do not add mechanical links.,"Future editorial opportunity, not deployment blocker."
/services,/vrx,Existing hub to supporting guide / model,Mercedes V-Class VRX Consultation,One distinct contextual incoming source; already reachable within three clicks,1,Relevant service-planning paragraph only if the topic is useful to that reader,LOW,NO,Not orphaned; approved page retained. Do not add mechanical links.,"Future editorial opportunity, not deployment blocker."
