path,scope,title,description,h1,noindex,title_changed,description_changed
/ar/blog/best-oil-change-dubai-mercedes,B1 primary,اختيار خدمة زيت مرسيدس في دبي | دليل المقارنة,دليل تغيير زيت مرسيدس في دبي: اختيار مواصفة الزيت المناسبة والفلتر والفحوص المهمة وكيف تختار ورشة متخصصة في القوز.,كيف تختار خدمة تغيير زيت مرسيدس في دبي؟,False,True,False
/ar/blog/g63-to-brabus-g800-conversion-dubai,"Separate valuation, tuning, conversion or V-Class intent — retained",تحويل G63 بأسلوب BRABUS G 800 دبي | قبل وبعد,مراحل مشروع G63 بأسلوب BRABUS G 800 في دبي: التفكيك وتجهيز الهيكل والعجلات والأسلاك والحساسات والفحص النهائي وحدود تعديل المظهر.,تحويل G63 بأسلوب BRABUS G 800 في دبي: مراحل مشروع فعلي,False,False,False
/ar/blog/how-much-is-my-mercedes-worth-dubai,"Separate valuation, tuning, conversion or V-Class intent — retained",كم تبلغ قيمة مرسيدس في دبي؟ | تقييم ومساعدة في البيع,احصل على تقييم واقعي لسيارتك مرسيدس في دبي، مع فحص وتجهيز وتسويق ومساعدة في إتمام البيع من فريق ديجي-تك.,كم تبلغ قيمة سيارتي مرسيدس في دبي؟,False,False,False
/ar/blog/maybach-s580-service-dubai-guide,Separate Maybach owner — retained,صيانة مرسيدس مايباخ دبي | التعليق والمقصورة الخلفية,دليل صيانة مايباخ في دبي: التعليق المركب والمكيف والبطارية وأنظمة المقاعد الخلفية وتأثير ساعات الوقوف على خطة الخدمة.,صيانة مرسيدس مايباخ في دبي: الراحة والمقصورة الخلفية,False,False,False
/ar/blog/mercedes-amg-gt-tuning-dubai,"Separate valuation, tuning, conversion or V-Class intent — retained",تطوير أداء مرسيدس AMG GT في دبي: خطة حسب السيارة | ديجي-تك,دليل تخطيط برمجة وتطوير AMG GT: تحديد الجيل والمحرك والتجهيزات، مراجعة التبريد والوقود وناقل الحركة، وتوثيق نطاق المشروع.,تطوير أداء مرسيدس AMG GT في دبي: خطة حسب السيارة,False,False,False
/ar/blog/mercedes-benz-maintenance-guide-dubai,B1 primary,تخطيط صيانة مرسيدس في دبي | دليل المالك,نظّم صيانة مرسيدس وفق سجل السيارة وحالتها واستخدامها في دبي، وافصل بين الأعمال المستحقة والأعطال والبنود التي تحتاج إلى متابعة.,دليل تخطيط صيانة مرسيدس لمالكي السيارات في دبي,False,True,True
/ar/blog/mercedes-c-class-service-dubai-guide,B1 primary,صيانة مرسيدس C-Class دبي | C200 وC240 وC300,دليل صيانة C-Class في دبي: C200 وC240 وC300 والكوبيه، زيت المحرك والناقل والمكيف والتعليق، مع توضيح اختلاف AMG C63.,صيانة وإصلاح مرسيدس C-Class في دبي: C200 وC240 وC300,True,True,True
/ar/blog/mercedes-e-class-service-dubai-guide,B1 primary,صيانة مرسيدس E-Class دبي | E200 وE300 وE350,دليل خدمة E-Class في دبي: E200 وE300 وE350 والكوبيه والكابريوليه، الناقل والتعليق والمكيف والإلكترونيات، مع فصل AMG E63.,صيانة وإصلاح مرسيدس E-Class في دبي: السيدان والكوبيه والكابريوليه,True,True,True
/ar/blog/mercedes-g63-service-dubai-guide,B1 primary,صيانة مرسيدس AMG G63 دبي | المحرك والناقل والتبريد,دليل صيانة وإصلاح G63 في دبي: اختلاف الأجيال ومحركات V8 وناقل AMG والفرامل والتبريد، مع فصلها عن خدمة G-Class غير AMG.,صيانة وإصلاح مرسيدس AMG G63 في دبي: الأجيال ونطاق الفحص,True,True,True
/ar/blog/mercedes-repair-dubai-complete-guide,B1 primary,أعراض وتحذيرات مرسيدس في دبي | دليل المالك,تعرّف إلى أعطال مرسيدس الشائعة في دبي: تعليق AIRMATIC والتبريد والتكييف والبطارية وإشارات التحذير، وما يجب فحصه قبل اعتماد الإصلاح.,أعراض وتحذيرات مرسيدس في دبي: دليل المالك,False,True,False
/ar/blog/mercedes-s-class-service-dubai-guide,B1 primary,صيانة مرسيدس S-Class دبي | التعليق والناقل والراحة,دليل خدمة S-Class في دبي: اختلاف الأجيال والكوبيه، تعليق AIRMATIC أو ABC، البطارية والتبريد وأعطال الشاشة، مع فصل S63 ومايباخ.,صيانة وإصلاح مرسيدس S-Class في دبي: التعليق والراحة والإلكترونيات,True,True,True
/ar/blog/mercedes-service-cost-dubai-guide,B1 primary,تكلفة صيانة مرسيدس في دبي: نطاق Service A وService B | ديجي-تك,تعرف إلى بنود عرض صيانة مرسيدس: رسالة ASSYST والزيت والفلاتر والعمالة والتشخيص، وما يجب تأكيده ضمن Service A أو Service B.,تكلفة صيانة مرسيدس في دبي: نطاق Service A وService B,False,False,False
/ar/blog/mercedes-service-intervals-dubai-heat,B1 primary,مواعيد صيانة مرسيدس وASSYST في دبي | دليل المالك,كيف تحدد موعد صيانة مرسيدس في دبي من رسالة ASSYST وبيانات السيارة والسجل؟ افصل التذكير الدوري عن التحذير وتجنب فترات عامة لكل الطرازات.,مواعيد صيانة مرسيدس وقراءة ASSYST في دبي,False,True,True
/ar/brands/maybach-service-dubai/ac-repair,Separate Maybach owner — retained,إصلاح التكييف Mercedes-Maybach في دبي | ديجي-تك,إصلاح التكييف Mercedes-Maybach في دبي. فحص ضعف التبريد وتفاوت الهواء والتسرب، مع التأكد من نوع غاز التبريد المكتوب على السيارة.,إصلاح التكييف Mercedes-Maybach في دبي,False,False,False
/ar/brands/maybach-service-dubai/battery-replacement,Separate Maybach owner — retained,تبديل البطارية Mercedes-Maybach في دبي | ديجي-تك,تبديل البطارية Mercedes-Maybach في دبي. فحص البطارية منخفضة الجهد ونظام الشحن والتوصيلات قبل تأكيد الحاجة إلى الاستبدال والمواصفة المناسبة.,تبديل البطارية Mercedes-Maybach في دبي,False,False,False
/ar/brands/maybach-service-dubai/body-repair,Separate Maybach owner — retained,إصلاح الهيكل Mercedes-Maybach في دبي | ديجي-تك,إصلاح الهيكل Mercedes-Maybach في دبي. تقييم تلف الألواح والطلاء والزينة لتحديد الإصلاح أو الاستبدال، وما قد يتطلب فحصاً إضافياً بعد الفك.,إصلاح الهيكل Mercedes-Maybach في دبي,False,False,False
/ar/brands/maybach-service-dubai/brake-repair,Separate Maybach owner — retained,إصلاح الفرامل Mercedes-Maybach في دبي | ديجي-تك,إصلاح الفرامل Mercedes-Maybach في دبي. فحص الضجيج والاهتزاز وتحذيرات الفرامل، مع تحديد نوع الأقراص والفحمات وحالتها قبل اقتراح العمل.,إصلاح الفرامل Mercedes-Maybach في دبي,False,False,False
/ar/brands/maybach-service-dubai/electrical-repair,Separate Maybach owner — retained,إصلاح الكهرباء Mercedes-Maybach في دبي | ديجي-تك,إصلاح الكهرباء Mercedes-Maybach في دبي. تتبع أعطال التوصيلات والدوائر والحساسات ووظائف الراحة اعتماداً على الأعراض والاختبارات المناسبة.,إصلاح الكهرباء Mercedes-Maybach في دبي,False,False,False
/ar/brands/maybach-service-dubai/engine-diagnostics,Separate Maybach owner — retained,تشخيص المحرك Mercedes-Maybach في دبي | ديجي-تك,تشخيص المحرك Mercedes-Maybach في دبي. ربط رسائل التحذير وبيانات الأعطال بالفحص الفعلي لتحديد سبب المشكلة قبل اقتراح تبديل القطع.,تشخيص المحرك Mercedes-Maybach في دبي,False,False,False
/ar/brands/maybach-service-dubai/exhaust-repair,Separate Maybach owner — retained,إصلاح العادم Mercedes-Maybach في دبي | ديجي-تك,إصلاح العادم Mercedes-Maybach في دبي. فحص التسرب والاهتزاز والضجيج وتحذيرات العادم قبل اقتراح إصلاح المكون المتأثر.,إصلاح العادم Mercedes-Maybach في دبي,False,False,False
/ar/brands/maybach-service-dubai/fuel-system-repair,Separate Maybach owner — retained,إصلاح نظام الوقود Mercedes-Maybach في دبي | ديجي-تك,إصلاح نظام الوقود Mercedes-Maybach في دبي. تقييم صعوبة التشغيل والتقطيع وأعطال ضغط الوقود والبخاخات باختبارات تحدد السبب قبل الاستبدال.,إصلاح نظام الوقود Mercedes-Maybach في دبي,False,False,False
/ar/brands/maybach-service-dubai/mechanical-repair,Separate Maybach owner — retained,الإصلاح الميكانيكي Mercedes-Maybach في دبي | ديجي-تك,الإصلاح الميكانيكي Mercedes-Maybach في دبي. تقييم التسرب والضجيج والاهتزاز ومشاكل التبريد أو الحركة لتحديد نطاق الإصلاح من نتائج الفحص.,الإصلاح الميكانيكي Mercedes-Maybach في دبي,False,False,False
/ar/brands/maybach-service-dubai/oil-change,Separate Maybach owner — retained,تغيير الزيت Mercedes-Maybach في دبي | ديجي-تك,تغيير الزيت Mercedes-Maybach في دبي. تحديد مواصفة الزيت والكمية والفلتر والبنود المستحقة من بيانات السيارة وسجل صيانتها.,تغيير الزيت Mercedes-Maybach في دبي,False,False,False
/ar/brands/maybach-service-dubai/steering-repair,Separate Maybach owner — retained,إصلاح نظام التوجيه Mercedes-Maybach في دبي | ديجي-تك,إصلاح نظام التوجيه Mercedes-Maybach في دبي. فحص ثقل المقود والضجيج والانحراف، ومراجعة تأثير الإطارات والتعليق والزوايا في التوجيه.,إصلاح نظام التوجيه Mercedes-Maybach في دبي,False,False,False
/ar/brands/maybach-service-dubai/suspension-repair,Separate Maybach owner — retained,إصلاح التعليق Mercedes-Maybach في دبي | ديجي-تك,إصلاح التعليق Mercedes-Maybach في دبي. تقييم تغير ارتفاع السيارة والضجيج والراحة والتآكل غير المنتظم للإطارات حسب نظام التعليق المركب.,إصلاح التعليق Mercedes-Maybach في دبي,False,False,False
/ar/brands/maybach-service-dubai/tire-repair,Separate Maybach owner — retained,إصلاح الإطارات Mercedes-Maybach في دبي | ديجي-تك,إصلاح الإطارات Mercedes-Maybach في دبي. فحص فقدان الضغط والثقب والاهتزاز وحالة الإطار لتحديد صلاحية الإصلاح أو مواصفة الاستبدال.,إصلاح الإطارات Mercedes-Maybach في دبي,False,False,False
/ar/brands/maybach-service-dubai/transmission-repair,Separate Maybach owner — retained,إصلاح ناقل الحركة Mercedes-Maybach في دبي | ديجي-تك,إصلاح ناقل الحركة Mercedes-Maybach في دبي. تقييم تأخر التعشيق وتغير النقل والتسرب والتحذيرات حسب ناقل الحركة المركب وسجل الخدمة.,إصلاح ناقل الحركة Mercedes-Maybach في دبي,False,False,False
/ar/brands/mercedes-benz-service-dubai,B1 primary,إصلاح وصيانة مرسيدس في دبي | ديجي-تك,ورشة مستقلة لصيانة وإصلاح مرسيدس في القوز، دبي. تشخيص XENTRY وفحص المحرك والقير والتعليق والتكييف والكهرباء مع توضيح النطاق والتكلفة قبل العمل.,إصلاح وصيانة مرسيدس بنز في دبي,False,False,True
/ar/services/mercedes-ac-repair-dubai,B1 primary,إصلاح مكيف مرسيدس في دبي | ديجي تيك القوز,فحص مكيف مرسيدس في القوز عند ضعف التبريد أو اختلاف حرارة الفتحات أو تكرر فقدان التبريد. تحديد التسريب والهواء والتحكم قبل الإصلاح.,إصلاح مكيف مرسيدس في دبي,False,True,True
/ar/services/mercedes-battery-replacement-dubai,B1 primary,تبديل بطارية مرسيدس في دبي | فحص 12V | ديجي تيك,فحص بطارية مرسيدس 12V في القوز، دبي مع مراجعة الشحن والتوصيلات واختيار البطارية المناسبة. نطاق منفصل للبطارية المساعدة وأنظمة 48V.,فحص وتبديل بطارية مرسيدس في دبي,False,True,True
/ar/services/mercedes-body-repair-dubai,B1 primary,إصلاح هيكل وطلاء مرسيدس في دبي | ديجي تيك,تقييم أضرار هيكل وطلاء مرسيدس في القوز، دبي. تحديد الأجزاء المتضررة ونطاق الإصلاح والطلاء ومتطلبات الحساسات قبل عرض العمل.,إصلاح هيكل وطلاء مرسيدس في دبي,False,True,True
/ar/services/mercedes-brake-repair-dubai,B1 primary,إصلاح فرامل مرسيدس في دبي | فحمات ودسكات | ديجي تيك,فحص فرامل مرسيدس في القوز عند الصفير أو الاحتكاك أو الاهتزاز أثناء الكبح. قياس التآكل ومطابقة الفحمات والدسكات مع تجهيزات السيارة.,إصلاح فرامل مرسيدس في دبي,False,True,True
/ar/services/mercedes-diagnostics-dubai,B1 primary,فحص مرسيدس XENTRY في دبي | تشخيص الأعطال | ديجي تيك,تشخيص مرسيدس باستخدام XENTRY في القوز، دبي. قراءة الأعطال والبيانات واختبارات مدعومة، مع تأكيد نطاق الترميز والبرمجة حسب السيارة والوحدة.,فحص وتشخيص أعطال مرسيدس باستخدام XENTRY في دبي,False,True,True
/ar/services/mercedes-electrical-repair-dubai,B1 primary,إصلاح كهرباء مرسيدس في دبي | تشخيص الدوائر | ديجي تيك,فحص وإصلاح كهرباء مرسيدس في القوز: تفريغ البطارية المتكرر، التوصيلات، الأسلاك والكاميرا الخلفية. تحديد الدائرة والسبب قبل تغيير القطع.,إصلاح كهرباء مرسيدس في دبي,False,True,True
/ar/services/mercedes-exhaust-repair-dubai,B1 primary,إصلاح عادم مرسيدس في دبي | فحص التسريب | ديجي تيك,فحص عادم مرسيدس في القوز، دبي عند التسريب أو الضوضاء أو رائحة العادم. تشخيص المكونات والحساسات قبل اقتراح الإصلاح أو الاستبدال.,إصلاح عادم مرسيدس في دبي,False,True,True
/ar/services/mercedes-fuel-system-repair-dubai,B1 primary,إصلاح نظام وقود مرسيدس في دبي | ديجي تيك القوز,فحص نظام وقود مرسيدس في القوز عند صعوبة التشغيل أو التقطيع أو ضعف العزم. اختبارات ضغط وتغذية وبخاخات حسب المحرك قبل اختيار القطع.,إصلاح نظام وقود مرسيدس في دبي,False,True,True
/ar/services/mercedes-mechanical-repair-dubai,B1 primary,إصلاح محرك مرسيدس في دبي | ديجي تيك القوز,فحص أعطال محرك مرسيدس في القوز، دبي: تسريب الزيت، ارتفاع الحرارة، الاهتزاز والدخان. نحدد سبب العطل ونوضح نطاق الإصلاح قبل العمل.,إصلاح محرك مرسيدس والأعطال الميكانيكية في دبي,False,True,True
/ar/services/mercedes-oil-change-dubai,B1 primary,تغيير زيت مرسيدس في دبي | المواصفة الصحيحة | ديجي تيك,تغيير زيت مرسيدس والفلتر في القوز، دبي حسب موافقة الزيت المطلوبة للمحرك والكمية الصحيحة. نطاق واضح يميز خدمة الزيت عن Service A وB.,تغيير زيت مرسيدس والفلتر في دبي,False,True,True
/ar/services/mercedes-steering-repair-dubai,B1 primary,إصلاح توجيه مرسيدس في دبي | فحص المقود | ديجي تيك,فحص توجيه مرسيدس في القوز عند ثقل المقود أو الاهتزاز أو الانحراف. تمييز عطل التوجيه عن الإطارات والتعليق قبل اختيار الإصلاح.,إصلاح نظام توجيه مرسيدس في دبي,False,True,True
/ar/services/mercedes-suspension-repair-dubai,B1 primary,إصلاح تعليق مرسيدس وAIRMATIC في دبي | ديجي تيك,فحص تعليق مرسيدس وAIRMATIC في القوز: هبوط السيارة، اختلاف الارتفاع، تسريب الهواء وأصوات التعليق. تشخيص حسب التجهيزات الفعلية.,إصلاح تعليق مرسيدس ونظام AIRMATIC في دبي,False,True,True
/ar/services/mercedes-tire-repair-dubai,B1 primary,إصلاح إطارات مرسيدس في دبي | فحص الضغط والتآكل | ديجي تيك,فحص إطارات مرسيدس في القوز، دبي عند فقدان الضغط أو الاهتزاز أو التآكل غير المنتظم. تقييم قابلية الإصلاح ومطابقة المقاس ومؤشرات التحمل.,فحص وإصلاح إطارات مرسيدس في دبي,False,True,True
/ar/services/mercedes-transmission-repair-dubai,B1 primary,إصلاح قير مرسيدس في دبي | 7G و9G | ديجي تيك,فحص قير مرسيدس في القوز، دبي عند النتعة أو الانزلاق أو تأخر التعشيق. نميز بين خدمة الزيت وإصلاح العطل حسب ناقل الحركة المثبت.,إصلاح قير مرسيدس وناقل الحركة في دبي,False,True,True
/ar/vrx,"Separate valuation, tuning, conversion or V-Class intent — retained",استشارة Mercedes V-Class VRX في دبي | ديجي-تك,احجز فحصاً واستشارة خاصة بسيارة Mercedes V-Class لمشروع VRX لدى ديجي-تك في القوز بدبي. يُحدد نطاق العمل بعد مراجعة السيارة والطلب.,استشارة مشروع VRX لمرسيدس V-Class,False,False,False
/blog/best-oil-change-dubai-mercedes,B1 primary,Choosing a Mercedes Oil Change Dubai | Owner Checklist,"Compare Mercedes oil changes in Dubai: confirm the exact oil approval, filter, included checks, service reset and records before choosing a workshop.",How to Choose a Mercedes Oil Change in Dubai,False,True,True
/blog/g63-to-brabus-g800-conversion-dubai,"Separate valuation, tuning, conversion or V-Class intent — retained",G63 to BRABUS G 800 Conversion Dubai | Before & After,"See a real Mercedes-AMG G63 to BRABUS G 800-style conversion in Dubai. Before-and-after photos, bodywork, fitment, wiring and final quality checks at Digi-Tec.",G63 to BRABUS G 800-Style Conversion in Dubai: Before & After,False,False,False
/blog/how-much-is-my-mercedes-worth-dubai,"Separate valuation, tuning, conversion or V-Class intent — retained",How Much Is My Mercedes Worth in Dubai? | Valuation & Sale Help,"Find out what your Mercedes is worth in Dubai. Digi-Tec can inspect, value, prepare, market and help sell your Mercedes with a clear, informed process.",How Much Is My Mercedes Worth in Dubai?,False,False,False
/blog/maybach-s580-service-dubai-guide,Separate Maybach owner — retained,Maybach Service Dubai | Mercedes-Maybach Maintenance Guide,"Mercedes-Maybach service in Dubai: AIRMATIC and E-ACTIVE suspension, cooling, rear cabin electronics, brakes and XENTRY diagnostics explained.",Mercedes-Maybach Service in Dubai: Owner Guide,False,False,False
/blog/mercedes-amg-gt-tuning-dubai,"Separate valuation, tuning, conversion or V-Class intent — retained",Mercedes AMG GT Tuning Dubai | Vehicle-Specific Guide,"A complete Mercedes-AMG GT tuning guide for Dubai: ECU calibration, downpipes, intercooling, turbo upgrades and the supporting work the M178 V8 needs in UAE heat.",Mercedes-AMG GT Tuning in Dubai: A Complete Upgrade Guide,False,False,False
/blog/mercedes-benz-maintenance-guide-dubai,B1 primary,Mercedes Maintenance Planning Dubai | Owner Guide,"Build a Mercedes maintenance plan from service records, vehicle condition and Dubai use. Separate due work, warning signs and items to monitor.",Mercedes-Benz Maintenance Planning for Dubai Owners,False,True,True
/blog/mercedes-c-class-service-dubai-guide,B1 primary,Mercedes C-Class Service & Repair Dubai | Digi-Tec,"Mercedes C-Class service and repair in Dubai for W204, W205 and W206 models, covering 7G/9G transmissions, cooling, AC, suspension and diagnostics.",Mercedes C-Class Service & Repair Dubai,False,False,False
/blog/mercedes-e-class-service-dubai-guide,B1 primary,Mercedes E-Class Service & Repair Dubai | Digi-Tec,"Mercedes E-Class service and repair in Dubai for W212, W213 and W214, including 7G/9G transmissions, suspension, 48V systems, AC and diagnostics.",Mercedes E-Class Service & Repair Dubai,False,False,False
/blog/mercedes-g63-service-dubai-guide,B1 primary,Mercedes-AMG G63 Service & Repair Dubai | Digi-Tec,"G63 service and repair in Dubai for M157 and M177 V8s, AMG transmissions, cooling, brakes, differential locks and G-Class diagnostics.",Mercedes-AMG G63 Service & Repair Dubai,False,False,False
/blog/mercedes-repair-dubai-complete-guide,B1 primary,Mercedes Problems & Warning Signs Dubai | Owner Guide,"Mercedes warning signs in Dubai: cooling, AIRMATIC, gearbox, battery, oil leaks and AC symptoms. Record the concern and find the right diagnostic next step.",Mercedes Warning Signs in Dubai: An Owner’s Guide,False,True,True
/blog/mercedes-s-class-service-dubai-guide,B1 primary,Mercedes S-Class Service & Repair Dubai | Digi-Tec,"Mercedes S-Class service and repair in Dubai for W221, W222 and W223, covering AIRMATIC, ABC, E-ACTIVE BODY CONTROL, 9G and electronics.",Mercedes S-Class Service & Repair Dubai,False,False,False
/blog/mercedes-service-cost-dubai-guide,B1 primary,Mercedes Service Cost Dubai | A & B Scope | Digi-Tec,"Understand Mercedes Service A and B cost factors in Dubai: due work, oil specification, parts, labour, diagnosis and the details an itemized quote should show.",Mercedes Service Cost in Dubai: Service A & B Scope,False,False,False
/blog/mercedes-service-intervals-dubai-heat,B1 primary,Mercedes Service Intervals & ASSYST Dubai | Digi-Tec,"How VIN, model year, ASSYST and service history determine Mercedes maintenance in Dubai. Interpret the displayed service code before selecting due work.",Mercedes Service Intervals & ASSYST in Dubai,False,False,False
/brands/maybach-service-dubai/ac-repair,Separate Maybach owner — retained,Mercedes-Maybach AC Repair Dubai | Digi-Tec,"Mercedes-Maybach ac repair in Dubai with model-specific inspection, confirmed parts options and a clear quote at Digi-Tec, Al Quoz.",Mercedes-Maybach AC Repair Dubai,False,False,False
/brands/maybach-service-dubai/battery-replacement,Separate Maybach owner — retained,Mercedes-Maybach Battery Replacement Dubai | Digi-Tec,"Mercedes-Maybach battery replacement in Dubai with model-specific inspection, confirmed parts options and a clear quote at Digi-Tec, Al Quoz.",Mercedes-Maybach Battery Replacement Dubai,False,False,False
/brands/maybach-service-dubai/body-repair,Separate Maybach owner — retained,Mercedes-Maybach Body Repair Dubai | Digi-Tec,"Mercedes-Maybach body repair in Dubai with model-specific inspection, confirmed parts options and a clear quote at Digi-Tec, Al Quoz.",Mercedes-Maybach Body Repair Dubai,False,False,False
/brands/maybach-service-dubai/brake-repair,Separate Maybach owner — retained,Mercedes-Maybach Brake Repair Dubai | Digi-Tec,"Mercedes-Maybach brake repair in Dubai with model-specific inspection, confirmed parts options and a clear quote at Digi-Tec, Al Quoz.",Mercedes-Maybach Brake Repair Dubai,False,False,False
/brands/maybach-service-dubai/electrical-repair,Separate Maybach owner — retained,Mercedes-Maybach Electrical Repair Dubai | Digi-Tec,"Mercedes-Maybach electrical repair in Dubai with model-specific inspection, confirmed parts options and a clear quote at Digi-Tec, Al Quoz.",Mercedes-Maybach Electrical Repair Dubai,False,False,False
/brands/maybach-service-dubai/engine-diagnostics,Separate Maybach owner — retained,Mercedes-Maybach Engine Diagnostics Dubai | Digi-Tec,"Mercedes-Maybach engine diagnostics in Dubai with model-specific inspection, confirmed parts options and a clear quote at Digi-Tec, Al Quoz.",Mercedes-Maybach Engine Diagnostics Dubai,False,False,False
/brands/maybach-service-dubai/exhaust-repair,Separate Maybach owner — retained,Mercedes-Maybach Exhaust Repair Dubai | Digi-Tec,"Mercedes-Maybach exhaust repair in Dubai with model-specific inspection, confirmed parts options and a clear quote at Digi-Tec, Al Quoz.",Mercedes-Maybach Exhaust Repair Dubai,False,False,False
/brands/maybach-service-dubai/fuel-system-repair,Separate Maybach owner — retained,Mercedes-Maybach Fuel System Repair Dubai | Digi-Tec,"Mercedes-Maybach fuel system repair in Dubai with model-specific inspection, confirmed parts options and a clear quote at Digi-Tec, Al Quoz.",Mercedes-Maybach Fuel System Repair Dubai,False,False,False
/brands/maybach-service-dubai/mechanical-repair,Separate Maybach owner — retained,Mercedes-Maybach Mechanical Repair Dubai | Digi-Tec,"Mercedes-Maybach mechanical repair in Dubai with model-specific inspection, confirmed parts options and a clear quote at Digi-Tec, Al Quoz.",Mercedes-Maybach Mechanical Repair Dubai,False,False,False
/brands/maybach-service-dubai/oil-change,Separate Maybach owner — retained,Mercedes-Maybach Oil Change Dubai | Digi-Tec,"Mercedes-Maybach oil change in Dubai with model-specific inspection, confirmed parts options and a clear quote at Digi-Tec, Al Quoz.",Mercedes-Maybach Oil Change Dubai,False,False,False
/brands/maybach-service-dubai/steering-repair,Separate Maybach owner — retained,Mercedes-Maybach Steering Repair Dubai | Digi-Tec,"Mercedes-Maybach steering repair in Dubai with model-specific inspection, confirmed parts options and a clear quote at Digi-Tec, Al Quoz.",Mercedes-Maybach Steering Repair Dubai,False,False,False
/brands/maybach-service-dubai/suspension-repair,Separate Maybach owner — retained,Mercedes-Maybach Suspension Repair Dubai | Digi-Tec,"Mercedes-Maybach suspension repair in Dubai with model-specific inspection, confirmed parts options and a clear quote at Digi-Tec, Al Quoz.",Mercedes-Maybach Suspension Repair Dubai,False,False,False
/brands/maybach-service-dubai/tire-repair,Separate Maybach owner — retained,Mercedes-Maybach Tyre Repair Dubai | Digi-Tec,"Mercedes-Maybach tyre repair in Dubai with model-specific inspection, confirmed parts options and a clear quote at Digi-Tec, Al Quoz.",Mercedes-Maybach Tyre Repair Dubai,False,False,False
/brands/maybach-service-dubai/transmission-repair,Separate Maybach owner — retained,Mercedes-Maybach Transmission Repair Dubai | Digi-Tec,"Mercedes-Maybach transmission repair in Dubai with model-specific inspection, confirmed parts options and a clear quote at Digi-Tec, Al Quoz.",Mercedes-Maybach Transmission Repair Dubai,False,False,False
/brands/mercedes-benz-service-dubai,B1 primary,Mercedes Repair & Service Dubai | Al Quoz | Digi-Tec,"Independent Mercedes repair and service in Al Quoz, Dubai since 2002. XENTRY diagnostics, maintenance, gearbox, AIRMATIC, AC and electrical work.",Mercedes-Benz Repair & Service Dubai,False,True,False
/mercedes/models/c63-service-repair-dubai,B1 primary,Mercedes-AMG C63 Service & Repair Dubai | Digi-Tec,"Mercedes-AMG C63 service in Dubai for W204, W205 and W206: M156, M177 and M139 hybrid powertrains, AMG transmissions, brakes and cooling.",Mercedes-AMG C63 Service & Repair Dubai,False,False,False
/mercedes/models/e63-service-repair-dubai,B1 primary,Mercedes-AMG E63 Service & Repair Dubai | Digi-Tec,"Mercedes-AMG E63 service and repair in Dubai for W212 and W213 M156, M157 and M177 models, AMG MCT, 4MATIC+, air suspension and cooling.",Mercedes-AMG E63 Service & Repair Dubai,False,False,False
/mercedes/models/g-class-service-repair-dubai,B1 primary,Mercedes G-Class Service & Repair Dubai | Digi-Tec,"Mercedes G-Class service and repair in Dubai for G500, G550 and diesel models: 4MATIC driveline, differential locks, cooling and diagnostics.",Mercedes G-Class Service & Repair Dubai,False,False,False
/mercedes/models/gle-service-repair-dubai,B1 primary,Mercedes GLE Service & Repair Dubai | Digi-Tec,"Mercedes GLE service and repair in Dubai for W166 and W167: 4MATIC, 7G/9G, AIRMATIC, E-ACTIVE BODY CONTROL, cooling and diagnostics.",Mercedes GLE Service & Repair Dubai,False,False,False
/mercedes/models/gls-service-repair-dubai,B1 primary,Mercedes GLS Service & Repair Dubai | Digi-Tec,"Mercedes GLS service and repair in Dubai for X166 and X167: 9G-TRONIC, 4MATIC, AIRMATIC, E-ACTIVE BODY CONTROL, cooling and electronics.",Mercedes GLS Service & Repair Dubai,False,False,False
/mercedes/models/s63-service-repair-dubai,B1 primary,Mercedes-AMG S63 Service & Repair Dubai | Digi-Tec,"Mercedes-AMG S63 service and repair in Dubai for saloon and coupe variants: V8, AMG transmission, fitted suspension and W223 hybrid assessment.",Mercedes-AMG S63 Service & Repair Dubai,False,False,True
/mercedes/problems,B1 primary,Mercedes Problems & Diagnostic Guides | Digi-Tec Dubai,"Practical Mercedes owner guides for AIRMATIC, gearbox jerking, overheating, AC, oil leaks, no-start and battery warnings, with safe next steps.",Mercedes Problems & Diagnostic Guides,False,False,False
/mercedes/problems/ac-not-cooling,B1 primary,Mercedes AC Not Cooling | Causes & Diagnosis,"Why a Mercedes AC may blow warm, cool only while moving or differ by vent, plus refrigerant, compressor, airflow and climate-control diagnosis.",Mercedes AC Not Cooling,False,False,False
/mercedes/problems/airmatic-malfunction,B1 primary,Mercedes AIRMATIC Malfunction | Causes & Diagnosis,"What a Mercedes AIRMATIC malfunction means, possible air-spring, compressor, valve, sensor and voltage causes, and how the fault should be diagnosed.",Mercedes AIRMATIC Malfunction,False,False,False
/mercedes/problems/battery-warning,B1 primary,"Mercedes Battery Warning | 12V, 48V & Charging","What Mercedes battery and charging warnings can mean across 12V, auxiliary and 48V systems, when to stop, and how voltage faults are diagnosed.",Mercedes Battery Warning,False,False,False
/mercedes/problems/check-engine-light,B1 primary,Mercedes Check Engine Light | Meaning & Diagnosis,"Mercedes check engine light guide: steady vs flashing warnings, possible ignition, fuel, boost and emissions causes, and why a code is not a diagnosis.",Mercedes Check Engine Light,False,False,False
/mercedes/problems/engine-overheating,B1 primary,Mercedes Engine Overheating | Stop & Diagnose Guide,"What to do when a Mercedes overheats, possible coolant leak, pump, thermostat, fan and airflow causes, and how the cooling system is diagnosed.",Mercedes Engine Overheating,False,False,False
/mercedes/problems/gearbox-jerking,B1 primary,"Mercedes Gearbox Jerking | 7G, 9G & AMG Guide","Why a Mercedes gearbox may jerk when changing gears, differences across 7G-TRONIC, 9G-TRONIC and AMG transmissions, and how to diagnose it.",Mercedes Gearbox Jerking When Changing Gears,False,False,False
/mercedes/problems/oil-leak,B1 primary,"Mercedes Oil Leak | Sources, Risk & Diagnosis","Mercedes oil leak guide covering leak patterns, possible covers, housings, coolers, turbo lines and sump sources, driving risk and diagnosis.",Mercedes Oil Leak,False,False,False
/mercedes/problems/suspension-dropping-overnight,B1 primary,Mercedes Suspension Dropping Overnight | Leak Guide,"Why a Mercedes with air suspension may drop overnight, how corner and full-vehicle height loss differ, and how leaks should be isolated before repair.",Mercedes Suspension Dropping Overnight,False,False,False
/mercedes/problems/transmission-slipping,B1 primary,Mercedes Transmission Slipping | Signs & Diagnosis,"How to recognize Mercedes transmission slipping, possible fluid, hydraulic, clutch and control causes, driving risk, and the diagnostic process.",Mercedes Transmission Slipping,False,False,False
/mercedes/problems/wont-start,B1 primary,"Mercedes Won’t Start? No Power, No Crank & Jump-Start Guide","Mercedes won’t start but lights work, has no power, clicks once or starts only with a jump? Compare battery, starter, key and crank-no-start causes safely.",Mercedes Won't Start,False,False,False
/services/head-unit-repair-dubai,B1 primary,Head Unit & Mercedes COMAND Repair Dubai | DIGI-TEC,"Head-unit and Mercedes COMAND fault diagnosis in Al Quoz, Dubai. Screen, sound, restarts and connectivity problems checked before repair or replacement.",Head Unit & Mercedes COMAND Repair in Dubai,False,False,False
/services/mercedes-ac-repair-dubai,B1 primary,Mercedes AC Repair Dubai | Air Conditioning | Digi-Tec,"Mercedes AC and air-conditioning repair assessment in Al Quoz. Weak cooling, uneven cabin temperature, leaks and airflow checked before quoting repairs.",Mercedes AC & Air Conditioning Repair in Dubai,False,False,False
/services/mercedes-audio-upgrade-dubai,B1 primary,Mercedes Stereo & Audio Upgrade Dubai | DIGI-TEC,"Mercedes stereo and sound-system upgrades in Dubai, including E-Class enquiries. Review fitted equipment, speaker and amplifier options and vehicle integration.",Mercedes Stereo & Audio Upgrades in Dubai,False,False,False
/services/mercedes-battery-replacement-dubai,B1 primary,Mercedes Battery Replacement Dubai | Digi-Tec,"Mercedes battery testing and replacement at Digi-Tec, Al Quoz. Distinguish main-battery, auxiliary and charging concerns before selecting the correct battery.",Mercedes Battery Testing & Replacement in Dubai,False,False,False
/services/mercedes-body-repair-dubai,B1 primary,Mercedes Body & Accident Repair Dubai | Digi-Tec,"Mercedes body repair and paintwork assessment in Al Quoz. Inspect dents, bumpers and panels, confirm finish requirements and receive an itemized scope.",Mercedes Body Repair & Paintwork in Dubai,False,True,False
/services/mercedes-brake-repair-dubai,B1 primary,Mercedes Brake Repair & Service Dubai | Digi-Tec,"Mercedes brake repair and service in Al Quoz. Pad and disc measurements, wear sensors, hydraulic checks and fitted AMG brake specification reviewed.",Mercedes Brake Repair & Service in Dubai,False,False,False
/services/mercedes-diagnostics-dubai,B1 primary,Mercedes XENTRY Diagnostics Dubai | Coding | Digi-Tec,"Mercedes XENTRY diagnostics in Al Quoz, Dubai for warning lights, no-start, AIRMATIC, 7G/9G transmission and supported coding. Get a clear fault report.",Mercedes XENTRY Diagnostics & Coding in Dubai,False,False,False
/services/mercedes-electrical-repair-dubai,B1 primary,Mercedes Electrical Repair Dubai | Wiring & Charging,"Mercedes electrical and ECU fault assessment in Al Quoz. Wiring, voltage, charging and network checks guide supported repair or replacement decisions.",Mercedes Electrical Repair & Fault Tracing in Dubai,False,True,False
/services/mercedes-exhaust-repair-dubai,B1 primary,Mercedes Exhaust Repair Dubai | Digi-Tec,"Mercedes exhaust repair assessment in Al Quoz. Leaks, mounts, rattles and sensor faults checked, with vehicle-compatible repair options explained.",Mercedes Exhaust Repair in Dubai,False,False,False
/services/mercedes-fuel-system-repair-dubai,B1 primary,Mercedes Fuel System Repair Dubai | Pump & Injector Checks,"Mercedes fuel-system assessment in Al Quoz. Investigate starting, pressure, leak and injector concerns before choosing a repair. Send your vehicle details.",Mercedes Fuel System Repair in Dubai,False,True,True
/services/mercedes-mechanical-repair-dubai,B1 primary,Mercedes Engine & Mechanical Repair Dubai | Digi-Tec,"Mercedes engine repair in Al Quoz, Dubai. Assessment of overheating, oil leaks, misfires and mounts, with repair options and an itemized quote.",Mercedes Engine & Mechanical Repair in Dubai,False,False,False
/services/mercedes-oil-change-dubai,B1 primary,Mercedes Oil Change Dubai | MB-Approved Oil | Digi-Tec,"Mercedes oil change in Al Quoz, Dubai with the correct MB oil approval, filter, fill quantity and supported ASSYST reset. Request an itemized quote.",Mercedes Oil Change in Dubai,False,False,False
/services/mercedes-steering-repair-dubai,B1 primary,Mercedes Steering Repair Dubai | Digi-Tec,"Mercedes steering repair assessment in Al Quoz, Dubai. Rack, assistance, hydraulic and alignment concerns inspected before replacement is proposed.",Mercedes Steering Repair in Dubai,False,False,False
/services/mercedes-suspension-repair-dubai,B1 primary,Mercedes Suspension Repair Dubai | AIRMATIC & ABC | Digi-Tec,"Mercedes suspension repair in Al Quoz, Dubai for AIRMATIC warnings, overnight drops, air-strut leaks and compressor faults. Book an inspection.",Mercedes Suspension & AIRMATIC Repair in Dubai,False,False,False
/services/mercedes-tire-repair-dubai,B1 primary,Mercedes Tyre Repair Dubai | Puncture & Pressure Checks,"Mercedes tyre checks in Al Quoz for punctures, pressure loss, uneven wear and vibration. Repairability and the correct fitment are assessed before work.",Mercedes Tyre Repair & Assessment in Dubai,False,True,True
/services/mercedes-transmission-repair-dubai,B1 primary,Mercedes Transmission & Gearbox Repair Dubai | Digi-Tec,"Mercedes transmission and gearbox repair assessment in Al Quoz. Identify the fitted gearbox and compare fluid service, fault repair and replacement scope.",Mercedes Transmission & Gearbox Repair in Dubai,False,False,False
/vrx,"Separate valuation, tuning, conversion or V-Class intent — retained",Mercedes V-Class VRX Consultation Dubai | DIGI-TEC,"Book a vehicle-specific inspection and consultation for a Mercedes V-Class VRX project at DIGI-TEC in Al Quoz, Dubai. Scope is confirmed after review.",Mercedes V-Class VRX Consultation,False,False,False
