"Source","Expected destination","GET status","HEAD status","GET Location","HEAD Location","Result"
"https://digitecme.com/ar/best-mercedes-workshop-dubai","https://digitecme.com/ar/brands/mercedes-benz-service-dubai","200","200","","","FAIL"
"https://digitecme.com/ar/brands/mercedes-benz-service-dubai/ac-repair","https://digitecme.com/ar/services/mercedes-ac-repair-dubai","200","200","","","FAIL"
"https://digitecme.com/ar/brands/mercedes-benz-service-dubai/battery-replacement","https://digitecme.com/ar/services/mercedes-battery-replacement-dubai","200","200","","","FAIL"
"https://digitecme.com/ar/brands/mercedes-benz-service-dubai/body-repair","https://digitecme.com/ar/services/mercedes-body-repair-dubai","200","200","","","FAIL"
"https://digitecme.com/ar/brands/mercedes-benz-service-dubai/brake-repair","https://digitecme.com/ar/services/mercedes-brake-repair-dubai","200","200","","","FAIL"
"https://digitecme.com/ar/brands/mercedes-benz-service-dubai/electrical-repair","https://digitecme.com/ar/services/mercedes-electrical-repair-dubai","200","200","","","FAIL"
"https://digitecme.com/ar/brands/mercedes-benz-service-dubai/engine-diagnostics","https://digitecme.com/ar/services/mercedes-diagnostics-dubai","200","200","","","FAIL"
"https://digitecme.com/ar/brands/mercedes-benz-service-dubai/exhaust-repair","https://digitecme.com/ar/services/mercedes-exhaust-repair-dubai","200","200","","","FAIL"
"https://digitecme.com/ar/brands/mercedes-benz-service-dubai/fuel-system-repair","https://digitecme.com/ar/services/mercedes-fuel-system-repair-dubai","200","200","","","FAIL"
"https://digitecme.com/ar/brands/mercedes-benz-service-dubai/mechanical-repair","https://digitecme.com/ar/services/mercedes-mechanical-repair-dubai","200","200","","","FAIL"
"https://digitecme.com/ar/brands/mercedes-benz-service-dubai/oil-change","https://digitecme.com/ar/services/mercedes-oil-change-dubai","200","200","","","FAIL"
"https://digitecme.com/ar/brands/mercedes-benz-service-dubai/steering-repair","https://digitecme.com/ar/services/mercedes-steering-repair-dubai","200","200","","","FAIL"
"https://digitecme.com/ar/brands/mercedes-benz-service-dubai/suspension-repair","https://digitecme.com/ar/services/mercedes-suspension-repair-dubai","200","200","","","FAIL"
"https://digitecme.com/ar/brands/mercedes-benz-service-dubai/tire-repair","https://digitecme.com/ar/services/mercedes-tire-repair-dubai","200","200","","","FAIL"
"https://digitecme.com/ar/brands/mercedes-benz-service-dubai/transmission-repair","https://digitecme.com/ar/services/mercedes-transmission-repair-dubai","200","200","","","FAIL"
"https://digitecme.com/ar/mercedes","https://digitecme.com/ar/brands/mercedes-benz-service-dubai","200","200","","","FAIL"
"https://digitecme.com/ar/mercedes-ac-repair","https://digitecme.com/ar/services/mercedes-ac-repair-dubai","200","200","","","FAIL"
"https://digitecme.com/ar/mercedes-ac-repair-dubai","https://digitecme.com/ar/services/mercedes-ac-repair-dubai","200","200","","","FAIL"
"https://digitecme.com/ar/mercedes-body-repair","https://digitecme.com/ar/services/mercedes-body-repair-dubai","200","200","","","FAIL"
"https://digitecme.com/ar/mercedes-body-repair-dubai","https://digitecme.com/ar/services/mercedes-body-repair-dubai","200","200","","","FAIL"
"https://digitecme.com/ar/mercedes-brake-repair","https://digitecme.com/ar/services/mercedes-brake-repair-dubai","200","200","","","FAIL"
"https://digitecme.com/ar/mercedes-brake-repair-dubai","https://digitecme.com/ar/services/mercedes-brake-repair-dubai","200","200","","","FAIL"
"https://digitecme.com/ar/mercedes-oil-change","https://digitecme.com/ar/services/mercedes-oil-change-dubai","200","200","","","FAIL"
"https://digitecme.com/ar/mercedes-oil-change-dubai","https://digitecme.com/ar/services/mercedes-oil-change-dubai","200","200","","","FAIL"
"https://digitecme.com/ar/mercedes-repair","https://digitecme.com/ar/brands/mercedes-benz-service-dubai","200","200","","","FAIL"
"https://digitecme.com/ar/mercedes-repair-dubai","https://digitecme.com/ar/brands/mercedes-benz-service-dubai","200","200","","","FAIL"
"https://digitecme.com/ar/mercedes-service","https://digitecme.com/ar/brands/mercedes-benz-service-dubai","200","200","","","FAIL"
"https://digitecme.com/ar/mercedes-suspension-repair","https://digitecme.com/ar/services/mercedes-suspension-repair-dubai","200","200","","","FAIL"
"https://digitecme.com/ar/mercedes-suspension-repair-dubai","https://digitecme.com/ar/services/mercedes-suspension-repair-dubai","200","200","","","FAIL"
"https://digitecme.com/ar/mercedes-transmission-repair","https://digitecme.com/ar/services/mercedes-transmission-repair-dubai","200","200","","","FAIL"
"https://digitecme.com/ar/mercedes-transmission-repair-dubai","https://digitecme.com/ar/services/mercedes-transmission-repair-dubai","200","200","","","FAIL"
"https://digitecme.com/ar/mercedes-workshop","https://digitecme.com/ar/brands/mercedes-benz-service-dubai","200","200","","","FAIL"
"https://digitecme.com/ar/mercedes/models/c63-service-repair-dubai","https://digitecme.com/ar/brands/mercedes-benz-service-dubai","200","200","","","FAIL"
"https://digitecme.com/ar/mercedes/models/e63-service-repair-dubai","https://digitecme.com/ar/brands/mercedes-benz-service-dubai","200","200","","","FAIL"
"https://digitecme.com/ar/mercedes/models/g-class-service-repair-dubai","https://digitecme.com/ar/brands/mercedes-benz-service-dubai","200","200","","","FAIL"
"https://digitecme.com/ar/mercedes/models/gle-service-repair-dubai","https://digitecme.com/ar/brands/mercedes-benz-service-dubai","200","200","","","FAIL"
"https://digitecme.com/ar/mercedes/models/gls-service-repair-dubai","https://digitecme.com/ar/brands/mercedes-benz-service-dubai","200","200","","","FAIL"
"https://digitecme.com/ar/mercedes/models/s63-service-repair-dubai","https://digitecme.com/ar/brands/mercedes-benz-service-dubai","200","200","","","FAIL"
"https://digitecme.com/ar/mercedes/problems","https://digitecme.com/ar/brands/mercedes-benz-service-dubai","200","200","","","FAIL"
"https://digitecme.com/ar/mercedes/problems/ac-not-cooling","https://digitecme.com/ar/brands/mercedes-benz-service-dubai","200","200","","","FAIL"
"https://digitecme.com/ar/mercedes/problems/airmatic-malfunction","https://digitecme.com/ar/brands/mercedes-benz-service-dubai","200","200","","","FAIL"
"https://digitecme.com/ar/mercedes/problems/battery-warning","https://digitecme.com/ar/brands/mercedes-benz-service-dubai","200","200","","","FAIL"
"https://digitecme.com/ar/mercedes/problems/check-engine-light","https://digitecme.com/ar/brands/mercedes-benz-service-dubai","200","200","","","FAIL"
"https://digitecme.com/ar/mercedes/problems/engine-overheating","https://digitecme.com/ar/brands/mercedes-benz-service-dubai","200","200","","","FAIL"
"https://digitecme.com/ar/mercedes/problems/gearbox-jerking","https://digitecme.com/ar/brands/mercedes-benz-service-dubai","200","200","","","FAIL"
"https://digitecme.com/ar/mercedes/problems/oil-leak","https://digitecme.com/ar/brands/mercedes-benz-service-dubai","200","200","","","FAIL"
"https://digitecme.com/ar/mercedes/problems/suspension-dropping-overnight","https://digitecme.com/ar/brands/mercedes-benz-service-dubai","200","200","","","FAIL"
"https://digitecme.com/ar/mercedes/problems/transmission-slipping","https://digitecme.com/ar/brands/mercedes-benz-service-dubai","200","200","","","FAIL"
"https://digitecme.com/ar/mercedes/problems/wont-start","https://digitecme.com/ar/brands/mercedes-benz-service-dubai","200","200","","","FAIL"
"https://digitecme.com/ar/services/mercedes-ac-repair","https://digitecme.com/ar/services/mercedes-ac-repair-dubai","200","200","","","FAIL"
"https://digitecme.com/ar/services/mercedes-body-repair","https://digitecme.com/ar/services/mercedes-body-repair-dubai","200","200","","","FAIL"
"https://digitecme.com/ar/services/mercedes-brake-repair","https://digitecme.com/ar/services/mercedes-brake-repair-dubai","200","200","","","FAIL"
"https://digitecme.com/ar/services/mercedes-oil-change","https://digitecme.com/ar/services/mercedes-oil-change-dubai","200","200","","","FAIL"
"https://digitecme.com/ar/services/mercedes-repair","https://digitecme.com/ar/brands/mercedes-benz-service-dubai","200","200","","","FAIL"
"https://digitecme.com/ar/services/mercedes-repair-dubai","https://digitecme.com/ar/brands/mercedes-benz-service-dubai","200","200","","","FAIL"
"https://digitecme.com/ar/services/mercedes-service-dubai","https://digitecme.com/ar/brands/mercedes-benz-service-dubai","200","200","","","FAIL"
"https://digitecme.com/ar/services/mercedes-suspension-repair","https://digitecme.com/ar/services/mercedes-suspension-repair-dubai","200","200","","","FAIL"
"https://digitecme.com/ar/services/mercedes-transmission-repair","https://digitecme.com/ar/services/mercedes-transmission-repair-dubai","200","200","","","FAIL"
"https://digitecme.com/best-mercedes-workshop-dubai","https://digitecme.com/brands/mercedes-benz-service-dubai","200","200","","","FAIL"
"https://digitecme.com/brands/mercedes-benz-service-dubai/ac-repair","https://digitecme.com/services/mercedes-ac-repair-dubai","200","200","","","FAIL"
"https://digitecme.com/brands/mercedes-benz-service-dubai/battery-replacement","https://digitecme.com/services/mercedes-battery-replacement-dubai","200","200","","","FAIL"
"https://digitecme.com/brands/mercedes-benz-service-dubai/body-repair","https://digitecme.com/services/mercedes-body-repair-dubai","200","200","","","FAIL"
"https://digitecme.com/brands/mercedes-benz-service-dubai/brake-repair","https://digitecme.com/services/mercedes-brake-repair-dubai","200","200","","","FAIL"
"https://digitecme.com/brands/mercedes-benz-service-dubai/electrical-repair","https://digitecme.com/services/mercedes-electrical-repair-dubai","200","200","","","FAIL"
"https://digitecme.com/brands/mercedes-benz-service-dubai/engine-diagnostics","https://digitecme.com/services/mercedes-diagnostics-dubai","200","200","","","FAIL"
"https://digitecme.com/brands/mercedes-benz-service-dubai/exhaust-repair","https://digitecme.com/services/mercedes-exhaust-repair-dubai","200","200","","","FAIL"
"https://digitecme.com/brands/mercedes-benz-service-dubai/fuel-system-repair","https://digitecme.com/services/mercedes-fuel-system-repair-dubai","200","200","","","FAIL"
"https://digitecme.com/brands/mercedes-benz-service-dubai/mechanical-repair","https://digitecme.com/services/mercedes-mechanical-repair-dubai","200","200","","","FAIL"
"https://digitecme.com/brands/mercedes-benz-service-dubai/oil-change","https://digitecme.com/services/mercedes-oil-change-dubai","200","200","","","FAIL"
"https://digitecme.com/brands/mercedes-benz-service-dubai/steering-repair","https://digitecme.com/services/mercedes-steering-repair-dubai","200","200","","","FAIL"
"https://digitecme.com/brands/mercedes-benz-service-dubai/suspension-repair","https://digitecme.com/services/mercedes-suspension-repair-dubai","200","200","","","FAIL"
"https://digitecme.com/brands/mercedes-benz-service-dubai/tire-repair","https://digitecme.com/services/mercedes-tire-repair-dubai","200","200","","","FAIL"
"https://digitecme.com/brands/mercedes-benz-service-dubai/transmission-repair","https://digitecme.com/services/mercedes-transmission-repair-dubai","200","200","","","FAIL"
"https://digitecme.com/mercedes","https://digitecme.com/brands/mercedes-benz-service-dubai","200","200","","","FAIL"
"https://digitecme.com/mercedes-ac-repair","https://digitecme.com/services/mercedes-ac-repair-dubai","200","200","","","FAIL"
"https://digitecme.com/mercedes-ac-repair-dubai","https://digitecme.com/services/mercedes-ac-repair-dubai","200","200","","","FAIL"
"https://digitecme.com/mercedes-body-repair","https://digitecme.com/services/mercedes-body-repair-dubai","200","200","","","FAIL"
"https://digitecme.com/mercedes-body-repair-dubai","https://digitecme.com/services/mercedes-body-repair-dubai","200","200","","","FAIL"
"https://digitecme.com/mercedes-brake-repair","https://digitecme.com/services/mercedes-brake-repair-dubai","200","200","","","FAIL"
"https://digitecme.com/mercedes-brake-repair-dubai","https://digitecme.com/services/mercedes-brake-repair-dubai","200","200","","","FAIL"
"https://digitecme.com/mercedes-oil-change","https://digitecme.com/services/mercedes-oil-change-dubai","200","200","","","FAIL"
"https://digitecme.com/mercedes-oil-change-dubai","https://digitecme.com/services/mercedes-oil-change-dubai","200","200","","","FAIL"
"https://digitecme.com/mercedes-repair","https://digitecme.com/brands/mercedes-benz-service-dubai","200","200","","","FAIL"
"https://digitecme.com/mercedes-repair-dubai","https://digitecme.com/brands/mercedes-benz-service-dubai","200","200","","","FAIL"
"https://digitecme.com/mercedes-service","https://digitecme.com/brands/mercedes-benz-service-dubai","200","200","","","FAIL"
"https://digitecme.com/mercedes-suspension-repair","https://digitecme.com/services/mercedes-suspension-repair-dubai","200","200","","","FAIL"
"https://digitecme.com/mercedes-suspension-repair-dubai","https://digitecme.com/services/mercedes-suspension-repair-dubai","200","200","","","FAIL"
"https://digitecme.com/mercedes-transmission-repair","https://digitecme.com/services/mercedes-transmission-repair-dubai","200","200","","","FAIL"
"https://digitecme.com/mercedes-transmission-repair-dubai","https://digitecme.com/services/mercedes-transmission-repair-dubai","200","200","","","FAIL"
"https://digitecme.com/mercedes-workshop","https://digitecme.com/brands/mercedes-benz-service-dubai","200","200","","","FAIL"
"https://digitecme.com/services/mercedes-ac-repair","https://digitecme.com/services/mercedes-ac-repair-dubai","200","200","","","FAIL"
"https://digitecme.com/services/mercedes-body-repair","https://digitecme.com/services/mercedes-body-repair-dubai","200","200","","","FAIL"
"https://digitecme.com/services/mercedes-brake-repair","https://digitecme.com/services/mercedes-brake-repair-dubai","200","200","","","FAIL"
"https://digitecme.com/services/mercedes-oil-change","https://digitecme.com/services/mercedes-oil-change-dubai","200","200","","","FAIL"
"https://digitecme.com/services/mercedes-repair","https://digitecme.com/brands/mercedes-benz-service-dubai","200","200","","","FAIL"
"https://digitecme.com/services/mercedes-repair-dubai","https://digitecme.com/brands/mercedes-benz-service-dubai","200","200","","","FAIL"
"https://digitecme.com/services/mercedes-service-dubai","https://digitecme.com/brands/mercedes-benz-service-dubai","200","200","","","FAIL"
"https://digitecme.com/services/mercedes-suspension-repair","https://digitecme.com/services/mercedes-suspension-repair-dubai","200","200","","","FAIL"
"https://digitecme.com/services/mercedes-transmission-repair","https://digitecme.com/services/mercedes-transmission-repair-dubai","200","200","","","FAIL"
"https://digitecme.com/services/tire-repair?utm_source=production-qa&gclid=qa-check&tag=a&tag=b","https://digitecme.com/services/tire-repair-dubai?utm_source=production-qa&gclid=qa-check&tag=a&tag=b","200","200","","","FAIL"
"https://digitecme.com/services/tire-repair/?utm_source=production-qa&gclid=qa-check&tag=a&tag=b","https://digitecme.com/services/tire-repair-dubai?utm_source=production-qa&gclid=qa-check&tag=a&tag=b","200","200","","","FAIL"
"https://www.digitecme.com/services/tire-repair?utm_source=production-qa&gclid=qa-check&tag=a&tag=b","https://digitecme.com/services/tire-repair-dubai?utm_source=production-qa&gclid=qa-check&tag=a&tag=b","302","302","https://digitecme.com/services/tire-repair?utm_source=production-qa&gclid=qa-check&tag=a&tag=b","https://digitecme.com/services/tire-repair?utm_source=production-qa&gclid=qa-check&tag=a&tag=b","FAIL"
"https://www.digitecme.com/services/tire-repair/?utm_source=production-qa&gclid=qa-check&tag=a&tag=b","https://digitecme.com/services/tire-repair-dubai?utm_source=production-qa&gclid=qa-check&tag=a&tag=b","302","302","https://digitecme.com/services/tire-repair/?utm_source=production-qa&gclid=qa-check&tag=a&tag=b","https://digitecme.com/services/tire-repair/?utm_source=production-qa&gclid=qa-check&tag=a&tag=b","FAIL"
"http://digitecme.com/services/tire-repair?utm_source=production-qa&gclid=qa-check&tag=a&tag=b","https://digitecme.com/services/tire-repair-dubai?utm_source=production-qa&gclid=qa-check&tag=a&tag=b","301","301","https://digitecme.com/services/tire-repair?utm_source=production-qa&gclid=qa-check&tag=a&tag=b","https://digitecme.com/services/tire-repair?utm_source=production-qa&gclid=qa-check&tag=a&tag=b","FAIL"
"http://digitecme.com/services/tire-repair/?utm_source=production-qa&gclid=qa-check&tag=a&tag=b","https://digitecme.com/services/tire-repair-dubai?utm_source=production-qa&gclid=qa-check&tag=a&tag=b","301","301","https://digitecme.com/services/tire-repair/?utm_source=production-qa&gclid=qa-check&tag=a&tag=b","https://digitecme.com/services/tire-repair/?utm_source=production-qa&gclid=qa-check&tag=a&tag=b","FAIL"
"https://digitecme.com/ar/services/tire-repair?utm_source=production-qa&gclid=qa-check&tag=a&tag=b","https://digitecme.com/ar/services/tire-repair-dubai?utm_source=production-qa&gclid=qa-check&tag=a&tag=b","200","200","","","FAIL"
"https://digitecme.com/ar/services/tire-repair/?utm_source=production-qa&gclid=qa-check&tag=a&tag=b","https://digitecme.com/ar/services/tire-repair-dubai?utm_source=production-qa&gclid=qa-check&tag=a&tag=b","200","200","","","FAIL"
"https://www.digitecme.com/ar/services/tire-repair?utm_source=production-qa&gclid=qa-check&tag=a&tag=b","https://digitecme.com/ar/services/tire-repair-dubai?utm_source=production-qa&gclid=qa-check&tag=a&tag=b","302","302","https://digitecme.com/ar/services/tire-repair?utm_source=production-qa&gclid=qa-check&tag=a&tag=b","https://digitecme.com/ar/services/tire-repair?utm_source=production-qa&gclid=qa-check&tag=a&tag=b","FAIL"
"https://www.digitecme.com/ar/services/tire-repair/?utm_source=production-qa&gclid=qa-check&tag=a&tag=b","https://digitecme.com/ar/services/tire-repair-dubai?utm_source=production-qa&gclid=qa-check&tag=a&tag=b","302","302","https://digitecme.com/ar/services/tire-repair/?utm_source=production-qa&gclid=qa-check&tag=a&tag=b","https://digitecme.com/ar/services/tire-repair/?utm_source=production-qa&gclid=qa-check&tag=a&tag=b","FAIL"
"http://digitecme.com/ar/services/tire-repair?utm_source=production-qa&gclid=qa-check&tag=a&tag=b","https://digitecme.com/ar/services/tire-repair-dubai?utm_source=production-qa&gclid=qa-check&tag=a&tag=b","301","301","https://digitecme.com/ar/services/tire-repair?utm_source=production-qa&gclid=qa-check&tag=a&tag=b","https://digitecme.com/ar/services/tire-repair?utm_source=production-qa&gclid=qa-check&tag=a&tag=b","FAIL"
"http://digitecme.com/ar/services/tire-repair/?utm_source=production-qa&gclid=qa-check&tag=a&tag=b","https://digitecme.com/ar/services/tire-repair-dubai?utm_source=production-qa&gclid=qa-check&tag=a&tag=b","301","301","https://digitecme.com/ar/services/tire-repair/?utm_source=production-qa&gclid=qa-check&tag=a&tag=b","https://digitecme.com/ar/services/tire-repair/?utm_source=production-qa&gclid=qa-check&tag=a&tag=b","FAIL"
"https://digitecme.com/services/mercedes-repair-dubai?utm_source=production-qa&gclid=qa-check&tag=a&tag=b","https://digitecme.com/brands/mercedes-benz-service-dubai?utm_source=production-qa&gclid=qa-check&tag=a&tag=b","200","200","","","FAIL"
"https://digitecme.com/services/mercedes-repair-dubai/?utm_source=production-qa&gclid=qa-check&tag=a&tag=b","https://digitecme.com/brands/mercedes-benz-service-dubai?utm_source=production-qa&gclid=qa-check&tag=a&tag=b","200","200","","","FAIL"
"https://www.digitecme.com/services/mercedes-repair-dubai?utm_source=production-qa&gclid=qa-check&tag=a&tag=b","https://digitecme.com/brands/mercedes-benz-service-dubai?utm_source=production-qa&gclid=qa-check&tag=a&tag=b","302","302","https://digitecme.com/services/mercedes-repair-dubai?utm_source=production-qa&gclid=qa-check&tag=a&tag=b","https://digitecme.com/services/mercedes-repair-dubai?utm_source=production-qa&gclid=qa-check&tag=a&tag=b","FAIL"
"https://www.digitecme.com/services/mercedes-repair-dubai/?utm_source=production-qa&gclid=qa-check&tag=a&tag=b","https://digitecme.com/brands/mercedes-benz-service-dubai?utm_source=production-qa&gclid=qa-check&tag=a&tag=b","302","302","https://digitecme.com/services/mercedes-repair-dubai/?utm_source=production-qa&gclid=qa-check&tag=a&tag=b","https://digitecme.com/services/mercedes-repair-dubai/?utm_source=production-qa&gclid=qa-check&tag=a&tag=b","FAIL"
"http://digitecme.com/services/mercedes-repair-dubai?utm_source=production-qa&gclid=qa-check&tag=a&tag=b","https://digitecme.com/brands/mercedes-benz-service-dubai?utm_source=production-qa&gclid=qa-check&tag=a&tag=b","301","301","https://digitecme.com/services/mercedes-repair-dubai?utm_source=production-qa&gclid=qa-check&tag=a&tag=b","https://digitecme.com/services/mercedes-repair-dubai?utm_source=production-qa&gclid=qa-check&tag=a&tag=b","FAIL"
"http://digitecme.com/services/mercedes-repair-dubai/?utm_source=production-qa&gclid=qa-check&tag=a&tag=b","https://digitecme.com/brands/mercedes-benz-service-dubai?utm_source=production-qa&gclid=qa-check&tag=a&tag=b","301","301","https://digitecme.com/services/mercedes-repair-dubai/?utm_source=production-qa&gclid=qa-check&tag=a&tag=b","https://digitecme.com/services/mercedes-repair-dubai/?utm_source=production-qa&gclid=qa-check&tag=a&tag=b","FAIL"
"https://digitecme.com/best-mercedes-workshop-dubai?utm_source=production-qa&gclid=qa-check&tag=a&tag=b","https://digitecme.com/brands/mercedes-benz-service-dubai?utm_source=production-qa&gclid=qa-check&tag=a&tag=b","200","200","","","FAIL"
"https://digitecme.com/best-mercedes-workshop-dubai/?utm_source=production-qa&gclid=qa-check&tag=a&tag=b","https://digitecme.com/brands/mercedes-benz-service-dubai?utm_source=production-qa&gclid=qa-check&tag=a&tag=b","200","200","","","FAIL"
"https://www.digitecme.com/best-mercedes-workshop-dubai?utm_source=production-qa&gclid=qa-check&tag=a&tag=b","https://digitecme.com/brands/mercedes-benz-service-dubai?utm_source=production-qa&gclid=qa-check&tag=a&tag=b","302","302","https://digitecme.com/best-mercedes-workshop-dubai?utm_source=production-qa&gclid=qa-check&tag=a&tag=b","https://digitecme.com/best-mercedes-workshop-dubai?utm_source=production-qa&gclid=qa-check&tag=a&tag=b","FAIL"
"https://www.digitecme.com/best-mercedes-workshop-dubai/?utm_source=production-qa&gclid=qa-check&tag=a&tag=b","https://digitecme.com/brands/mercedes-benz-service-dubai?utm_source=production-qa&gclid=qa-check&tag=a&tag=b","302","302","https://digitecme.com/best-mercedes-workshop-dubai/?utm_source=production-qa&gclid=qa-check&tag=a&tag=b","https://digitecme.com/best-mercedes-workshop-dubai/?utm_source=production-qa&gclid=qa-check&tag=a&tag=b","FAIL"
"http://digitecme.com/best-mercedes-workshop-dubai?utm_source=production-qa&gclid=qa-check&tag=a&tag=b","https://digitecme.com/brands/mercedes-benz-service-dubai?utm_source=production-qa&gclid=qa-check&tag=a&tag=b","301","301","https://digitecme.com/best-mercedes-workshop-dubai?utm_source=production-qa&gclid=qa-check&tag=a&tag=b","https://digitecme.com/best-mercedes-workshop-dubai?utm_source=production-qa&gclid=qa-check&tag=a&tag=b","FAIL"
"http://digitecme.com/best-mercedes-workshop-dubai/?utm_source=production-qa&gclid=qa-check&tag=a&tag=b","https://digitecme.com/brands/mercedes-benz-service-dubai?utm_source=production-qa&gclid=qa-check&tag=a&tag=b","301","301","https://digitecme.com/best-mercedes-workshop-dubai/?utm_source=production-qa&gclid=qa-check&tag=a&tag=b","https://digitecme.com/best-mercedes-workshop-dubai/?utm_source=production-qa&gclid=qa-check&tag=a&tag=b","FAIL"
"https://digitecme.com/services/mercedes-service-dubai?utm_source=production-qa&gclid=qa-check&tag=a&tag=b","https://digitecme.com/brands/mercedes-benz-service-dubai?utm_source=production-qa&gclid=qa-check&tag=a&tag=b","200","200","","","FAIL"
"https://digitecme.com/services/mercedes-service-dubai/?utm_source=production-qa&gclid=qa-check&tag=a&tag=b","https://digitecme.com/brands/mercedes-benz-service-dubai?utm_source=production-qa&gclid=qa-check&tag=a&tag=b","200","200","","","FAIL"
"https://www.digitecme.com/services/mercedes-service-dubai?utm_source=production-qa&gclid=qa-check&tag=a&tag=b","https://digitecme.com/brands/mercedes-benz-service-dubai?utm_source=production-qa&gclid=qa-check&tag=a&tag=b","302","302","https://digitecme.com/services/mercedes-service-dubai?utm_source=production-qa&gclid=qa-check&tag=a&tag=b","https://digitecme.com/services/mercedes-service-dubai?utm_source=production-qa&gclid=qa-check&tag=a&tag=b","FAIL"
"https://www.digitecme.com/services/mercedes-service-dubai/?utm_source=production-qa&gclid=qa-check&tag=a&tag=b","https://digitecme.com/brands/mercedes-benz-service-dubai?utm_source=production-qa&gclid=qa-check&tag=a&tag=b","302","302","https://digitecme.com/services/mercedes-service-dubai/?utm_source=production-qa&gclid=qa-check&tag=a&tag=b","https://digitecme.com/services/mercedes-service-dubai/?utm_source=production-qa&gclid=qa-check&tag=a&tag=b","FAIL"
"http://digitecme.com/services/mercedes-service-dubai?utm_source=production-qa&gclid=qa-check&tag=a&tag=b","https://digitecme.com/brands/mercedes-benz-service-dubai?utm_source=production-qa&gclid=qa-check&tag=a&tag=b","301","301","https://digitecme.com/services/mercedes-service-dubai?utm_source=production-qa&gclid=qa-check&tag=a&tag=b","https://digitecme.com/services/mercedes-service-dubai?utm_source=production-qa&gclid=qa-check&tag=a&tag=b","FAIL"
"http://digitecme.com/services/mercedes-service-dubai/?utm_source=production-qa&gclid=qa-check&tag=a&tag=b","https://digitecme.com/brands/mercedes-benz-service-dubai?utm_source=production-qa&gclid=qa-check&tag=a&tag=b","301","301","https://digitecme.com/services/mercedes-service-dubai/?utm_source=production-qa&gclid=qa-check&tag=a&tag=b","https://digitecme.com/services/mercedes-service-dubai/?utm_source=production-qa&gclid=qa-check&tag=a&tag=b","FAIL"
"https://digitecme.com/brands/mercedes-benz-service-dubai/suspension-repair?utm_source=production-qa&gclid=qa-check&tag=a&tag=b","https://digitecme.com/services/mercedes-suspension-repair-dubai?utm_source=production-qa&gclid=qa-check&tag=a&tag=b","200","200","","","FAIL"
"https://digitecme.com/brands/mercedes-benz-service-dubai/suspension-repair/?utm_source=production-qa&gclid=qa-check&tag=a&tag=b","https://digitecme.com/services/mercedes-suspension-repair-dubai?utm_source=production-qa&gclid=qa-check&tag=a&tag=b","200","200","","","FAIL"
"https://www.digitecme.com/brands/mercedes-benz-service-dubai/suspension-repair?utm_source=production-qa&gclid=qa-check&tag=a&tag=b","https://digitecme.com/services/mercedes-suspension-repair-dubai?utm_source=production-qa&gclid=qa-check&tag=a&tag=b","302","302","https://digitecme.com/brands/mercedes-benz-service-dubai/suspension-repair?utm_source=production-qa&gclid=qa-check&tag=a&tag=b","https://digitecme.com/brands/mercedes-benz-service-dubai/suspension-repair?utm_source=production-qa&gclid=qa-check&tag=a&tag=b","FAIL"
"https://www.digitecme.com/brands/mercedes-benz-service-dubai/suspension-repair/?utm_source=production-qa&gclid=qa-check&tag=a&tag=b","https://digitecme.com/services/mercedes-suspension-repair-dubai?utm_source=production-qa&gclid=qa-check&tag=a&tag=b","302","302","https://digitecme.com/brands/mercedes-benz-service-dubai/suspension-repair/?utm_source=production-qa&gclid=qa-check&tag=a&tag=b","https://digitecme.com/brands/mercedes-benz-service-dubai/suspension-repair/?utm_source=production-qa&gclid=qa-check&tag=a&tag=b","FAIL"
"http://digitecme.com/brands/mercedes-benz-service-dubai/suspension-repair?utm_source=production-qa&gclid=qa-check&tag=a&tag=b","https://digitecme.com/services/mercedes-suspension-repair-dubai?utm_source=production-qa&gclid=qa-check&tag=a&tag=b","301","301","https://digitecme.com/brands/mercedes-benz-service-dubai/suspension-repair?utm_source=production-qa&gclid=qa-check&tag=a&tag=b","https://digitecme.com/brands/mercedes-benz-service-dubai/suspension-repair?utm_source=production-qa&gclid=qa-check&tag=a&tag=b","FAIL"
"http://digitecme.com/brands/mercedes-benz-service-dubai/suspension-repair/?utm_source=production-qa&gclid=qa-check&tag=a&tag=b","https://digitecme.com/services/mercedes-suspension-repair-dubai?utm_source=production-qa&gclid=qa-check&tag=a&tag=b","301","301","https://digitecme.com/brands/mercedes-benz-service-dubai/suspension-repair/?utm_source=production-qa&gclid=qa-check&tag=a&tag=b","https://digitecme.com/brands/mercedes-benz-service-dubai/suspension-repair/?utm_source=production-qa&gclid=qa-check&tag=a&tag=b","FAIL"
