topic,approved_primary_query,existing_owner,approved_impressions,approved_position,decision,basis,indexable_before,indexable_after
lamborghini: Camera retrofit,lamborghini reverse camera in dubai,No verified dedicated owner,163.0,21.93,NO NEW PAGE - capability confirmation required,No verified dedicated service owner or supplied workshop evidence. Keep retrofit/component demand deprioritized. Do not infer capability from impressions or a generic hub.,N/A,N/A
Unspecified brand: Audio or interior retrofit,steering wheel restoration dubai,No verified dedicated owner,34.0,38.56,NO NEW PAGE - capability confirmation required,No verified dedicated service owner or supplied workshop evidence. Keep retrofit/component demand deprioritized. Do not infer capability from impressions or a generic hub.,N/A,N/A
Unspecified brand: Screen or head-unit repair,cue screen replacement in dubai,No verified dedicated owner,746.0,45.164343163538874,NO NEW PAGE - capability confirmation required,No verified dedicated service owner or supplied workshop evidence. Keep retrofit/component demand deprioritized. Do not infer capability from impressions or a generic hub.,N/A,N/A
bentley: Camera retrofit,bentley reverse camera in dubai,No verified dedicated owner,328.0,44.38,NO NEW PAGE - capability confirmation required,No verified dedicated service owner or supplied workshop evidence. Keep retrofit/component demand deprioritized. Do not infer capability from impressions or a generic hub.,N/A,N/A
cadillac: Screen or head-unit repair,cadillac touch screen repair in dubai,No verified dedicated owner,546.0,52.08391941391941,NO NEW PAGE - capability confirmation required,No verified dedicated service owner or supplied workshop evidence. Keep retrofit/component demand deprioritized. Do not infer capability from impressions or a generic hub.,N/A,N/A
mercedes-benz: Audio or interior retrofit,mercedes stereo upgrade in dubai,No verified dedicated owner,375.0,57.83210666666667,NO NEW PAGE - capability confirmation required,No verified dedicated service owner or supplied workshop evidence. Keep retrofit/component demand deprioritized. Do not infer capability from impressions or a generic hub.,N/A,N/A
range-rover: Audio or interior retrofit,range rover sport subwoofer upgrade in dubai,No verified dedicated owner,52.0,90.42,NO NEW PAGE - capability confirmation required,No verified dedicated service owner or supplied workshop evidence. Keep retrofit/component demand deprioritized. Do not infer capability from impressions or a generic hub.,N/A,N/A
ppf,paint protection film near me,https://digitecme.com/services/paint-protection-film,1059.0,40.84340887629839,RETAIN INDEXED OWNER; no new URL,"Retained the recent page, coverage architecture and quote journey; added explicit limits to product-rated self-healing; gained contextual body-repair and Audi/Bentley hub links. Verified project evidence remains an external content requirement.",True,True
ceramic,ceramic paint protection dubai,https://digitecme.com/services/ceramic-coating,1101.0,35.027647593097186,RETAIN INDEXED OWNER; no new URL,"Retained the recent coating/preparation/limitations/maintenance/PPF comparison page; added a practical quote checklist covering product, panels, preparation, curing/first wash and existing-film compatibility; gained contextual links. Verified project evidence remains an external content requirement.",True,True
polishing,No exported query,https://digitecme.com/services/car-polishing-dubai,0,,RETAIN INDEXED OWNER; no new URL,"Retained the complete September 8 page, metadata, FAQs and assessment form; improved discovery through new links from brand body-repair pages and Audi/Bentley hubs. Verified project evidence remains an external content requirement.",True,True
detailing,No exported query,https://digitecme.com/services/paint-protection-dubai,0,,RETAIN INDEXED OWNER; no new URL,Kept the comparison hub and distinct treatment owners; added assessment/quote guidance and contextual conversion placements. Verified project evidence remains an external content requirement.,True,True
rox: Soft close doors,rox01 soft close door,https://digitecme.com/brands/rox-service-dubai/soft-close-door-installation,55.0,7.508,INDEX existing English page; Arabic remains NOINDEX,"Existing ROX01-specific retrofit content distinguishes compatibility, door/latch operation, agreed scope and installation enquiry. Existing brand hub supports this offered service. The generic service owner does not cover the same retrofit. Publish only this English exception; no blanket combination indexing.",False,True
lotus: Transmission and gearbox repair,lotus transmission repair dubai,https://digitecme.com/brands/lotus-service-dubai/transmission-repair,30.0,27.57,REMAIN NOINDEX,"Live directive and current source reviewed. The page is still predominantly a shared brand/service template, without enough distinct vehicle/service evidence to compete with the existing generic owner. Query demand alone is insufficient. Keep the brand hub and generic service owner indexable; no redirect/merge without paired-query/canonical evidence.",False,False
volvo: Battery service,volvo battery dubai,https://digitecme.com/brands/volvo-service-dubai/battery-replacement,44.0,17.822045454545453,REMAIN NOINDEX,"Live directive and current source reviewed. The page is still predominantly a shared brand/service template, without enough distinct vehicle/service evidence to compete with the existing generic owner. Query demand alone is insufficient. Keep the brand hub and generic service owner indexable; no redirect/merge without paired-query/canonical evidence.",False,False
jeep: Suspension repair,jeep suspension repair dubai,https://digitecme.com/brands/jeep-service-dubai/suspension-repair,13.0,14.46,REMAIN NOINDEX,"Live directive and current source reviewed. The page is still predominantly a shared brand/service template, without enough distinct vehicle/service evidence to compete with the existing generic owner. Query demand alone is insufficient. Keep the brand hub and generic service owner indexable; no redirect/merge without paired-query/canonical evidence.",False,False
cadillac: Battery service,cadillac car battery dubai,https://digitecme.com/brands/cadillac-service-dubai/battery-replacement,37.0,27.514864864864865,REMAIN NOINDEX,"Live directive and current source reviewed. The page is still predominantly a shared brand/service template, without enough distinct vehicle/service evidence to compete with the existing generic owner. Query demand alone is insufficient. Keep the brand hub and generic service owner indexable; no redirect/merge without paired-query/canonical evidence.",False,False
cadillac: Transmission and gearbox repair,cadillac transmission repair dubai,https://digitecme.com/brands/cadillac-service-dubai/transmission-repair,26.0,29.77,REMAIN NOINDEX,"Live directive and current source reviewed. The page is still predominantly a shared brand/service template, without enough distinct vehicle/service evidence to compete with the existing generic owner. Query demand alone is insufficient. Keep the brand hub and generic service owner indexable; no redirect/merge without paired-query/canonical evidence.",False,False
hummer: Transmission and gearbox repair,hummer transmission repair dubai,https://digitecme.com/brands/hummer-service-dubai/transmission-repair,20.0,29.2,REMAIN NOINDEX,"Live directive and current source reviewed. The page is still predominantly a shared brand/service template, without enough distinct vehicle/service evidence to compete with the existing generic owner. Query demand alone is insufficient. Keep the brand hub and generic service owner indexable; no redirect/merge without paired-query/canonical evidence.",False,False
chevrolet: Transmission and gearbox repair,chevrolet transmission repair dubai,https://digitecme.com/brands/chevrolet-service-dubai/transmission-repair,16.0,15.19,REMAIN NOINDEX,"Live directive and current source reviewed. The page is still predominantly a shared brand/service template, without enough distinct vehicle/service evidence to compete with the existing generic owner. Query demand alone is insufficient. Keep the brand hub and generic service owner indexable; no redirect/merge without paired-query/canonical evidence.",False,False
gmc: Transmission and gearbox repair,gmc transmission repair dubai,https://digitecme.com/brands/gmc-service-dubai/transmission-repair,16.0,17.69,REMAIN NOINDEX,"Live directive and current source reviewed. The page is still predominantly a shared brand/service template, without enough distinct vehicle/service evidence to compete with the existing generic owner. Query demand alone is insufficient. Keep the brand hub and generic service owner indexable; no redirect/merge without paired-query/canonical evidence.",False,False
volkswagen: Battery service,volkswagen car battery dubai,https://digitecme.com/brands/volkswagen-service-dubai/battery-replacement,59.0,37.10237288135593,REMAIN NOINDEX,"Live directive and current source reviewed. The page is still predominantly a shared brand/service template, without enough distinct vehicle/service evidence to compete with the existing generic owner. Query demand alone is insufficient. Keep the brand hub and generic service owner indexable; no redirect/merge without paired-query/canonical evidence.",False,False
volkswagen: Transmission and gearbox repair,volkswagen transmission repair dubai,https://digitecme.com/brands/volkswagen-service-dubai/transmission-repair,34.0,26.410588235294117,REMAIN NOINDEX,"Live directive and current source reviewed. The page is still predominantly a shared brand/service template, without enough distinct vehicle/service evidence to compete with the existing generic owner. Query demand alone is insufficient. Keep the brand hub and generic service owner indexable; no redirect/merge without paired-query/canonical evidence.",False,False
dodge: Transmission and gearbox repair,dodge transmission repair dubai,https://digitecme.com/brands/dodge-service-dubai/transmission-repair,11.0,18.82,REMAIN NOINDEX,"Live directive and current source reviewed. The page is still predominantly a shared brand/service template, without enough distinct vehicle/service evidence to compete with the existing generic owner. Query demand alone is insufficient. Keep the brand hub and generic service owner indexable; no redirect/merge without paired-query/canonical evidence.",False,False
jeep: Battery service,jeep car battery uae,https://digitecme.com/brands/jeep-service-dubai/battery-replacement,27.0,41.51740740740741,REMAIN NOINDEX,"Live directive and current source reviewed. The page is still predominantly a shared brand/service template, without enough distinct vehicle/service evidence to compete with the existing generic owner. Query demand alone is insufficient. Keep the brand hub and generic service owner indexable; no redirect/merge without paired-query/canonical evidence.",False,False
tesla: Battery service,tesla battery,https://digitecme.com/brands/tesla-service-dubai/battery-replacement,17.0,40.11764705882353,REMAIN NOINDEX,"Live directive and current source reviewed. The page is still predominantly a shared brand/service template, without enough distinct vehicle/service evidence to compete with the existing generic owner. Query demand alone is insufficient. Keep the brand hub and generic service owner indexable; no redirect/merge without paired-query/canonical evidence. Battery intent may mean high-voltage traction work; do not promote unsupported HV capability.",False,False
