from,to,anchor
/,/services/oil-change-dubai,Car Oil Change in DubaiVehicle-specific car oil and filter service in Dubai.
/brands/aston-martin-service-dubai/body-repair,/services/car-polishing-dubai,polishing and paint correction assessment
/brands/aston-martin-service-dubai/body-repair,/services/ceramic-coating,ceramic coating
/brands/aston-martin-service-dubai/body-repair,/services/paint-protection-film,paint protection film
/brands/audi-service-dubai,/services/car-polishing-dubai,paint correction
/brands/audi-service-dubai,/services/paint-protection-film,paint protection film coverage
/brands/audi-service-dubai/a4,/ar/brands/audi-service-dubai,العربية
/brands/audi-service-dubai/a6,/ar/brands/audi-service-dubai,العربية
/brands/audi-service-dubai/body-repair,/services/car-polishing-dubai,polishing and paint correction assessment
/brands/audi-service-dubai/body-repair,/services/ceramic-coating,ceramic coating
/brands/audi-service-dubai/body-repair,/services/paint-protection-film,paint protection film
/brands/audi-service-dubai/q5,/ar/brands/audi-service-dubai,العربية
/brands/audi-service-dubai/q7,/ar/brands/audi-service-dubai,العربية
/brands/audi-service-dubai/q8,/ar/brands/audi-service-dubai,العربية
/brands/audi-service-dubai/r8,/ar/brands/audi-service-dubai,العربية
/brands/audi-service-dubai/rs3,/ar/brands/audi-service-dubai,العربية
/brands/audi-service-dubai/rs6,/ar/brands/audi-service-dubai,العربية
/brands/bentley-service-dubai,/services/ceramic-coating,ceramic coating and its care requirements
/brands/bentley-service-dubai,/services/paint-protection-film,physical film protection
/brands/bentley-service-dubai/body-repair,/services/car-polishing-dubai,polishing and paint correction assessment
/brands/bentley-service-dubai/body-repair,/services/ceramic-coating,ceramic coating
/brands/bentley-service-dubai/body-repair,/services/paint-protection-film,paint protection film
/brands/bmw-service-dubai/3-series,/ar/brands/bmw-service-dubai,العربية
/brands/bmw-service-dubai/5-series,/ar/brands/bmw-service-dubai,العربية
/brands/bmw-service-dubai/body-repair,/services/car-polishing-dubai,polishing and paint correction assessment
/brands/bmw-service-dubai/body-repair,/services/ceramic-coating,ceramic coating
/brands/bmw-service-dubai/body-repair,/services/paint-protection-film,paint protection film
/brands/bmw-service-dubai/m3,/ar/brands/bmw-service-dubai,العربية
/brands/bmw-service-dubai/m4,/ar/brands/bmw-service-dubai,العربية
/brands/bmw-service-dubai/m5,/ar/brands/bmw-service-dubai,العربية
/brands/bmw-service-dubai/x5,/ar/brands/bmw-service-dubai,العربية
/brands/bmw-service-dubai/x6,/ar/brands/bmw-service-dubai,العربية
/brands/bugatti-service-dubai/body-repair,/services/car-polishing-dubai,polishing and paint correction assessment
/brands/bugatti-service-dubai/body-repair,/services/ceramic-coating,ceramic coating
/brands/bugatti-service-dubai/body-repair,/services/paint-protection-film,paint protection film
/brands/byd-service-dubai/body-repair,/services/car-polishing-dubai,polishing and paint correction assessment
/brands/byd-service-dubai/body-repair,/services/ceramic-coating,ceramic coating
/brands/byd-service-dubai/body-repair,/services/paint-protection-film,paint protection film
/brands/cadillac-service-dubai/body-repair,/services/car-polishing-dubai,polishing and paint correction assessment
/brands/cadillac-service-dubai/body-repair,/services/ceramic-coating,ceramic coating
/brands/cadillac-service-dubai/body-repair,/services/paint-protection-film,paint protection film
/brands/defender-service-dubai/body-repair,/services/car-polishing-dubai,polishing and paint correction assessment
/brands/defender-service-dubai/body-repair,/services/ceramic-coating,ceramic coating
/brands/defender-service-dubai/body-repair,/services/paint-protection-film,paint protection film
/brands/ferrari-service-dubai/296,/ar/brands/ferrari-service-dubai,العربية
/brands/ferrari-service-dubai/488,/ar/brands/ferrari-service-dubai,العربية
/brands/ferrari-service-dubai/812,/ar/brands/ferrari-service-dubai,العربية
/brands/ferrari-service-dubai/body-repair,/services/car-polishing-dubai,polishing and paint correction assessment
/brands/ferrari-service-dubai/body-repair,/services/ceramic-coating,ceramic coating
/brands/ferrari-service-dubai/body-repair,/services/paint-protection-film,paint protection film
/brands/ferrari-service-dubai/f8-tributo,/ar/brands/ferrari-service-dubai,العربية
/brands/ferrari-service-dubai/portofino,/ar/brands/ferrari-service-dubai,العربية
/brands/ferrari-service-dubai/purosangue,/ar/brands/ferrari-service-dubai,العربية
/brands/ferrari-service-dubai/roma,/ar/brands/ferrari-service-dubai,العربية
/brands/ferrari-service-dubai/sf90,/ar/brands/ferrari-service-dubai,العربية
/brands/jeep-service-dubai/body-repair,/services/car-polishing-dubai,polishing and paint correction assessment
/brands/jeep-service-dubai/body-repair,/services/ceramic-coating,ceramic coating
/brands/jeep-service-dubai/body-repair,/services/paint-protection-film,paint protection film
/brands/jetour-service-dubai/body-repair,/services/car-polishing-dubai,polishing and paint correction assessment
/brands/jetour-service-dubai/body-repair,/services/ceramic-coating,ceramic coating
/brands/jetour-service-dubai/body-repair,/services/paint-protection-film,paint protection film
/brands/lamborghini-service-dubai/body-repair,/services/car-polishing-dubai,polishing and paint correction assessment
/brands/lamborghini-service-dubai/body-repair,/services/ceramic-coating,ceramic coating
/brands/lamborghini-service-dubai/body-repair,/services/paint-protection-film,paint protection film
/brands/land-rover-service-dubai/body-repair,/services/car-polishing-dubai,polishing and paint correction assessment
/brands/land-rover-service-dubai/body-repair,/services/ceramic-coating,ceramic coating
/brands/land-rover-service-dubai/body-repair,/services/paint-protection-film,paint protection film
/brands/maserati-service-dubai/body-repair,/services/car-polishing-dubai,polishing and paint correction assessment
/brands/maserati-service-dubai/body-repair,/services/ceramic-coating,ceramic coating
/brands/maserati-service-dubai/body-repair,/services/paint-protection-film,paint protection film
/brands/maybach-service-dubai/body-repair,/services/car-polishing-dubai,polishing and paint correction assessment
/brands/maybach-service-dubai/body-repair,/services/ceramic-coating,ceramic coating
/brands/maybach-service-dubai/body-repair,/services/paint-protection-film,paint protection film
/brands/mclaren-service-dubai/body-repair,/services/car-polishing-dubai,polishing and paint correction assessment
/brands/mclaren-service-dubai/body-repair,/services/ceramic-coating,ceramic coating
/brands/mclaren-service-dubai/body-repair,/services/paint-protection-film,paint protection film
/brands/nissan-service-dubai/body-repair,/services/car-polishing-dubai,polishing and paint correction assessment
/brands/nissan-service-dubai/body-repair,/services/ceramic-coating,ceramic coating
/brands/nissan-service-dubai/body-repair,/services/paint-protection-film,paint protection film
/brands/pagani-service-dubai/body-repair,/services/car-polishing-dubai,polishing and paint correction assessment
/brands/pagani-service-dubai/body-repair,/services/ceramic-coating,ceramic coating
/brands/pagani-service-dubai/body-repair,/services/paint-protection-film,paint protection film
/brands/porsche-service-dubai/body-repair,/services/car-polishing-dubai,polishing and paint correction assessment
/brands/porsche-service-dubai/body-repair,/services/ceramic-coating,ceramic coating
/brands/porsche-service-dubai/body-repair,/services/paint-protection-film,paint protection film
/brands/porsche-service-dubai/steering-repair,/blog/porsche-cayenne-service-dubai-guide,Porsche Cayenne chassis guide
/brands/porsche-service-dubai/steering-repair,/brands/porsche-service-dubai,Porsche service and repair
/brands/porsche-service-dubai/steering-repair,/brands/porsche-service-dubai/suspension-repair,Porsche suspension inspection
/brands/range-rover-service-dubai/body-repair,/services/car-polishing-dubai,polishing and paint correction assessment
/brands/range-rover-service-dubai/body-repair,/services/ceramic-coating,ceramic coating
/brands/range-rover-service-dubai/body-repair,/services/paint-protection-film,paint protection film
/brands/rolls-royce-service-dubai/body-repair,/services/car-polishing-dubai,polishing and paint correction assessment
/brands/rolls-royce-service-dubai/body-repair,/services/ceramic-coating,ceramic coating
/brands/rolls-royce-service-dubai/body-repair,/services/paint-protection-film,paint protection film
/brands/rox-service-dubai/body-repair,/services/car-polishing-dubai,polishing and paint correction assessment
/brands/rox-service-dubai/body-repair,/services/ceramic-coating,ceramic coating
/brands/rox-service-dubai/body-repair,/services/paint-protection-film,paint protection film
/brands/tesla-service-dubai/body-repair,/services/car-polishing-dubai,polishing and paint correction assessment
/brands/tesla-service-dubai/body-repair,/services/ceramic-coating,ceramic coating
/brands/tesla-service-dubai/body-repair,/services/paint-protection-film,paint protection film
/brands/toyota-service-dubai/body-repair,/services/car-polishing-dubai,polishing and paint correction assessment
/brands/toyota-service-dubai/body-repair,/services/ceramic-coating,ceramic coating
/brands/toyota-service-dubai/body-repair,/services/paint-protection-film,paint protection film
/brands/volkswagen-service-dubai/body-repair,/services/car-polishing-dubai,polishing and paint correction assessment
/brands/volkswagen-service-dubai/body-repair,/services/ceramic-coating,ceramic coating
/brands/volkswagen-service-dubai/body-repair,/services/paint-protection-film,paint protection film
/brands/volvo-service-dubai/body-repair,/services/car-polishing-dubai,polishing and paint correction assessment
/brands/volvo-service-dubai/body-repair,/services/ceramic-coating,ceramic coating
/brands/volvo-service-dubai/body-repair,/services/paint-protection-film,paint protection film
/porsche/718,/ar/brands/porsche-service-dubai,العربية
/porsche/911/991,/ar/brands/porsche-service-dubai,العربية
/porsche/911/992,/ar/brands/porsche-service-dubai,العربية
/porsche/911/997,/ar/brands/porsche-service-dubai,العربية
/porsche/macan,/ar/brands/porsche-service-dubai,العربية
/porsche/taycan,/ar/brands/porsche-service-dubai,العربية
/services,/services/oil-change-dubai,Car Oil Change in DubaiVehicle-specific car oil and filter service in Dubai.
/services/battery-replacement-dubai,/services/auto-electrical-repair-dubai,Electrical fault diagnosis
/services/battery-replacement-dubai,/services/mercedes-battery-replacement-dubai,Mercedes battery assessment
/services/brake-repair-dubai,/brands/bmw-service-dubai/brake-repair,BMW brake inspection
/services/brake-repair-dubai,/services/mercedes-brake-repair-dubai,Mercedes brake service
/services/exhaust-repair-dubai,/services/mechanical-repair-dubai,Mechanical inspection
/services/exhaust-repair-dubai,/tuning,Performance exhaust and tuning assessment
/services/fuel-system-repair-dubai,/services/car-diagnostics-dubai,Engine and control-system diagnostics
/services/mechanical-repair-dubai,/services/exhaust-repair-dubai,Exhaust leak and silencer repair
/services/mechanical-repair-dubai,/services/steering-repair-dubai,Steering and rack repair
/services/mechanical-repair-dubai,/services/suspension-repair-dubai,Suspension inspection
/services/mercedes-body-repair-dubai,/services/car-polishing-dubai,polishing and paint correction assessment
/services/mercedes-body-repair-dubai,/services/ceramic-coating,ceramic coating
/services/mercedes-body-repair-dubai,/services/paint-protection-film,paint protection film
/services/oil-change-dubai,/brands/bmw-service-dubai/oil-change,BMW oil service
/services/oil-change-dubai,/services/car-service-dubai,Car service and maintenance
/services/oil-change-dubai,/services/mercedes-oil-change-dubai,Mercedes oil service
/services/steering-repair-dubai,/brands/porsche-service-dubai/steering-repair,Porsche steering inspection
/services/steering-repair-dubai,/services/mercedes-steering-repair-dubai,Mercedes steering inspection
/services/steering-repair-dubai,/services/suspension-repair-dubai,Suspension and alignment considerations
/services/suspension-repair-dubai,/brands/porsche-service-dubai/suspension-repair,Porsche suspension assessment
/services/suspension-repair-dubai,/services/mercedes-suspension-repair-dubai,Mercedes AIRMATIC assessment
/services/suspension-repair-dubai,/services/steering-repair-dubai,Steering and rack inspection
/services/tire-repair-dubai,/services/steering-repair-dubai,Steering and alignment concerns
/services/tire-repair-dubai,/services/suspension-repair-dubai,Suspension and uneven-wear inspection
/sitemap,/services/oil-change-dubai,Car Oil Change in Dubai
