path,family,reason,title_before,title_after,h1_before,h1_after,description_before,description_after,indexable_before,indexable_after,canonical_after,opening_after,headings_added,paragraphs_added_or_changed,cta_before,cta_after,internal_links_added,links_removed_or_relabelled,rendered_body_changed,invalid_nul_characters_before,invalid_nul_characters_after,page_schema_changed,lastmod_before,lastmod_after,changed
/brands/mercedes-benz-service-dubai,brand,Preserved the newer live hub and its service/model links. Kept broad Mercedes ownership and Book Mercedes Service hero; made final enquiry specific. Existing scoped permanent redirects retained and tested; live activation remains blocked.,Mercedes Repair & Service Dubai | Digi-Tec Specialists,Mercedes Repair & Service Dubai | Digi-Tec Specialists,Mercedes-Benz Repair & Service Dubai,Mercedes-Benz Repair & Service Dubai,"Specialist Mercedes repair and service in Dubai for C-Class, E-Class, S-Class, G-Class, GLE, GLS and AMG. XENTRY diagnostics at our Al Quoz workshop in Dubai.","Specialist Mercedes repair and service in Dubai for C-Class, E-Class, S-Class, G-Class, GLE, GLS and AMG. XENTRY diagnostics at our Al Quoz workshop in Dubai.",True,True,https://digitecme.com/brands/mercedes-benz-service-dubai,"Digi-Tec Performance Centre is an independent Mercedes-Benz workshop in Al Quoz, Dubai. Owners of C-Class, E-Class, S-Class, G-Class, GLE, GLS, AMG and other Mercedes models can request inspection, maintenance and repair; diagnostic functions and the final scope are confirmed for the vehicle before work begins.",,,Contact Us ; Request a Mercedes-Benz Inspection ; Request an Inspection ; WhatsApp ; WhatsApp Now,Book Mercedes Service ; Contact Us ; Request an Inspection ; WhatsApp,,Request a Mercedes-Benz Inspection -> https://wa.me/97143402223?text=Hi%20Digi-Tec%2C%20I%20found%20your%20Mercedes-Benz%20service%20page%20on%20Google%20and%20would%20like%20to%20arrange%20an%20inspection.%0A%0AModel%20and%20year%3A%20%0AService%2C%20warning%20or%20symptom%3A%20 ; WhatsApp Now -> https://wa.me/97143402223?text=Hi%20Digi-Tec%2C%20I%20found%20your%20Mercedes-Benz%20service%20page%20on%20Google%20and%20would%20like%20to%20arrange%20an%20inspection.%0A%0AModel%20and%20year%3A%20%0AService%2C%20warning%20or%20symptom%3A%20,True,0,0,False,2026-09-08,2026-09-09,True
/services/mercedes-mechanical-repair-dubai,service,"Preserved the newer live Mercedes metadata, opening, system-specific scope, FAQs and links; applied grammatical model heading and contextual/final service enquiry actions.",Mercedes Engine & Mechanical Repair Dubai | Digi-Tec,Mercedes Engine & Mechanical Repair Dubai | Digi-Tec,Mercedes Engine & Mechanical Repair in Dubai,Mercedes Engine & Mechanical Repair in Dubai,"Mercedes engine repair in Al Quoz, Dubai. Assessment of overheating, oil leaks, misfires and mounts, with repair options and an itemized quote.","Mercedes engine repair in Al Quoz, Dubai. Assessment of overheating, oil leaks, misfires and mounts, with repair options and an itemized quote.",True,True,https://digitecme.com/services/mercedes-mechanical-repair-dubai,"An oil leak, misfire or temperature warning needs a cause identified before an engine repair is quoted. Digi-Tec assesses Mercedes engine and mechanical concerns at our Al Quoz workshop, using the vehicle details, service history and test findings to agree the next step.",Mercedes-Benz models and fitted systems ; Mercedes-Benz Engine & Mechanical Repair: discuss the next step ; Share the details ; Arrange the visit ; Review the scope,"Contact the workshop ; Share the model, year, mileage and the concern you want checked. The workshop can confirm the appropriate assessment, scope and appointment availability. ; Make, model, year and current concern ; Choose the appropriate workshop inspection or service ; Discuss findings and proposed work before approval",Contact Us ; WhatsApp Us,Contact Us ; Request a Mercedes Engine Inspection,,WhatsApp Us -> https://wa.me/97143402223?text=Hi%2C%20I%20would%20like%20to%20enquire%20about%20Mercedes-Benz%20Mechanical%20Repair%20at%20Digi-Tec%20Performance%20Centre.,True,0,0,False,2026-09-08,2026-09-09,True
/services/mercedes-diagnostics-dubai,service,"Preserved the newer live Mercedes metadata, opening, system-specific scope, FAQs and links; applied grammatical model heading and contextual/final service enquiry actions.",Mercedes Diagnostics & Coding Dubai | Digi-Tec,Mercedes Diagnostics & Coding Dubai | Digi-Tec,"Mercedes Diagnostics, Coding & Programming in Dubai","Mercedes Diagnostics, Coding & Programming in Dubai","Mercedes diagnostics in Al Quoz, Dubai, with coding and programming eligibility checked by VIN and module. Fault reports and supported next steps explained.","Mercedes diagnostics in Al Quoz, Dubai, with coding and programming eligibility checked by VIN and module. Fault reports and supported next steps explained.",True,True,https://digitecme.com/services/mercedes-diagnostics-dubai,"Start with the fault or function you need, the VIN and the module details. Digi-Tec assesses Mercedes diagnostic enquiries and confirms whether the requested coding or programming function is supported before agreeing the work. Access to one function does not establish support for every module or model.","Mercedes-Benz models and fitted systems ; Mercedes-Benz Diagnostics, Coding & Programming: discuss the next step ; Share the details ; Arrange the visit ; Review the scope","Contact the workshop ; Share the model, year, mileage and the concern you want checked. The workshop can confirm the appropriate assessment, scope and appointment availability. ; Make, model, year and current concern ; Choose the appropriate workshop inspection or service ; Discuss findings and proposed work before approval",Contact Us ; WhatsApp Us,Book Mercedes Diagnostics ; Contact Us,,WhatsApp Us -> https://wa.me/97143402223?text=Hi%2C%20I%20would%20like%20to%20enquire%20about%20Mercedes-Benz%20Engine%20Diagnostics%20at%20Digi-Tec%20Performance%20Centre.,True,0,0,False,2026-09-08,2026-09-09,True
/services/mercedes-suspension-repair-dubai,service,"Preserved the newer live Mercedes metadata, opening, system-specific scope, FAQs and links; applied grammatical model heading and contextual/final service enquiry actions.",Mercedes Suspension & AIRMATIC Repair Dubai | Digi-Tec,Mercedes Suspension & AIRMATIC Repair Dubai | Digi-Tec,Mercedes Suspension & AIRMATIC Repair in Dubai,Mercedes Suspension & AIRMATIC Repair in Dubai,"Mercedes suspension and AIRMATIC assessment in Al Quoz, Dubai. Leak, compressor, valve-block and ride-height checks before repair is quoted.","Mercedes suspension and AIRMATIC assessment in Al Quoz, Dubai. Leak, compressor, valve-block and ride-height checks before repair is quoted.",True,True,https://digitecme.com/services/mercedes-suspension-repair-dubai,"A Mercedes sitting low, dropping overnight or showing an AIRMATIC warning needs the fitted suspension identified first. We assess air-system concerns, conventional springs, dampers and suspension wear, then explain the findings and proposed repair.",Mercedes-Benz models and fitted systems ; Mercedes-Benz Suspension & AIRMATIC Repair: discuss the next step ; Share the details ; Arrange the visit ; Review the scope,"Contact the workshop ; Share the model, year, mileage and the concern you want checked. The workshop can confirm the appropriate assessment, scope and appointment availability. ; Make, model, year and current concern ; Choose the appropriate workshop inspection or service ; Discuss findings and proposed work before approval",Contact Us ; WhatsApp Us,Contact Us ; Request a Mercedes Suspension Inspection,,WhatsApp Us -> https://wa.me/97143402223?text=Hi%2C%20I%20would%20like%20to%20enquire%20about%20Mercedes-Benz%20Suspension%20Repair%20at%20Digi-Tec%20Performance%20Centre.,True,0,0,False,2026-09-08,2026-09-09,True
/services/mercedes-oil-change-dubai,service,"Preserved the newer live Mercedes metadata, opening, system-specific scope, FAQs and links; applied grammatical model heading and contextual/final service enquiry actions.",Mercedes Oil Change Dubai | Service & Filter | Digi-Tec,Mercedes Oil Change Dubai | Service & Filter | Digi-Tec,Mercedes Oil Change in Dubai,Mercedes Oil Change in Dubai,"Mercedes engine oil and filter service in Al Quoz, Dubai. VIN-matched oil approval, quantity, filter and due-service checks with a clear quotation.","Mercedes engine oil and filter service in Al Quoz, Dubai. VIN-matched oil approval, quantity, filter and due-service checks with a clear quotation.",True,True,https://digitecme.com/services/mercedes-oil-change-dubai,"Book a Mercedes engine oil and filter service with the specification confirmed for your car. The VIN, engine and service history determine the oil approval, quantity and filter; the same oil or interval is not suitable for every Mercedes.",Mercedes-Benz models and fitted systems ; Mercedes-Benz Oil Change: discuss the next step ; Share the details ; Arrange the visit ; Review the scope,"Contact the workshop ; Share the model, year, mileage and the concern you want checked. The workshop can confirm the appropriate assessment, scope and appointment availability. ; Make, model, year and current concern ; Choose the appropriate workshop inspection or service ; Discuss findings and proposed work before approval",Contact Us ; WhatsApp Us,Contact Us ; Request Mercedes Oil Service,,WhatsApp Us -> https://wa.me/97143402223?text=Hi%2C%20I%20would%20like%20to%20enquire%20about%20Mercedes-Benz%20Oil%20Change%20at%20Digi-Tec%20Performance%20Centre.,True,0,0,False,2026-09-08,2026-09-09,True
/services/mercedes-transmission-repair-dubai,service,"Preserved the newer live Mercedes metadata, opening, system-specific scope, FAQs and links; applied grammatical model heading and contextual/final service enquiry actions.",Mercedes Transmission & Gearbox Repair Dubai | Digi-Tec,Mercedes Transmission & Gearbox Repair Dubai | Digi-Tec,Mercedes Transmission & Gearbox Repair in Dubai,Mercedes Transmission & Gearbox Repair in Dubai,"Mercedes transmission and gearbox repair assessment in Al Quoz. Identify the fitted gearbox and compare fluid service, fault repair and replacement scope.","Mercedes transmission and gearbox repair assessment in Al Quoz. Identify the fitted gearbox and compare fluid service, fault repair and replacement scope.",True,True,https://digitecme.com/services/mercedes-transmission-repair-dubai,"Jerking, slipping or delayed engagement is a diagnostic enquiry, even if a fluid service is also due. Digi-Tec checks the exact Mercedes gearbox, its service history and the conditions in which the fault occurs before proposing service or repair.",Mercedes-Benz models and fitted systems ; Mercedes-Benz Transmission & Gearbox Repair: discuss the next step ; Share the details ; Arrange the visit ; Review the scope,"Contact the workshop ; Share the model, year, mileage and the concern you want checked. The workshop can confirm the appropriate assessment, scope and appointment availability. ; Make, model, year and current concern ; Choose the appropriate workshop inspection or service ; Discuss findings and proposed work before approval",Contact Us ; WhatsApp Us,Contact Us ; Request a Mercedes Gearbox Inspection,,WhatsApp Us -> https://wa.me/97143402223?text=Hi%2C%20I%20would%20like%20to%20enquire%20about%20Mercedes-Benz%20Transmission%20Repair%20at%20Digi-Tec%20Performance%20Centre.,True,0,0,False,2026-09-08,2026-09-09,True
/services/mercedes-brake-repair-dubai,service,"Preserved the newer live Mercedes metadata, opening, system-specific scope, FAQs and links; applied grammatical model heading and contextual/final service enquiry actions.",Mercedes Brake Repair & Service Dubai | Digi-Tec,Mercedes Brake Repair & Service Dubai | Digi-Tec,Mercedes Brake Repair & Service in Dubai,Mercedes Brake Repair & Service in Dubai,"Mercedes brake repair and service in Al Quoz. Pad and disc measurements, wear sensors, hydraulic checks and fitted AMG brake specification reviewed.","Mercedes brake repair and service in Al Quoz. Pad and disc measurements, wear sensors, hydraulic checks and fitted AMG brake specification reviewed.",True,True,https://digitecme.com/services/mercedes-brake-repair-dubai,"Brake noise, vibration or a wear warning needs an inspection of the fitted system. Digi-Tec assesses Mercedes pads, discs, sensors and related braking components, explaining the measured condition and the proposed work before repair.",Mercedes-Benz models and fitted systems ; Mercedes-Benz Brake Repair & Service: discuss the next step ; Share the details ; Arrange the visit ; Review the scope,"Contact the workshop ; Share the model, year, mileage and the concern you want checked. The workshop can confirm the appropriate assessment, scope and appointment availability. ; Make, model, year and current concern ; Choose the appropriate workshop inspection or service ; Discuss findings and proposed work before approval",Contact Us ; WhatsApp Us,Contact Us ; Request a Mercedes Brake Inspection,,WhatsApp Us -> https://wa.me/97143402223?text=Hi%2C%20I%20would%20like%20to%20enquire%20about%20Mercedes-Benz%20Brake%20Repair%20at%20Digi-Tec%20Performance%20Centre.,True,0,0,False,2026-09-08,2026-09-09,True
/brands/bmw-service-dubai,brand,"Shortened the repeated BMW title; kept CBS, model and service scope; made service enquiry labels specific.",BMW Service & Repair Dubai | Independent BMW Workshop | DIGI-TEC,BMW Service & Repair Dubai | DIGI-TEC,BMW Service & Repair Dubai,BMW Service & Repair Dubai,"BMW service, repair, diagnostics and maintenance in Al Quoz, Dubai. DIGI-TEC inspects BMW engine, transmission, brakes, AC, electrical and coding concerns. Book via WhatsApp.","BMW service, repair, diagnostics and maintenance in Al Quoz, Dubai. DIGI-TEC inspects BMW engine, transmission, brakes, AC, electrical and coding concerns. Book via WhatsApp.",True,True,https://digitecme.com/brands/bmw-service-dubai,"DIGI-TEC is an independent BMW workshop in Al Quoz, Dubai, for maintenance, repair, diagnostics and coding enquiries. We check your model, VIN, service history and the reported concern before recommending work. Diagnostic access, coding functions and repair options are confirmed for your exact vehicle. Book an inspection on WhatsApp or call the workshop.",,,Book a BMW inspection on WhatsApp ; Contact Us ; WhatsApp,Contact Us ; Request BMW Service ; WhatsApp,,Book a BMW inspection on WhatsApp -> https://wa.me/97143402223?text=Hi%20DIGI-TEC%2C%20I%20would%20like%20to%20book%20a%20BMW%20inspection.%0A%0ABMW%20model%3A%20%0AYear%3A%20%0AMileage%3A%20%0AWarning%20lights%20or%20symptoms%3A%20%0APreferred%20appointment%20time%3A%20,True,0,0,False,2026-09-08,2026-09-09,True
/brands/bmw-service-dubai/transmission-repair,brand-service,"Replaced the generic opening with shift/engagement symptoms; separated fluid/filter maintenance, control faults and internal repair; added four process steps and four qualified FAQs; corrected model heading and three enquiry placements.",BMW Transmission Repair Dubai | Digi-Tec,BMW Transmission Repair Dubai | Digi-Tec,BMW Transmission Repair Dubai,BMW Transmission Repair Dubai,"BMW transmission repair in Dubai with model-specific inspection, confirmed parts options and a clear quote at Digi-Tec, Al Quoz.","BMW transmission repair in Dubai with model-specific inspection, confirmed parts options and a clear quote at Digi-Tec, Al Quoz.",True,True,https://digitecme.com/brands/bmw-service-dubai/transmission-repair,"Delayed engagement, rough shifts, slipping or a gearbox warning need diagnosis before a BMW transmission repair is quoted. At DIGI-TEC in Al Quoz, we identify the fitted gearbox and review the service history, fault data and driving symptoms. A fluid and filter service, a control-system fault and internal gearbox wear require different decisions; a service is not presented as a cure for every warning.",BMW models and fitted systems ; BMW Transmission Repair: discuss the next step ; Identify the gearbox and symptom ; Separate control faults from wear ; Compare service and repair options ; Verify the agreed work ; Will a BMW gearbox oil change fix rough shifts? ; Can the gearbox be repaired rather than replaced? ; What determines BMW transmission repair cost? ; Do all BMW gearboxes use the same fluid or interval? ; Share the details ; Arrange the visit ; Review the scope,"Delayed engagement, rough shifts, slipping or a gearbox warning need diagnosis before a BMW transmission repair is quoted. At DIGI-TEC in Al Quoz, we identify the fitted gearbox and review the service history, fault data and driving symptoms. A fluid and filter service, a control-system fault and internal gearbox wear require different decisions; a service is not presented as a cure for every warning. ; Confirm the model, year, fitted transmission and service history. Automatic, dual-clutch and manual units have different inspection and maintenance requirements. ; Review supported fault and live data, leaks and relevant driveline checks. Describe when the symptom occurs, including whether the gearbox is cold or warm. ; Fluid/filter maintenance, wiring or control faults and internal repair are assessed separately. Further dismantling, repair availability, parts and costs are agreed from the findings. ; Confirm the applicable fluid and level procedure. Carry out supported adaptations only when required, then check the original concern under appropriate conditions. ; Contact the workshop ; Share the model, year, mileage and the concern you want checked. The workshop can confirm the appropriate assessment, scope and appointment availability. ; Make, model, year and current concern ; Choose the appropriate workshop inspection or service ; Discuss findings and proposed work before approval",Contact Us ; WhatsApp Us,Contact Us ; Request a BMW Gearbox Inspection,,WhatsApp Us -> https://wa.me/97143402223?text=Hi%2C%20I%20would%20like%20to%20enquire%20about%20BMW%20Transmission%20Repair%20at%20Digi-Tec%20Performance%20Centre.,True,0,0,True,2026-08-31,2026-09-09,True
/brands/bmw-service-dubai/engine-diagnostics,brand-service,"Broadened title/H1 from engine-only wording to diagnostics and supported coding; distinguished fault finding, coding, programming and retrofit compatibility; rewrote opening and process; specific booking actions.",BMW Engine Diagnostics Dubai | Digi-Tec,BMW Diagnostics & Coding Dubai | DIGI-TEC,BMW Engine Diagnostics Dubai,BMW Diagnostics & Supported Coding in Dubai,"BMW engine diagnostics in Dubai with model-specific inspection, confirmed parts options and a clear quote at Digi-Tec, Al Quoz.","BMW diagnostics in Al Quoz, Dubai for warning lights and drivability faults. Coding and programming coverage confirmed for your vehicle. Book DIGI-TEC.",True,True,https://digitecme.com/brands/bmw-service-dubai/engine-diagnostics,"A BMW warning light, rough idle, starting problem or intermittent fault needs more than a code reset. DIGI-TEC reviews the complaint, compatible module data and relevant mechanical or electrical tests in Al Quoz. Fault finding identifies the cause; coding changes supported configuration; programming writes compatible software. Availability is checked for the exact BMW and requested function before booking.",BMW models and fitted systems ; BMW Engine Diagnostics: discuss the next step ; Describe the concern ; Confirm access and collect evidence ; Test or assess the requested function ; Explain findings and next steps ; Share the details ; Arrange the visit ; Review the scope,"A BMW warning light, rough idle, starting problem or intermittent fault needs more than a code reset. DIGI-TEC reviews the complaint, compatible module data and relevant mechanical or electrical tests in Al Quoz. Fault finding identifies the cause; coding changes supported configuration; programming writes compatible software. Availability is checked for the exact BMW and requested function before booking. ; Share model, year, mileage, warning text and when it occurs. Mention recent battery, module or mechanical work. ; Check compatible module access and review supported fault and live data. Codes help direct testing; they do not establish which part to replace. ; Use relevant circuit or mechanical tests for a fault. For coding or programming, confirm the requested function, hardware, software, access and power-supply requirements first. ; Separate confirmed faults, further testing and repair costs. Retrofit supply or installation is not promised solely because a coding function exists. ; Contact the workshop ; Share the model, year, mileage and the concern you want checked. The workshop can confirm the appropriate assessment, scope and appointment availability. ; Make, model, year and current concern ; Choose the appropriate workshop inspection or service ; Discuss findings and proposed work before approval",Contact Us ; WhatsApp Us,Book BMW Diagnostics ; Contact Us,,WhatsApp Us -> https://wa.me/97143402223?text=Hi%2C%20I%20would%20like%20to%20enquire%20about%20BMW%20Engine%20Diagnostics%20at%20Digi-Tec%20Performance%20Centre.,True,0,0,True,2026-08-31,2026-09-09,True
/brands/porsche-service-dubai/steering-repair,brand-service,"Replaced unrelated climate/Cayenne/GT3 filler with symptoms, rack and electric/hydraulic identification, physical/electrical inspection, repair choices and alignment; rewrote process, parts/quote scope and FAQs; three inspection actions and chassis links.",Porsche Steering Repair Dubai | Digi-Tec,Porsche Steering Repair Dubai | Digi-Tec,Porsche Steering Repair Dubai,Porsche Steering Repair Dubai,"Porsche steering repair in Dubai with model-specific inspection, confirmed parts options and a clear quote at Digi-Tec, Al Quoz.","Porsche steering repair in Dubai with model-specific inspection, confirmed parts options and a clear quote at Digi-Tec, Al Quoz.",True,True,https://digitecme.com/brands/porsche-service-dubai/steering-repair,"Heavy steering, free play, a knock while turning or a steering warning needs the cause identified before parts are ordered. DIGI-TEC assesses Porsche steering concerns in Al Quoz, first identifying the fitted rack and electric or hydraulic assistance where applicable. Tyres, suspension joints and alignment can affect the same symptoms, so the inspection separates these from a rack, pump, sensor or wiring fault.",Porsche models and fitted systems ; Porsche Steering Repair: discuss the next step ; Identify the fitted steering system ; Inspect and trace the symptom ; Choose a repair from the findings ; Check geometry and operation ; Does every Porsche use hydraulic power steering? ; Does pulling to one side mean the steering rack has failed? ; Can a Porsche steering rack be repaired? ; What should I send for a steering enquiry? ; Share the details ; Arrange the visit ; Review the scope,"Heavy steering, free play, a knock while turning or a steering warning needs the cause identified before parts are ordered. DIGI-TEC assesses Porsche steering concerns in Al Quoz, first identifying the fitted rack and electric or hydraulic assistance where applicable. Tyres, suspension joints and alignment can affect the same symptoms, so the inspection separates these from a rack, pump, sensor or wiring fault. ; Confirm the Porsche model, year, installed rack and assistance type. Rear-axle steering or other optional equipment is considered only when fitted. ; Check tyres, joints, boots, mounts and visible leakage. For hydraulic systems assess the relevant fluid and pressure circuit; for electric assistance review compatible fault data, power supply and wiring where indicated. ; Explain whether the concern involves an external joint, hose, electrical fault or rack assembly. Component repair, replacement and further testing depend on condition and confirmed workshop scope. ; Review alignment after relevant steering or suspension work. Required steering-angle calibration and verification are confirmed for the fitted system and agreed repair. ; Rack type, assistance system, part compatibility, access and any alignment or calibration determine the estimate. A rack is not replaced solely because the steering feels heavy. The quotation distinguishes diagnosis, parts, labour and follow-up checks. ; Contact the workshop ; Share the model, year, mileage and the concern you want checked. The workshop can confirm the appropriate assessment, scope and appointment availability. ; Make, model, year and current concern ; Choose the appropriate workshop inspection or service ; Discuss findings and proposed work before approval",Contact Us ; WhatsApp Us,Contact Us ; Request a Porsche Steering Inspection,Porsche Cayenne chassis guide -> /blog/porsche-cayenne-service-dubai-guide ; Porsche service and repair -> /brands/porsche-service-dubai ; Porsche suspension inspection -> /brands/porsche-service-dubai/suspension-repair,Porsche 911 model guide -> /blog/porsche-911-service-dubai-guide ; Browse the Porsche Knowledge Centre -> /brands/porsche-service-dubai#porsche-knowledge-centre ; Porsche Macan model guide -> /porsche/macan ; WhatsApp Us -> https://wa.me/97143402223?text=Hi%2C%20I%20would%20like%20to%20enquire%20about%20Porsche%20Steering%20Repair%20at%20Digi-Tec%20Performance%20Centre.,True,0,0,True,2026-08-31,2026-09-09,True
/brands/porsche-service-dubai/engine-diagnostics,brand-service,Aligned title/H1/opening/process with diagnostics across relevant fitted modules and drivability concerns; preserved actual Al Quoz location and qualified access; specific booking actions.,Porsche Engine Diagnostics Dubai | Digi-Tec,Porsche Diagnostics Dubai | DIGI-TEC Al Quoz,Porsche Engine Diagnostics Dubai,Porsche Diagnostics in Dubai,"Porsche engine diagnostics in Dubai with model-specific inspection, confirmed parts options and a clear quote at Digi-Tec, Al Quoz.","Porsche diagnostics in Al Quoz, Dubai for warning lights, drivability and module concerns. Compatible testing and repair scope confirmed at DIGI-TEC.",True,True,https://digitecme.com/brands/porsche-service-dubai/engine-diagnostics,"DIGI-TEC investigates Porsche warning lights, misfires, starting concerns and changes in drivability at the Al Quoz workshop. The model, fitted powertrain and complaint determine which compatible modules, live data and physical tests are relevant. A stored code is a starting point; diagnosis separates an electrical, mechanical or control concern before repair is quoted.",Porsche models and fitted systems ; Porsche Engine Diagnostics: discuss the next step ; Record the warning and conditions ; Confirm relevant module coverage ; Test the suspected cause ; Agree the next step ; Share the details ; Arrange the visit ; Review the scope,"DIGI-TEC investigates Porsche warning lights, misfires, starting concerns and changes in drivability at the Al Quoz workshop. The model, fitted powertrain and complaint determine which compatible modules, live data and physical tests are relevant. A stored code is a starting point; diagnosis separates an electrical, mechanical or control concern before repair is quoted. ; Share the model, year, mileage, exact warning and when the fault occurs. Recent work and service history help plan the diagnostic scope. ; Review compatible fault and live data for the fitted vehicle. Diagnostic coverage, coding and programming are separate functions and must each be confirmed. ; Use physical, electrical or mechanical checks as the evidence requires. A code naming a component does not prove that component has failed. ; Explain confirmed findings, further testing and available repair options. Wiring or component repair is quoted separately from the initial diagnostic assessment. ; Contact the workshop ; Share the model, year, mileage and the concern you want checked. The workshop can confirm the appropriate assessment, scope and appointment availability. ; Make, model, year and current concern ; Choose the appropriate workshop inspection or service ; Discuss findings and proposed work before approval",Contact Us ; WhatsApp Us,Book Porsche Diagnostics ; Contact Us,,WhatsApp Us -> https://wa.me/97143402223?text=Hi%2C%20I%20would%20like%20to%20enquire%20about%20Porsche%20Engine%20Diagnostics%20at%20Digi-Tec%20Performance%20Centre.,True,0,0,True,2026-08-31,2026-09-09,True
/brands/aston-martin-service-dubai/brake-repair,brand-service,"Retained current fitted-brake/model copy, title and H1; corrected shared model heading and added Aston Martin brake-inspection actions.",Aston Martin Brake Repair Dubai | DIGI-TEC,Aston Martin Brake Repair Dubai | DIGI-TEC,Aston Martin Brake Repair Dubai,Aston Martin Brake Repair Dubai,"Aston Martin brake inspection and repair in Al Quoz, Dubai. Discuss symptoms, inspection findings and a vehicle-specific estimate with DIGI-TEC.","Aston Martin brake inspection and repair in Al Quoz, Dubai. Discuss symptoms, inspection findings and a vehicle-specific estimate with DIGI-TEC.",True,True,https://digitecme.com/brands/aston-martin-service-dubai/brake-repair,"Pads, rotor condition, fluid and braking symptoms are inspected on the fitted system. Steel and carbon-ceramic brakes need different assessment and parts.",Aston Martin Brake Repair: discuss the next step ; Share the details ; Arrange the visit ; Review the scope,"Contact the workshop ; Share the model, year, mileage and the concern you want checked. The workshop can confirm the appropriate assessment, scope and appointment availability. ; Make, model, year and current concern ; Choose the appropriate workshop inspection or service ; Discuss findings and proposed work before approval",Contact Us ; WhatsApp Us,Contact Us ; Request an Aston Martin Brake Inspection,,WhatsApp Us -> https://wa.me/97143402223?text=Hello%20DIGI-TEC%2C%20I%20would%20like%20to%20discuss%20Aston%20Martin%20brake%20inspection%20and%20repair.%20Model%2Fyear%3A%20Mileage%3A%20Symptoms%3A%20Preferred%20time%3A,True,0,0,False,2026-09-07,2026-09-09,True
/brands/aston-martin-service-dubai/transmission-repair,brand-service,"Retained current model/gearbox distinctions, title and H1; corrected shared model heading and added Aston Martin gearbox-inspection actions.",Aston Martin Transmission Repair Dubai | DIGI-TEC,Aston Martin Transmission Repair Dubai | DIGI-TEC,Aston Martin Transmission Repair Dubai,Aston Martin Transmission Repair Dubai,"Aston Martin transmission and gearbox services in Al Quoz, Dubai. Discuss symptoms, inspection findings and a vehicle-specific estimate with DIGI-TEC.","Aston Martin transmission and gearbox services in Al Quoz, Dubai. Discuss symptoms, inspection findings and a vehicle-specific estimate with DIGI-TEC.",True,True,https://digitecme.com/brands/aston-martin-service-dubai/transmission-repair,DBX707 has a nine-speed wet-clutch automatic; historic V12 Vantage S Sportshift III is an automated manual. Identify the model and gearbox before selecting fluids or procedures.,Aston Martin Transmission Repair: discuss the next step ; Share the details ; Arrange the visit ; Review the scope,"Contact the workshop ; Share the model, year, mileage and the concern you want checked. The workshop can confirm the appropriate assessment, scope and appointment availability. ; Make, model, year and current concern ; Choose the appropriate workshop inspection or service ; Discuss findings and proposed work before approval",Contact Us ; WhatsApp Us,Contact Us ; Request an Aston Martin Gearbox Inspection,,WhatsApp Us -> https://wa.me/97143402223?text=Hello%20DIGI-TEC%2C%20I%20would%20like%20to%20discuss%20Aston%20Martin%20transmission%20and%20gearbox%20services.%20Model%2Fyear%3A%20Mileage%3A%20Symptoms%3A%20Preferred%20time%3A,True,0,0,False,2026-09-07,2026-09-09,True
/brands/mclaren-service-dubai,brand,Retained the recent model-aware service/repair content and dedicated owner links; changed enquiry labels to Request McLaren Service.,McLaren Service & Repair Dubai | DIGI-TEC,McLaren Service & Repair Dubai | DIGI-TEC,McLaren Service & Repair Dubai,McLaren Service & Repair Dubai,"McLaren service and repair enquiries in Al Quoz, Dubai. Discuss maintenance, diagnostics and vehicle-specific repairs with DIGI-TEC. Request an assessment.","McLaren service and repair enquiries in Al Quoz, Dubai. Discuss maintenance, diagnostics and vehicle-specific repairs with DIGI-TEC. Request an assessment.",True,True,https://digitecme.com/brands/mclaren-service-dubai,"DIGI-TEC is an independent workshop in Al Quoz, Dubai, for McLaren service, maintenance, diagnostics and vehicle-specific repair enquiries. Tell us the model, year, mileage and concern; we then confirm the appropriate assessment, diagnostic access and workshop scope for the exact vehicle.",,,Ask about McLaren diagnostics ; Contact Us ; Request a McLaren Assessment ; Request a McLaren assessment ; Request a McLaren service quote ; WhatsApp Now,Ask about McLaren diagnostics ; Contact Us ; Request McLaren Service ; Request a McLaren assessment ; Request a McLaren service quote,,Request a McLaren Assessment -> https://wa.me/97143402223?text=Hi%20DIGI-TEC%2C%20I%20would%20like%20to%20request%20a%20McLaren%20assessment.%0A%0AModel%3A%20%0AYear%3A%20%0AMileage%3A%20%0AWarning%20or%20symptoms%3A%20%0APreferred%20appointment%20time%3A%20 ; WhatsApp Now -> https://wa.me/97143402223?text=Hi%20DIGI-TEC%2C%20I%20would%20like%20to%20request%20a%20McLaren%20assessment.%0A%0AModel%3A%20%0AYear%3A%20%0AMileage%3A%20%0AWarning%20or%20symptoms%3A%20%0APreferred%20appointment%20time%3A%20,True,0,0,False,2026-09-08,2026-09-09,True
/brands/mclaren-service-dubai/oil-change,brand-service,Retained model-specific oil/maintenance copy and qualified scope; corrected shared heading and added contextual/final oil-service actions.,McLaren Oil Change & Maintenance Dubai | DIGI-TEC,McLaren Oil Change & Maintenance Dubai | DIGI-TEC,McLaren Oil Change & Maintenance Dubai,McLaren Oil Change & Maintenance Dubai,"McLaren oil service and maintenance assessment in Al Quoz, Dubai. Oil, filters and service scope are matched to the exact model and year.","McLaren oil service and maintenance assessment in Al Quoz, Dubai. Oil, filters and service scope are matched to the exact model and year.",True,True,https://digitecme.com/brands/mclaren-service-dubai/oil-change,"McLaren oil and maintenance requirements vary by model, engine, year and market. DIGI-TEC reviews the VIN, service information, mileage, history and use before confirming the correct oil, filter, seals, inspection items and supported service reset. No universal grade or interval is published for every McLaren.",McLaren models and fitted systems ; McLaren Oil Change: discuss the next step ; Share the details ; Arrange the visit ; Review the scope,"Contact the workshop ; Share the model, year, mileage and the concern you want checked. The workshop can confirm the appropriate assessment, scope and appointment availability. ; Make, model, year and current concern ; Choose the appropriate workshop inspection or service ; Discuss findings and proposed work before approval",Contact Us ; WhatsApp Us,Contact Us ; Request McLaren Oil Service,,WhatsApp Us -> https://wa.me/97143402223?text=Hi%20DIGI-TEC%2C%20I%20would%20like%20to%20request%20a%20McLaren%20oil%20change%20assessment.%0A%0AModel%3A%20%0AYear%3A%20%0AMileage%3A%20%0AWarning%20or%20symptoms%3A%20,True,0,0,False,2026-09-05,2026-09-09,True
/services/steering-repair-dubai,service,"Clarified power-steering/rack title; retained useful inspection copy; added hero, quote-scope and final inspection actions plus suspension/Porsche/Mercedes owner links.","Steering Repair Dubai | Power Steering, Rack & EPS",Power Steering & Rack Repair Dubai | DIGI-TEC,Steering Repair in Dubai,Steering Repair in Dubai,"Heavy, noisy or leaking steering? Book rack, pump and EPS inspection and repair in Dubai for selected German and luxury cars.","Heavy, noisy or leaking steering? Book rack, pump and EPS inspection and repair in Dubai for selected German and luxury cars.",True,True,https://digitecme.com/services/steering-repair-dubai,"Digitec Performance Center inspects and repairs supported hydraulic, electric and electro-hydraulic steering concerns in Dubai. Heavy steering, free play, noise, vibration, leaks or warning messages are assessed according to the installed system before work is proposed.",Discuss the inspection and quote ; Steering Repair in Dubai,"Describe when the steering becomes heavy, noisy or loose, and mention recent tyre, alignment or suspension work. The inspection distinguishes rack or assistance faults from joints, tyres and geometry before repair or replacement is quoted.",Contact Us ; Request an appointment ; WhatsApp Us,Contact Us ; Request a Steering Inspection ; WhatsApp Us,Porsche steering inspection -> /brands/porsche-service-dubai/steering-repair ; Mercedes steering inspection -> /services/mercedes-steering-repair-dubai ; Suspension and alignment considerations -> /services/suspension-repair-dubai,Request an appointment -> https://wa.me/97143402223?text=Hi%2C%20I'd%20like%20to%20schedule%20a%20consultation%20at%20Digi-Tec%20Performance%20Center.,True,0,0,True,2026-08-31,2026-09-09,True
/services/exhaust-repair-dubai,service,Replaced ambiguous Cat title with exhaust and muffler repair; kept repair intent and cost FAQs; added quote guidance and contextual enquiry actions; modification requests remain with tuning.,"Exhaust Repair Dubai | Cat, Muffler, DPF & Performance",Exhaust & Muffler Repair Dubai | DIGI-TEC,Exhaust Repair in Dubai,Exhaust Repair in Dubai,"Exhaust inspection and repair in Dubai for leaks, mufflers, sensors, catalysts, DPF concerns and compatible performance systems.","Exhaust and muffler repair in Al Quoz, Dubai. Assessment of leaks, noise, sensors and catalyst or DPF concerns before repair is quoted at DIGI-TEC.",True,True,https://digitecme.com/services/exhaust-repair-dubai,"Digitec Performance Center inspects and repairs supported exhaust concerns in Dubai. Excessive noise, visible damage, exhaust smell, reduced power or warning messages can lead to leak, restriction, sensor and after-treatment checks before repair or replacement is proposed.",Discuss the inspection and quote ; Exhaust Repair in Dubai,"Share the vehicle details and whether the concern is noise, a leak, vibration or a warning. The quote separates the affected joints, pipework, silencer or control components. Performance changes require a separate compatibility and scope discussion.",Contact Us ; Request an appointment ; WhatsApp Us,Contact Us ; Request an Exhaust Inspection ; WhatsApp Us,Mechanical inspection -> /services/mechanical-repair-dubai ; Performance exhaust and tuning assessment -> /tuning,Request an appointment -> https://wa.me/97143402223?text=Hi%2C%20I'd%20like%20to%20schedule%20a%20consultation%20at%20Digi-Tec%20Performance%20Center.,True,0,0,True,2026-08-31,2026-09-09,True
/services/oil-change-dubai,service,"Aligned title/H1 with car oil change and filter service; retained approvals and vehicle-specific maintenance; added booking actions, quote guidance and BMW/Mercedes service links.",Car Oil Change Dubai | Vehicle-Specified Oil & Filter | Digi-Tec,Car Oil Change Dubai | Oil & Filter Service | DIGI-TEC,Oil Change in Dubai,Car Oil Change in Dubai,"Car oil change in Dubai with oil approval, viscosity, capacity and filter selected for the exact vehicle. Book Digi-Tec for a confirmed estimate.","Car oil change in Dubai with oil approval, viscosity, capacity and filter selected for the exact vehicle. Book Digi-Tec for a confirmed estimate.",True,True,https://digitecme.com/services/oil-change-dubai,"Digitec Performance Center provides vehicle-specific oil and filter service in Dubai. The VIN, engine, applicable oil approval, viscosity, capacity, filter and supported reset procedure are confirmed before the service is quoted.",Discuss the inspection and quote ; Car Oil Change in Dubai,"Send the model, year, mileage and service history. Oil approval, quantity, filter and any due maintenance are confirmed for the fitted engine before the estimate is agreed. ; Every car oil change in dubai we perform is available for the marques below.",Contact Us ; Request an appointment ; WhatsApp Us,Book an Oil Change ; Contact Us ; WhatsApp Us,BMW oil service -> /brands/bmw-service-dubai/oil-change ; Car service and maintenance -> /services/car-service-dubai ; Mercedes oil service -> /services/mercedes-oil-change-dubai,Request an appointment -> https://wa.me/97143402223?text=Hi%2C%20I'd%20like%20to%20schedule%20a%20consultation%20at%20Digi-Tec%20Performance%20Center.,True,0,0,True,2026-08-31,2026-09-09,True
/services/paint-protection-film,service,"Retained the recent page, coverage architecture and quote journey; added explicit limits to product-rated self-healing; gained contextual body-repair and Audi/Bentley hub links.",PPF Dubai | Paint Protection Film for Cars | DIGI-TEC,PPF Dubai | Paint Protection Film for Cars | DIGI-TEC,Paint Protection Film (PPF) Dubai,Paint Protection Film (PPF) Dubai,PPF installation in Dubai for luxury and performance cars. Explore full-body and selected-panel paint protection film at DIGI-TEC. Get your car’s quote.,PPF installation in Dubai for luxury and performance cars. Explore full-body and selected-panel paint protection film at DIGI-TEC. Get your car’s quote.,True,True,https://digitecme.com/services/paint-protection-film,"PPF installation for luxury and performance cars at DIGI-TEC in Al Quoz, Dubai. Explore full-body and selected-panel coverage.",What does self-healing PPF mean?,"On suitable films, the top surface can reduce light marks under the selected product’s specified conditions. It does not repair a cut, torn film, deep scratch or a chip in the paint underneath. Ask which film is proposed and what care or inspection is needed if a mark remains; do not assume every finish has the same properties.",Ask About Full Body PPF ; Contact Us ; Get Your PPF Quote ; Get an Exact PPF Quote for Your Car ; WhatsApp DIGI-TEC ; WhatsApp quote,Ask About Full Body PPF ; Contact Us ; Get Your PPF Quote ; Get an Exact PPF Quote for Your Car ; WhatsApp DIGI-TEC ; WhatsApp quote,,,True,0,0,False,2026-09-08,2026-09-09,True
/services/ceramic-coating,service,"Retained the recent coating/preparation/limitations/maintenance/PPF comparison page; added a practical quote checklist covering product, panels, preparation, curing/first wash and existing-film compatibility; gained contextual links.",Ceramic Coating Dubai | Car Paint Protection | DIGI-TEC,Ceramic Coating Dubai | Car Paint Protection | DIGI-TEC,Ceramic Coating Dubai,Ceramic Coating Dubai,Professional ceramic coating in Dubai for luxury and performance cars. Explore paint preparation and surface protection at DIGI-TEC. Request your quote.,Professional ceramic coating in Dubai for luxury and performance cars. Explore paint preparation and surface protection at DIGI-TEC. Request your quote.,True,True,https://digitecme.com/services/ceramic-coating,"Professional ceramic coating for luxury and performance cars, with paint preparation and surface coverage matched to your vehicle. Discuss gloss, easier cleaning and the right care plan with our Dubai workshop.",What should your coating quote identify?,"Ask for the selected coating, the panels and additional surfaces included, the agreed preparation or correction, workshop time and product-specific curing and first-wash guidance. If PPF is already fitted, confirm compatibility separately. A quoted layer count alone does not describe the preparation, protection or maintenance required.",Ask About Ceramic Coating ; Check the Right Coating for Your Car ; Contact Us ; Discuss Your Paint Protection Options ; Get Ceramic Coating Quote ; Get an Exact Ceramic Coating Quote ; Get the Right Coating Option for Your Car ; WhatsApp DIGI-TEC ; WhatsApp quote,Ask About Ceramic Coating ; Check the Right Coating for Your Car ; Contact Us ; Discuss Your Paint Protection Options ; Get Ceramic Coating Quote ; Get an Exact Ceramic Coating Quote ; Get the Right Coating Option for Your Car ; WhatsApp DIGI-TEC ; WhatsApp quote,,,True,0,0,False,2026-09-08,2026-09-09,True
/services/paint-protection-dubai,service,Kept the comparison hub and distinct treatment owners; added assessment/quote guidance and contextual conversion placements.,Car Paint Care Dubai | Correction & Protection | DIGI-TEC,Car Paint Care Dubai | Correction & Protection | DIGI-TEC,Car Paint Care & Protection Options in Dubai,Car Paint Care & Protection Options in Dubai,"Explore paint correction, ceramic coating and film options at DIGI-TEC in Dubai. Assess your car’s paint condition and choose a suitable care service.","Explore paint correction, ceramic coating and film options at DIGI-TEC in Dubai. Assess your car’s paint condition and choose a suitable care service.",True,True,https://digitecme.com/services/paint-protection-dubai,"Compare paint correction, ceramic coating and film, starting with your car’s paint condition.",Discuss the inspection and quote ; Car Paint Care & Protection Options in Dubai,"Start with the paint condition and your priority: improving existing marks, adding a physical film barrier or making finish maintenance easier. Preparation, covered surfaces and product compatibility should be agreed together.",Contact Us ; Request an appointment ; WhatsApp Us,Contact Us ; Discuss Paint Protection Options ; WhatsApp Us,,Request an appointment -> https://wa.me/97143402223?text=Hi%2C%20I'd%20like%20to%20schedule%20a%20consultation%20at%20Digi-Tec%20Performance%20Center.,True,0,0,False,2026-09-08,2026-09-09,True
/services/car-polishing-dubai,service,"Retained the complete September 8 page, metadata, FAQs and assessment form; improved discovery through new links from brand body-repair pages and Audi/Bentley hubs.",Car Polishing & Paint Correction Dubai | DIGI-TEC,Car Polishing & Paint Correction Dubai | DIGI-TEC,Car Polishing & Paint Correction Dubai,Car Polishing & Paint Correction Dubai,"Professional car polishing and paint correction in Dubai. Assess swirl marks, light scratches and dull paint on your premium car. Get a DIGI-TEC quote.","Professional car polishing and paint correction in Dubai. Assess swirl marks, light scratches and dull paint on your premium car. Get a DIGI-TEC quote.",True,True,https://digitecme.com/services/car-polishing-dubai,"Ask our Al Quoz workshop what polishing or paint correction can safely improve, with a quote based on your car’s condition.",,,Contact Us ; Send Us Photos on WhatsApp ; Send Us a Photo of the Scratch ; Send paint photos ; WhatsApp DIGI-TEC,Contact Us ; Send Us Photos on WhatsApp ; Send Us a Photo of the Scratch ; Send paint photos ; WhatsApp DIGI-TEC,,,False,0,0,False,2026-09-08,2026-09-08,False
