sheet,row,source_range,Top queries,Clicks,Impressions,CTR,Position
Queries,2,Queries!A2:E2,mercedes repair dubai,2.0,137.0,0.0146,2.85
Queries,3,Queries!A3:E3,merceds repair,2.0,12.0,0.16670000000000001,2.5
Queries,4,Queries!A4:E4,car oil change dubai,1.0,43.0,0.0233,17.26
Queries,5,Queries!A5:E5,aston martin service dubai,1.0,31.0,0.0323,21.97
Queries,6,Queries!A6:E6,mercedes repair in dubai,1.0,27.0,0.037000000000000005,5.56
Queries,7,Queries!A7:E7,mercedes service in dubai,1.0,19.0,0.0526,4.58
Queries,8,Queries!A8:E8,mercedes mechanic,1.0,10.0,0.1,4.6
Queries,9,Queries!A9:E9,digitec performance center,1.0,9.0,0.11109999999999999,1.33
Queries,10,Queries!A10:E10,yes,1.0,8.0,0.125,5.5
Queries,11,Queries!A11:E11,ferrari service dubai,0.0,69.0,0.0,12.29
Queries,12,Queries!A12:E12,mercedes repair,0.0,63.0,0.0,4.86
Queries,13,Queries!A13:E13,bmw service dubai,0.0,60.0,0.0,16.88
Queries,14,Queries!A14:E14,mercedes service center dubai,0.0,57.0,0.0,10.0
Queries,15,Queries!A15:E15,mercedes workshop dubai,0.0,50.0,0.0,9.7
Queries,16,Queries!A16:E16,rolls royce service dubai,0.0,50.0,0.0,18.32
Queries,17,Queries!A17:E17,car paint protection,0.0,45.0,0.0,32.89
Queries,18,Queries!A18:E18,mercedes service dubai,0.0,44.0,0.0,10.8
Queries,19,Queries!A19:E19,paint protection film near me,0.0,43.0,0.0,14.12
Queries,20,Queries!A20:E20,cue screen replacement in dubai,0.0,39.0,0.0,31.03
Queries,21,Queries!A21:E21,ferrari service,0.0,37.0,0.0,8.27
Queries,22,Queries!A22:E22,cadillac touch screen repair in dubai,0.0,37.0,0.0,55.0
Queries,23,Queries!A23:E23,ceramic paint protection dubai,0.0,36.0,0.0,20.28
Queries,24,Queries!A24:E24,paint protection film ppf,0.0,36.0,0.0,37.31
Queries,25,Queries!A25:E25,mercedes specialist dubai,0.0,35.0,0.0,2.6
Queries,26,Queries!A26:E26,mercedes service,0.0,35.0,0.0,18.17
Queries,27,Queries!A27:E27,paint protection coating,0.0,35.0,0.0,27.74
Queries,28,Queries!A28:E28,bentley service dubai,0.0,35.0,0.0,32.4
Queries,29,Queries!A29:E29,mclaren service dubai,0.0,34.0,0.0,11.88
Queries,30,Queries!A30:E30,mclaren repair dubai,0.0,34.0,0.0,15.5
Queries,31,Queries!A31:E31,tyre change dubai,0.0,34.0,0.0,71.09
Queries,32,Queries!A32:E32,mercedes engine repair dubai,0.0,33.0,0.0,7.88
Queries,33,Queries!A33:E33,ferrari maintenance dubai,0.0,32.0,0.0,8.66
Queries,34,Queries!A34:E34,tire repair dubai,0.0,32.0,0.0,23.81
Queries,35,Queries!A35:E35,tyre repair dubai,0.0,32.0,0.0,48.47
Queries,36,Queries!A36:E36,bmw service,0.0,31.0,0.0,27.71
Queries,37,Queries!A37:E37,command unit repairing dubai,0.0,31.0,0.0,65.03
Queries,38,Queries!A38:E38,lamborghini service dubai,0.0,30.0,0.0,19.7
Queries,39,Queries!A39:E39,car paint protection film,0.0,30.0,0.0,30.47
Queries,40,Queries!A40:E40,aston martin repair dubai,0.0,29.0,0.0,29.55
Queries,41,Queries!A41:E41,car electrical repair dubai,0.0,29.0,0.0,44.69
Queries,42,Queries!A42:E42,mercedes stereo upgrade in dubai,0.0,29.0,0.0,49.55
Queries,43,Queries!A43:E43,ferrari service center,0.0,28.0,0.0,21.43
Queries,44,Queries!A44:E44,ceramic paint protection,0.0,28.0,0.0,35.14
Queries,45,Queries!A45:E45,range rover repair dubai,0.0,27.0,0.0,37.37
Queries,46,Queries!A46:E46,tyre replacement dubai,0.0,27.0,0.0,68.81
Queries,47,Queries!A47:E47,mercedes maintenance dubai,0.0,26.0,0.0,5.42
Queries,48,Queries!A48:E48,rolls royce service,0.0,26.0,0.0,17.58
Queries,49,Queries!A49:E49,rolls royce repair dubai,0.0,26.0,0.0,20.42
Queries,50,Queries!A50:E50,bmw service center dubai,0.0,26.0,0.0,26.58
Queries,51,Queries!A51:E51,paint protection,0.0,26.0,0.0,42.65
Queries,52,Queries!A52:E52,bentley reverse camera in dubai,0.0,26.0,0.0,43.96
Queries,53,Queries!A53:E53,paint protection film,0.0,26.0,0.0,48.96
Queries,54,Queries!A54:E54,best chevrolet workshop,0.0,25.0,0.0,10.52
Queries,55,Queries!A55:E55,best mini workshop abu dhabi,0.0,25.0,0.0,17.8
Queries,56,Queries!A56:E56,mercedes suspension repair dubai,0.0,24.0,0.0,7.96
Queries,57,Queries!A57:E57,ferrari service center dubai,0.0,24.0,0.0,17.96
Queries,58,Queries!A58:E58,ferrari servicing,0.0,23.0,0.0,11.13
Queries,59,Queries!A59:E59,paint protection film installers,0.0,22.0,0.0,19.09
Queries,60,Queries!A60:E60,ferrari repair dubai,0.0,22.0,0.0,21.45
Queries,61,Queries!A61:E61,brake repair dubai,0.0,22.0,0.0,28.55
Queries,62,Queries!A62:E62,lamborghini repair dubai,0.0,22.0,0.0,31.86
Queries,63,Queries!A63:E63,bentley repair dubai,0.0,21.0,0.0,46.48
Queries,64,Queries!A64:E64,porsche maintenance,0.0,20.0,0.0,9.0
Queries,65,Queries!A65:E65,rolls royce service center dubai,0.0,20.0,0.0,20.0
Queries,66,Queries!A66:E66,oil change dubai,0.0,20.0,0.0,20.95
Queries,67,Queries!A67:E67,tire repair,0.0,20.0,0.0,23.25
Queries,68,Queries!A68:E68,bmw battery replacement,0.0,20.0,0.0,27.1
Queries,69,Queries!A69:E69,cadillac xts touch screen replacement in dubai,0.0,20.0,0.0,42.85
Queries,70,Queries!A70:E70,mercedes repair specialist,0.0,19.0,0.0,8.68
Queries,71,Queries!A71:E71,mercedes garage dubai,0.0,19.0,0.0,17.79
Queries,72,Queries!A72:E72,mercedes oil change,0.0,19.0,0.0,19.63
Queries,73,Queries!A73:E73,audi repair dubai,0.0,19.0,0.0,23.26
Queries,74,Queries!A74:E74,car ac gas refill dubai,0.0,19.0,0.0,67.74
Queries,75,Queries!A75:E75,car electrical services dubai,0.0,19.0,0.0,74.63
Queries,76,Queries!A76:E76,rox01 soft close door,0.0,18.0,0.0,7.44
Queries,77,Queries!A77:E77,car paint protection dubai,0.0,18.0,0.0,22.78
Queries,78,Queries!A78:E78,bmw repair,0.0,17.0,0.0,9.88
Queries,79,Queries!A79:E79,mercedes maintenance,0.0,17.0,0.0,29.94
Queries,80,Queries!A80:E80,cadillac srx screen replacement in dubai,0.0,17.0,0.0,54.59
Queries,81,Queries!A81:E81,mercedes benz repair dubai,0.0,16.0,0.0,3.5
Queries,82,Queries!A82:E82,mclaren repair,0.0,16.0,0.0,8.81
Queries,83,Queries!A83:E83,nissan service center al quoz,0.0,16.0,0.0,11.69
Queries,84,Queries!A84:E84,lamborghini service,0.0,16.0,0.0,14.31
Queries,85,Queries!A85:E85,range rover body repair,0.0,16.0,0.0,15.62
Queries,86,Queries!A86:E86,car diagnostic dubai,0.0,16.0,0.0,26.31
Queries,87,Queries!A87:E87,car suspension repair dubai,0.0,16.0,0.0,33.56
Queries,88,Queries!A88:E88,car servicing dubai,0.0,16.0,0.0,44.56
Queries,89,Queries!A89:E89,tire change dubai,0.0,16.0,0.0,45.44
Queries,90,Queries!A90:E90,mclaren maintenance dubai,0.0,15.0,0.0,10.07
Queries,91,Queries!A91:E91,bmw service in dubai,0.0,15.0,0.0,16.73
Queries,92,Queries!A92:E92,rolls royce maintenance dubai,0.0,15.0,0.0,18.73
Queries,93,Queries!A93:E93,mercedes coding service,0.0,15.0,0.0,19.13
Queries,94,Queries!A94:E94,hummer engine repair dubai,0.0,15.0,0.0,22.33
Queries,95,Queries!A95:E95,aston martin engine repair dubai,0.0,15.0,0.0,23.87
Queries,96,Queries!A96:E96,car diagnostics dip2,0.0,15.0,0.0,25.47
Queries,97,Queries!A97:E97,audi service,0.0,15.0,0.0,26.53
Queries,98,Queries!A98:E98,audi service dubai,0.0,15.0,0.0,31.67
Queries,99,Queries!A99:E99,bentley workshop dubai,0.0,15.0,0.0,31.67
Queries,100,Queries!A100:E100,mercedes engine repair,0.0,15.0,0.0,33.47
Queries,101,Queries!A101:E101,tire replacement dubai,0.0,15.0,0.0,35.47
Queries,102,Queries!A102:E102,mercedes e class audio upgrade in dubai,0.0,15.0,0.0,49.73
Queries,103,Queries!A103:E103,ferrari maintenance,0.0,14.0,0.0,8.71
Queries,104,Queries!A104:E104,mercedes benz service center dubai,0.0,14.0,0.0,10.0
Queries,105,Queries!A105:E105,mercedes transmission repair dubai,0.0,14.0,0.0,10.71
Queries,106,Queries!A106:E106,porsche repair dubai,0.0,14.0,0.0,11.86
Queries,107,Queries!A107:E107,mclaren engine repair dubai,0.0,14.0,0.0,12.71
Queries,108,Queries!A108:E108,rolls royce service center,0.0,14.0,0.0,15.36
Queries,109,Queries!A109:E109,aston martin brake repair dubai,0.0,14.0,0.0,16.79
Queries,110,Queries!A110:E110,mercedes suspension repair,0.0,14.0,0.0,17.93
Queries,111,Queries!A111:E111,mclaren workshop dubai,0.0,14.0,0.0,19.07
Queries,112,Queries!A112:E112,car suspension repair in dubai,0.0,14.0,0.0,32.36
Queries,113,Queries!A113:E113,paint protection films,0.0,14.0,0.0,56.71
Queries,114,Queries!A114:E114,merceds repair dubai,0.0,13.0,0.0,3.77
Queries,115,Queries!A115:E115,digitec,0.0,13.0,0.0,6.54
Queries,116,Queries!A116:E116,aston martin workshop dubai,0.0,13.0,0.0,11.38
Queries,117,Queries!A117:E117,porsche repair,0.0,13.0,0.0,11.77
Queries,118,Queries!A118:E118,bmw maintenance dubai,0.0,13.0,0.0,12.0
Queries,119,Queries!A119:E119,bmw battery replacement dubai,0.0,13.0,0.0,18.92
Queries,120,Queries!A120:E120,lamborghini maintenance dubai,0.0,13.0,0.0,19.15
Queries,121,Queries!A121:E121,rolls royce repair in dubai,0.0,13.0,0.0,25.38
Queries,122,Queries!A122:E122,suspension repair dubai,0.0,13.0,0.0,28.54
Queries,123,Queries!A123:E123,lamborghini reverse camera in dubai,0.0,13.0,0.0,30.0
Queries,124,Queries!A124:E124,bentley service in dubai,0.0,13.0,0.0,34.46
Queries,125,Queries!A125:E125,bentley service center dubai,0.0,13.0,0.0,44.69
Queries,126,Queries!A126:E126,bentley repair in dubai,0.0,13.0,0.0,49.08
Queries,127,Queries!A127:E127,audi gear repair abu dhabi,0.0,13.0,0.0,67.0
Queries,128,Queries!A128:E128,mercedes repair garage in dubai,0.0,12.0,0.0,3.08
Queries,129,Queries!A129:E129,digital car repair dubai,0.0,12.0,0.0,6.58
Queries,130,Queries!A130:E130,mercedes transmission repair,0.0,12.0,0.0,13.25
Queries,131,Queries!A131:E131,porsche transmission repair,0.0,12.0,0.0,14.0
Queries,132,Queries!A132:E132,audi specialist dubai,0.0,12.0,0.0,14.83
Queries,133,Queries!A133:E133,lexus car oil change in dubai,0.0,12.0,0.0,23.58
Queries,134,Queries!A134:E134,chrysler repair dubai,0.0,12.0,0.0,24.17
Queries,135,Queries!A135:E135,mclaren garage dubai,0.0,12.0,0.0,27.67
Queries,136,Queries!A136:E136,lamborghini service center dubai,0.0,12.0,0.0,29.83
Queries,137,Queries!A137:E137,tyre puncture repair dubai,0.0,12.0,0.0,41.33
Queries,138,Queries!A138:E138,bmw body repair garage,0.0,12.0,0.0,58.0
Queries,139,Queries!A139:E139,mercedes car repair dubai,0.0,11.0,0.0,2.18
Queries,140,Queries!A140:E140,digitech dubai,0.0,11.0,0.0,6.45
Queries,141,Queries!A141:E141,land rover transmission repair dubai,0.0,11.0,0.0,8.36
Queries,142,Queries!A142:E142,jaguar workshop dubai,0.0,11.0,0.0,11.45
Queries,143,Queries!A143:E143,car suspension repair,0.0,11.0,0.0,12.27
Queries,144,Queries!A144:E144,mclaren oil change service dubai,0.0,11.0,0.0,15.36
Queries,145,Queries!A145:E145,transmission repair dubai,0.0,11.0,0.0,17.45
Queries,146,Queries!A146:E146,rolls royce workshop dubai,0.0,11.0,0.0,18.45
Queries,147,Queries!A147:E147,gearbox repair dubai,0.0,11.0,0.0,22.91
Queries,148,Queries!A148:E148,ferrari suspension repair dubai,0.0,11.0,0.0,23.91
Queries,149,Queries!A149:E149,jaguar repair specialist,0.0,11.0,0.0,30.64
Queries,150,Queries!A150:E150,ford oil change service in dubai,0.0,11.0,0.0,30.82
Queries,151,Queries!A151:E151,porsche suspension repair dubai,0.0,11.0,0.0,31.45
Queries,152,Queries!A152:E152,brake service dubai,0.0,11.0,0.0,31.64
Queries,153,Queries!A153:E153,cadillac workshop dubai,0.0,11.0,0.0,36.91
Queries,154,Queries!A154:E154,head unit repairing dubai,0.0,11.0,0.0,64.45
Queries,155,Queries!A155:E155,change tyres dubai,0.0,11.0,0.0,79.18
Queries,156,Queries!A156:E156,mercedes oil change near me,0.0,10.0,0.0,4.1
Queries,157,Queries!A157:E157,mercedes diagnostic dubai,0.0,10.0,0.0,6.2
Queries,158,Queries!A158:E158,porsche maintenance dubai,0.0,10.0,0.0,6.8
Queries,159,Queries!A159:E159,porsche service dubai,0.0,10.0,0.0,10.9
Queries,160,Queries!A160:E160,nissan repair,0.0,10.0,0.0,14.3
Queries,161,Queries!A161:E161,bmw car service dubai,0.0,10.0,0.0,16.8
Queries,162,Queries!A162:E162,bugatti repair dubai,0.0,10.0,0.0,17.9
Queries,163,Queries!A163:E163,ferrari service centre,0.0,10.0,0.0,22.4
Queries,164,Queries!A164:E164,audi transmission repair dubai,0.0,10.0,0.0,22.9
Queries,165,Queries!A165:E165,nissan authorised service centre,0.0,10.0,0.0,24.7
Queries,166,Queries!A166:E166,tire service dubai,0.0,10.0,0.0,24.8
Queries,167,Queries!A167:E167,aston martin maintenance dubai,0.0,10.0,0.0,26.3
Queries,168,Queries!A168:E168,rolls royce engine repair dubai,0.0,10.0,0.0,26.4
Queries,169,Queries!A169:E169,car paint protection coating,0.0,10.0,0.0,27.0
Queries,170,Queries!A170:E170,chrysler repair shop near me,0.0,10.0,0.0,30.7
Queries,171,Queries!A171:E171,aston martin repair near me,0.0,10.0,0.0,30.8
Queries,172,Queries!A172:E172,best cadillac workshop abu dhabi,0.0,10.0,0.0,31.2
Queries,173,Queries!A173:E173,range rover workshop dubai,0.0,10.0,0.0,42.4
Queries,174,Queries!A174:E174,chrysler car repair dubai,0.0,10.0,0.0,43.0
Queries,175,Queries!A175:E175,chevrolet car service in dubai,0.0,10.0,0.0,45.5
Queries,176,Queries!A176:E176,bentley repair,0.0,10.0,0.0,49.8
Queries,177,Queries!A177:E177,stek dynoprism paint protection film dubai uae,0.0,10.0,0.0,51.3
Queries,178,Queries!A178:E178,mercedes auto repair in dubai,0.0,9.0,0.0,2.0
Queries,179,Queries!A179:E179,mercedes benz service dubai,0.0,9.0,0.0,5.89
Queries,180,Queries!A180:E180,ride height adjustment dubai,0.0,9.0,0.0,6.44
Queries,181,Queries!A181:E181,mercedes car service in dubai,0.0,9.0,0.0,6.67
Queries,182,Queries!A182:E182,land rover suspension repair,0.0,9.0,0.0,7.0
Queries,183,Queries!A183:E183,mercedes benz garage dubai,0.0,9.0,0.0,7.56
Queries,184,Queries!A184:E184,ppf and ceramic coating near me,0.0,9.0,0.0,8.44
Queries,185,Queries!A185:E185,best lamborghini service center dubai,0.0,9.0,0.0,8.56
Queries,186,Queries!A186:E186,mercedes car repair,0.0,9.0,0.0,9.44
Queries,187,Queries!A187:E187,audi battery replacement dubai,0.0,9.0,0.0,10.44
Queries,188,Queries!A188:E188,mercedes benz auto repair in dubai,0.0,9.0,0.0,10.44
Queries,189,Queries!A189:E189,rolls royce suspension repair dubai,0.0,9.0,0.0,10.89
Queries,190,Queries!A190:E190,car code performance,0.0,9.0,0.0,11.44
Queries,191,Queries!A191:E191,audi battery replacement near me,0.0,9.0,0.0,11.67
Queries,192,Queries!A192:E192,حماية طلاء السيارات,0.0,9.0,0.0,14.11
Queries,193,Queries!A193:E193,lamborghini workshop dubai,0.0,9.0,0.0,14.78
Queries,194,Queries!A194:E194,ferrari workshop dubai,0.0,9.0,0.0,17.11
Queries,195,Queries!A195:E195,range rover ac repair,0.0,9.0,0.0,19.67
Queries,196,Queries!A196:E196,صيانة رولز رويس,0.0,9.0,0.0,23.56
Queries,197,Queries!A197:E197,mini cooper oil change in dubai,0.0,9.0,0.0,27.67
Queries,198,Queries!A198:E198,aston martin transmission repair dubai,0.0,9.0,0.0,28.67
Queries,199,Queries!A199:E199,ferrari repair in dubai,0.0,9.0,0.0,29.33
Queries,200,Queries!A200:E200,vehicle diagnostics dubai,0.0,9.0,0.0,29.56
Queries,201,Queries!A201:E201,chevrolet repair in dubai,0.0,9.0,0.0,30.11
Queries,202,Queries!A202:E202,collision repair dubai,0.0,9.0,0.0,33.22
Queries,203,Queries!A203:E203,nissan workshop near me,0.0,9.0,0.0,38.67
Queries,204,Queries!A204:E204,ppf protection film,0.0,9.0,0.0,39.11
Queries,205,Queries!A205:E205,ppf spectre,0.0,9.0,0.0,39.22
Queries,206,Queries!A206:E206,bmw coding service,0.0,9.0,0.0,41.11
Queries,207,Queries!A207:E207,bentley service,0.0,9.0,0.0,43.11
Queries,208,Queries!A208:E208,car maintenance dubai,0.0,9.0,0.0,43.89
Queries,209,Queries!A209:E209,cadillac cue screen replacement in dubai,0.0,9.0,0.0,44.0
Queries,210,Queries!A210:E210,car scanning and diagnostics in dubai,0.0,9.0,0.0,47.67
Queries,211,Queries!A211:E211,car electrical repair in dubai,0.0,9.0,0.0,48.44
Queries,212,Queries!A212:E212,range rover repair specialist in dubai,0.0,9.0,0.0,48.89
Queries,213,Queries!A213:E213,bentley repair specialist in dubai,0.0,9.0,0.0,49.0
Queries,214,Queries!A214:E214,mercedes benz repair,0.0,8.0,0.0,5.88
Queries,215,Queries!A215:E215,lotus repair dubai,0.0,8.0,0.0,9.5
Queries,216,Queries!A216:E216,bmw repair dubai,0.0,8.0,0.0,10.38
Queries,217,Queries!A217:E217,audi transmission repair,0.0,8.0,0.0,10.75
Queries,218,Queries!A218:E218,mclaren service center,0.0,8.0,0.0,12.0
Queries,219,Queries!A219:E219,vw workshop dubai,0.0,8.0,0.0,12.38
Queries,220,Queries!A220:E220,bmw ac repair dubai,0.0,8.0,0.0,13.38
Queries,221,Queries!A221:E221,transmission repair,0.0,8.0,0.0,14.75
Queries,222,Queries!A222:E222,engine diagnostics dubai,0.0,8.0,0.0,17.0
Queries,223,Queries!A223:E223,bmw transmission repair,0.0,8.0,0.0,17.12
Queries,224,Queries!A224:E224,best ferrari garage in dubai,0.0,8.0,0.0,17.62
Queries,225,Queries!A225:E225,aston martin repair,0.0,8.0,0.0,17.88
Queries,226,Queries!A226:E226,land rover workshop dubai,0.0,8.0,0.0,19.0
Queries,227,Queries!A227:E227,car tuning dubai,0.0,8.0,0.0,19.25
Queries,228,Queries!A228:E228,ferrari oil change in dubai,0.0,8.0,0.0,20.12
Queries,229,Queries!A229:E229,car paint protection film artarmon,0.0,8.0,0.0,21.12
Queries,230,Queries!A230:E230,mercedes servicing,0.0,8.0,0.0,23.0
Queries,231,Queries!A231:E231,paint protection film in dubai,0.0,8.0,0.0,23.0
Queries,232,Queries!A232:E232,bugatti maintenance dubai,0.0,8.0,0.0,24.75
Queries,233,Queries!A233:E233,car servicing,0.0,8.0,0.0,25.25
Queries,234,Queries!A234:E234,paint protection dubai,0.0,8.0,0.0,25.38
Queries,235,Queries!A235:E235,tire repair service dubai,0.0,8.0,0.0,27.5
Queries,236,Queries!A236:E236,auto electrical diagnostics dubai,0.0,8.0,0.0,27.88
Queries,237,Queries!A237:E237,cars workshop dubai,0.0,8.0,0.0,32.12
Queries,238,Queries!A238:E238,ferrari brake repair dubai,0.0,8.0,0.0,32.38
Queries,239,Queries!A239:E239,engine oil change,0.0,8.0,0.0,33.75
Queries,240,Queries!A240:E240,bmw car battery replacement,0.0,8.0,0.0,34.12
Queries,241,Queries!A241:E241,bentley servicing,0.0,8.0,0.0,35.0
Queries,242,Queries!A242:E242,ferrari engine repair dubai,0.0,8.0,0.0,36.12
Queries,243,Queries!A243:E243,paint protection solutions,0.0,8.0,0.0,38.12
Queries,244,Queries!A244:E244,bugatti workshop dubai,0.0,8.0,0.0,39.88
Queries,245,Queries!A245:E245,bentley service centre,0.0,8.0,0.0,41.88
Queries,246,Queries!A246:E246,car wiring repair,0.0,8.0,0.0,43.25
Queries,247,Queries!A247:E247,audi brake repair dubai,0.0,8.0,0.0,53.38
Queries,248,Queries!A248:E248,car film protection,0.0,8.0,0.0,55.25
Queries,249,Queries!A249:E249,car protection film,0.0,8.0,0.0,55.5
Queries,250,Queries!A250:E250,car scanning dubai,0.0,8.0,0.0,57.0
Queries,251,Queries!A251:E251,car servicing package,0.0,8.0,0.0,67.25
Queries,252,Queries!A252:E252,mercedes-benz repair dubai,0.0,7.0,0.0,3.0
Queries,253,Queries!A253:E253,car body repair,0.0,7.0,0.0,4.57
Queries,254,Queries!A254:E254,audi suspension repair,0.0,7.0,0.0,6.14
Queries,255,Queries!A255:E255,car battery life in uae,0.0,7.0,0.0,7.57
Queries,256,Queries!A256:E256,mercedes oil change dubai,0.0,7.0,0.0,8.0
Queries,257,Queries!A257:E257,audi body shop,0.0,7.0,0.0,10.0
Queries,258,Queries!A258:E258,mercedes benz transmission repair,0.0,7.0,0.0,10.86
Queries,259,Queries!A259:E259,mercedes benz workshop dubai,0.0,7.0,0.0,11.71
Queries,260,Queries!A260:E260,mercedes electrical repair,0.0,7.0,0.0,13.86
Queries,261,Queries!A261:E261,nissan repair dubai,0.0,7.0,0.0,13.86
Queries,262,Queries!A262:E262,car oil change service dubai,0.0,7.0,0.0,15.57
Queries,263,Queries!A263:E263,lamborghini servicing,0.0,7.0,0.0,15.86
Queries,264,Queries!A264:E264,rolls royce repair,0.0,7.0,0.0,16.43
Queries,265,Queries!A265:E265,car diagnostic near me,0.0,7.0,0.0,16.71
Queries,266,Queries!A266:E266,ورشة تصليح مينى,0.0,7.0,0.0,18.71
Queries,267,Queries!A267:E267,car body repair history dubai,0.0,7.0,0.0,19.29
Queries,268,Queries!A268:E268,ferrari service centre dubai,0.0,7.0,0.0,19.71
Queries,269,Queries!A269:E269,bugatti service dubai,0.0,7.0,0.0,20.57
Queries,270,Queries!A270:E270,fault code scanning dubai,0.0,7.0,0.0,21.43
Queries,271,Queries!A271:E271,vehicle paint protection film,0.0,7.0,0.0,21.43
Queries,272,Queries!A272:E272,porsche car battery dubai,0.0,7.0,0.0,21.71
Queries,273,Queries!A273:E273,lamborghini service center,0.0,7.0,0.0,21.86
Queries,274,Queries!A274:E274,suspension repair near me,0.0,7.0,0.0,23.86
Queries,275,Queries!A275:E275,oil service dubai,0.0,7.0,0.0,26.57
Queries,276,Queries!A276:E276,protection ceramic,0.0,7.0,0.0,28.0
Queries,277,Queries!A277:E277,nissan near me service,0.0,7.0,0.0,29.57
Queries,278,Queries!A278:E278,rack and pinion gear dubai,0.0,7.0,0.0,30.0
Queries,279,Queries!A279:E279,bmw servicing,0.0,7.0,0.0,31.86
Queries,280,Queries!A280:E280,bmw car battery dubai,0.0,7.0,0.0,32.0
Queries,281,Queries!A281:E281,paint protection film in deira dubai,0.0,7.0,0.0,33.71
Queries,282,Queries!A282:E282,audi repair specialist in dubai,0.0,7.0,0.0,34.43
Queries,283,Queries!A283:E283,oil service,0.0,7.0,0.0,36.86
Queries,284,Queries!A284:E284,car accident repair dubai,0.0,7.0,0.0,38.86
Queries,285,Queries!A285:E285,exhaust repair,0.0,7.0,0.0,41.14
Queries,286,Queries!A286:E286,audi engine repair dubai,0.0,7.0,0.0,42.0
Queries,287,Queries!A287:E287,tire change service dubai,0.0,7.0,0.0,48.71
Queries,288,Queries!A288:E288,ppf dubai,0.0,7.0,0.0,51.0
Queries,289,Queries!A289:E289,chrysler garage near me,0.0,7.0,0.0,52.43
Queries,290,Queries!A290:E290,car servicing in dubai,0.0,7.0,0.0,52.86
Queries,291,Queries!A291:E291,mechanical electrical repair dubai,0.0,7.0,0.0,55.29
Queries,292,Queries!A292:E292,tyre service dubai,0.0,7.0,0.0,59.0
Queries,293,Queries!A293:E293,auto body repair dubai,0.0,7.0,0.0,62.14
Queries,294,Queries!A294:E294,chrysler garage in dubai,0.0,7.0,0.0,67.43
Queries,295,Queries!A295:E295,car exhaust cleaning services,0.0,7.0,0.0,68.43
Queries,296,Queries!A296:E296,chrysler oil change in dubai,0.0,7.0,0.0,70.43
Queries,297,Queries!A297:E297,mercedes repair dubai near me,0.0,6.0,0.0,2.0
Queries,298,Queries!A298:E298,exhaust repair dubai,0.0,6.0,0.0,5.0
Queries,299,Queries!A299:E299,mercedes specialist,0.0,6.0,0.0,6.0
Queries,300,Queries!A300:E300,tec,0.0,6.0,0.0,6.67
Queries,301,Queries!A301:E301,bmw suspension repair,0.0,6.0,0.0,7.83
Queries,302,Queries!A302:E302,auto electrician near me,0.0,6.0,0.0,8.17
Queries,303,Queries!A303:E303,rox 01 soft close,0.0,6.0,0.0,9.0
Queries,304,Queries!A304:E304,bmw diagnostics dubai,0.0,6.0,0.0,9.17
Queries,305,Queries!A305:E305,nissan service booking contact number,0.0,6.0,0.0,10.33
Queries,306,Queries!A306:E306,audi suspension repair dubai,0.0,6.0,0.0,10.67
Queries,307,Queries!A307:E307,mercedes benz workshop,0.0,6.0,0.0,10.67
Queries,308,Queries!A308:E308,brabus 800,0.0,6.0,0.0,11.0
Queries,309,Queries!A309:E309,rolls royce oil change,0.0,6.0,0.0,11.67
Queries,310,Queries!A310:E310,porsche diagnostics dip2,0.0,6.0,0.0,12.17
Queries,311,Queries!A311:E311,صيانة اودي,0.0,6.0,0.0,12.33
Queries,312,Queries!A312:E312,audi repair in dubai,0.0,6.0,0.0,12.5
Queries,313,Queries!A313:E313,car steering repair,0.0,6.0,0.0,13.5
Queries,314,Queries!A314:E314,minor car body repairs,0.0,6.0,0.0,13.5
Queries,315,Queries!A315:E315,ferrari transmission repair,0.0,6.0,0.0,13.67
Queries,316,Queries!A316:E316,professional paint protection film in dubai,0.0,6.0,0.0,13.83
Queries,317,Queries!A317:E317,mclaren service,0.0,6.0,0.0,14.5
Queries,318,Queries!A318:E318,volkswagen workshop dubai,0.0,6.0,0.0,15.33
Queries,319,Queries!A319:E319,exhaust repair near me,0.0,6.0,0.0,15.83
Queries,320,Queries!A320:E320,bently repair,0.0,6.0,0.0,17.67
Queries,321,Queries!A321:E321,mercedes service center,0.0,6.0,0.0,18.17
Queries,322,Queries!A322:E322,bentley transmission repair,0.0,6.0,0.0,18.5
Queries,323,Queries!A323:E323,bentley transmission repair dubai,0.0,6.0,0.0,19.83
Queries,324,Queries!A324:E324,car brake maintenance dubai,0.0,6.0,0.0,23.17
Queries,325,Queries!A325:E325,car diagnostic service dubai,0.0,6.0,0.0,24.83
Queries,326,Queries!A326:E326,mercedes coding,0.0,6.0,0.0,25.33
Queries,327,Queries!A327:E327,nissan authorised service centre near me,0.0,6.0,0.0,26.33
Queries,328,Queries!A328:E328,engine diagnostic dubai,0.0,6.0,0.0,28.17
Queries,329,Queries!A329:E329,mercedes car coding,0.0,6.0,0.0,29.17
Queries,330,Queries!A330:E330,mazda service centers in dubai,0.0,6.0,0.0,31.83
Queries,331,Queries!A331:E331,ford service dubai,0.0,6.0,0.0,32.0
Queries,332,Queries!A332:E332,range rover dent repair,0.0,6.0,0.0,32.33
Queries,333,Queries!A333:E333,chrysler satin al dubai,0.0,6.0,0.0,37.5
Queries,334,Queries!A334:E334,nissan car service cost,0.0,6.0,0.0,44.67
Queries,335,Queries!A335:E335,صيانة بنتلي,0.0,6.0,0.0,50.33
Queries,336,Queries!A336:E336,bentley repair center in dubai,0.0,6.0,0.0,54.83
Queries,337,Queries!A337:E337,paint protection film in naif dubai,0.0,6.0,0.0,56.0
Queries,338,Queries!A338:E338,ford figo reverse camera in dubai,0.0,6.0,0.0,58.67
Queries,339,Queries!A339:E339,global paint protection film,0.0,6.0,0.0,60.33
Queries,340,Queries!A340:E340,tyre change service dubai,0.0,6.0,0.0,66.83
Queries,341,Queries!A341:E341,tyre repair company,0.0,6.0,0.0,69.17
Queries,342,Queries!A342:E342,tyre replacement in dubai,0.0,6.0,0.0,69.5
Queries,343,Queries!A343:E343,car service package dubai,0.0,6.0,0.0,73.17
Queries,344,Queries!A344:E344,ecu scanning service,0.0,5.0,0.0,5.2
Queries,345,Queries!A345:E345,digi tec,0.0,5.0,0.0,6.0
Queries,346,Queries!A346:E346,car tuning near me,0.0,5.0,0.0,7.8
Queries,347,Queries!A347:E347,porsche gearbox repair dubai,0.0,5.0,0.0,8.6
Queries,348,Queries!A348:E348,bentley battery replacement dubai,0.0,5.0,0.0,9.4
Queries,349,Queries!A349:E349,porsche transmission service dubai,0.0,5.0,0.0,9.4
Queries,350,Queries!A350:E350,nissan service center dubai al quoz,0.0,5.0,0.0,10.6
Queries,351,Queries!A351:E351,chevrolet repair specialist,0.0,5.0,0.0,10.8
Queries,352,Queries!A352:E352,lotus service center dubai,0.0,5.0,0.0,10.8
Queries,353,Queries!A353:E353,bmw engine repair dubai,0.0,5.0,0.0,12.0
Queries,354,Queries!A354:E354,porsche clutch repair dubai,0.0,5.0,0.0,12.4
Queries,355,Queries!A355:E355,nissan maintenance dubai,0.0,5.0,0.0,12.6
Queries,356,Queries!A356:E356,hummer service dubai,0.0,5.0,0.0,13.2
Queries,357,Queries!A357:E357,mercedes repairs,0.0,5.0,0.0,13.4
Queries,358,Queries!A358:E358,ferrari care,0.0,5.0,0.0,14.6
Queries,359,Queries!A359:E359,volkswagen ac repair,0.0,5.0,0.0,15.0
Queries,360,Queries!A360:E360,hummer repair dubai,0.0,5.0,0.0,15.2
Queries,361,Queries!A361:E361,range rover transmission repair,0.0,5.0,0.0,15.2
Queries,362,Queries!A362:E362,steering box repair,0.0,5.0,0.0,15.4
Queries,363,Queries!A363:E363,ورشة صيانة اودي,0.0,5.0,0.0,15.6
Queries,364,Queries!A364:E364,cadillac service,0.0,5.0,0.0,16.2
Queries,365,Queries!A365:E365,mclaren transmission repair dubai,0.0,5.0,0.0,16.4
Queries,366,Queries!A366:E366,bmw service centre dubai,0.0,5.0,0.0,16.8
Queries,367,Queries!A367:E367,mb service center,0.0,5.0,0.0,17.6
Queries,368,Queries!A368:E368,ferrari auto body shop,0.0,5.0,0.0,17.8
Queries,369,Queries!A369:E369,nissan workshop dubai,0.0,5.0,0.0,18.4
Queries,370,Queries!A370:E370,jaguar repair dubai,0.0,5.0,0.0,18.6
Queries,371,Queries!A371:E371,pre purchase inspection,0.0,5.0,0.0,18.6
Queries,372,Queries!A372:E372,dodge service dubai,0.0,5.0,0.0,18.8
Queries,373,Queries!A373:E373,audi oil change dubai,0.0,5.0,0.0,19.8
Queries,374,Queries!A374:E374,steering repair,0.0,5.0,0.0,19.8
Queries,375,Queries!A375:E375,lincoln repair abu dhabi,0.0,5.0,0.0,20.0
Queries,376,Queries!A376:E376,volvo service center,0.0,5.0,0.0,21.8
Queries,377,Queries!A377:E377,volvo repair dubai,0.0,5.0,0.0,22.8
Queries,378,Queries!A378:E378,brake inspection dubai,0.0,5.0,0.0,23.0
Queries,379,Queries!A379:E379,car brake services dip,0.0,5.0,0.0,23.2
Queries,380,Queries!A380:E380,aston martin garage dubai,0.0,5.0,0.0,23.6
Queries,381,Queries!A381:E381,auto paint protection film,0.0,5.0,0.0,24.8
Queries,382,Queries!A382:E382,mclaren repair abu dhabi,0.0,5.0,0.0,24.8
Queries,383,Queries!A383:E383,luxury car oil change,0.0,5.0,0.0,27.2
Queries,384,Queries!A384:E384,land rover air suspension problems,0.0,5.0,0.0,30.6
Queries,385,Queries!A385:E385,bmw body shop,0.0,5.0,0.0,30.8
Queries,386,Queries!A386:E386,bentley maintenance dubai,0.0,5.0,0.0,32.6
Queries,387,Queries!A387:E387,car brake maintenance in dubai,0.0,5.0,0.0,34.0
Queries,388,Queries!A388:E388,حماية السيارة دبي,0.0,5.0,0.0,34.2
Queries,389,Queries!A389:E389,ppf film protection,0.0,5.0,0.0,42.2
Queries,390,Queries!A390:E390,ppf paint protection film,0.0,5.0,0.0,42.6
Queries,391,Queries!A391:E391,car engine service dubai,0.0,5.0,0.0,43.6
Queries,392,Queries!A392:E392,car ac refill services dubai,0.0,5.0,0.0,44.8
Queries,393,Queries!A393:E393,mini engine repair,0.0,5.0,0.0,46.6
Queries,394,Queries!A394:E394,ferrari garage in dubai,0.0,5.0,0.0,47.6
Queries,395,Queries!A395:E395,automatic car oil change,0.0,5.0,0.0,62.4
Queries,396,Queries!A396:E396,tyre change service,0.0,5.0,0.0,67.6
Queries,397,Queries!A397:E397,garage in dip,0.0,5.0,0.0,72.6
Queries,398,Queries!A398:E398,mercedes garage in dubai,0.0,4.0,0.0,3.25
Queries,399,Queries!A399:E399,porsche transmission repair dubai,0.0,4.0,0.0,3.75
Queries,400,Queries!A400:E400,audi engine diagnostics,0.0,4.0,0.0,4.25
Queries,401,Queries!A401:E401,porsche panamera repair,0.0,4.0,0.0,4.25
Queries,402,Queries!A402:E402,repair mercedes in uae,0.0,4.0,0.0,5.0
Queries,403,Queries!A403:E403,jaguar workshop,0.0,4.0,0.0,5.25
Queries,404,Queries!A404:E404,porsche battery replacement dubai,0.0,4.0,0.0,5.75
Queries,405,Queries!A405:E405,porsche panamera repair dubai,0.0,4.0,0.0,6.25
Queries,406,Queries!A406:E406,lotus transmission repair dubai,0.0,4.0,0.0,6.75
Queries,407,Queries!A407:E407,range rover transmission repair dubai,0.0,4.0,0.0,6.75
Queries,408,Queries!A408:E408,defender service,0.0,4.0,0.0,7.25
Queries,409,Queries!A409:E409,digital motor workshop,0.0,4.0,0.0,9.0
Queries,410,Queries!A410:E410,range rover maintenance,0.0,4.0,0.0,9.25
Queries,411,Queries!A411:E411,خدمة maserati,0.0,4.0,0.0,9.25
Queries,412,Queries!A412:E412,ford workshop,0.0,4.0,0.0,9.5
Queries,413,Queries!A413:E413,gad tuning,0.0,4.0,0.0,9.5
Queries,414,Queries!A414:E414,brake caliper repair service,0.0,4.0,0.0,9.75
Queries,415,Queries!A415:E415,nissan service appointment,0.0,4.0,0.0,10.0
Queries,416,Queries!A416:E416,خدمة تبديل بطارية السيارة دبي,0.0,4.0,0.0,10.0
Queries,417,Queries!A417:E417,mclaren repair shop,0.0,4.0,0.0,10.25
Queries,418,Queries!A418:E418,bmw specialist dubai,0.0,4.0,0.0,10.5
Queries,419,Queries!A419:E419,audi repair,0.0,4.0,0.0,10.75
Queries,420,Queries!A420:E420,lotus engine repair dubai,0.0,4.0,0.0,12.0
Queries,421,Queries!A421:E421,audi servicing,0.0,4.0,0.0,12.75
Queries,422,Queries!A422:E422,audi body shop dubai,0.0,4.0,0.0,13.25
Queries,423,Queries!A423:E423,genesis service center,0.0,4.0,0.0,13.5
Queries,424,Queries!A424:E424,lamborghini specialist,0.0,4.0,0.0,13.75
Queries,425,Queries!A425:E425,range rover suspension repair,0.0,4.0,0.0,13.75
Queries,426,Queries!A426:E426,ecu diagnostic service,0.0,4.0,0.0,14.0
Queries,427,Queries!A427:E427,lincoln service center dubai,0.0,4.0,0.0,14.5
Queries,428,Queries!A428:E428,air suspension repair,0.0,4.0,0.0,15.0
Queries,429,Queries!A429:E429,mercedes workshop,0.0,4.0,0.0,15.75
Queries,430,Queries!A430:E430,porsche oil change dubai,0.0,4.0,0.0,16.0
Queries,431,Queries!A431:E431,mercedes car service,0.0,4.0,0.0,16.25
Queries,432,Queries!A432:E432,nissan service dubai,0.0,4.0,0.0,16.5
Queries,433,Queries!A433:E433,صيانة maserati,0.0,4.0,0.0,16.75
Queries,434,Queries!A434:E434,ferrari specialist dubai,0.0,4.0,0.0,17.75
Queries,435,Queries!A435:E435,gearbox repair,0.0,4.0,0.0,18.0
Queries,436,Queries!A436:E436,cadillac service dubai,0.0,4.0,0.0,18.25
Queries,437,Queries!A437:E437,oil change in dubai,0.0,4.0,0.0,18.25
Queries,438,Queries!A438:E438,oil change service dubai,0.0,4.0,0.0,18.25
Queries,439,Queries!A439:E439,bmw ac repair,0.0,4.0,0.0,18.5
Queries,440,Queries!A440:E440,mercedes benz oil change,0.0,4.0,0.0,18.5
Queries,441,Queries!A441:E441,bmw brakes repair,0.0,4.0,0.0,19.5
Queries,442,Queries!A442:E442,mercedes service near me,0.0,4.0,0.0,19.5
Queries,443,Queries!A443:E443,ppf coating,0.0,4.0,0.0,20.0
Queries,444,Queries!A444:E444,ford repair dubai,0.0,4.0,0.0,20.25
Queries,445,Queries!A445:E445,jaguar service dubai,0.0,4.0,0.0,21.0
Queries,446,Queries!A446:E446,porsche brake repair dubai,0.0,4.0,0.0,21.0
Queries,447,Queries!A447:E447,brake repair,0.0,4.0,0.0,21.25
Queries,448,Queries!A448:E448,bmw brake repair dubai,0.0,4.0,0.0,21.5
Queries,449,Queries!A449:E449,ferrari repair,0.0,4.0,0.0,21.5
Queries,450,Queries!A450:E450,jaguar service center dubai,0.0,4.0,0.0,22.5
Queries,451,Queries!A451:E451,volkswagen repair,0.0,4.0,0.0,23.0
Queries,452,Queries!A452:E452,aston martin service center,0.0,4.0,0.0,23.75
Queries,453,Queries!A453:E453,nissan service center dubai,0.0,4.0,0.0,25.75
Queries,454,Queries!A454:E454,صيانة دودج,0.0,4.0,0.0,26.25
Queries,455,Queries!A455:E455,car battery replacement dubai,0.0,4.0,0.0,27.25
Queries,456,Queries!A456:E456,bentley suspension repair dubai,0.0,4.0,0.0,29.0
Queries,457,Queries!A457:E457,bmw transmission service,0.0,4.0,0.0,29.25
Queries,458,Queries!A458:E458,car suspension repair near me,0.0,4.0,0.0,30.25
Queries,459,Queries!A459:E459,auto suspension repair,0.0,4.0,0.0,30.75
Queries,460,Queries!A460:E460,car transmission repair dubai,0.0,4.0,0.0,30.75
Queries,461,Queries!A461:E461,ppf paint protection,0.0,4.0,0.0,31.0
Queries,462,Queries!A462:E462,حماية السيارات دبي,0.0,4.0,0.0,31.75
Queries,463,Queries!A463:E463,car body repair dubai,0.0,4.0,0.0,34.5
Queries,464,Queries!A464:E464,audi service in dubai,0.0,4.0,0.0,35.25
Queries,465,Queries!A465:E465,porsche specialist near me dubai,0.0,4.0,0.0,35.75
Queries,466,Queries!A466:E466,porsche turbo service dubai,0.0,4.0,0.0,36.0
Queries,467,Queries!A467:E467,lamborghini service center near me,0.0,4.0,0.0,36.75
Queries,468,Queries!A468:E468,jeep service dubai,0.0,4.0,0.0,39.0
Queries,469,Queries!A469:E469,lamborghini repair in dubai,0.0,4.0,0.0,39.25
Queries,470,Queries!A470:E470,jeep repair dubai,0.0,4.0,0.0,41.25
Queries,471,Queries!A471:E471,car film paint protection,0.0,4.0,0.0,42.75
Queries,472,Queries!A472:E472,porsche specialist dip2,0.0,4.0,0.0,46.0
Queries,473,Queries!A473:E473,ورشة صيانة بنتلي,0.0,4.0,0.0,46.0
Queries,474,Queries!A474:E474,audi service center dubai,0.0,4.0,0.0,46.25
Queries,475,Queries!A475:E475,bentley repairs,0.0,4.0,0.0,47.75
Queries,476,Queries!A476:E476,ferrari specialist,0.0,4.0,0.0,50.75
Queries,477,Queries!A477:E477,premium ppf service dubai,0.0,4.0,0.0,53.25
Queries,478,Queries!A478:E478,car diagnostics dubai hills,0.0,4.0,0.0,55.0
Queries,479,Queries!A479:E479,cadillac service garage dubai,0.0,4.0,0.0,55.5
Queries,480,Queries!A480:E480,كراج تصليح بنتلي,0.0,4.0,0.0,59.75
Queries,481,Queries!A481:E481,luxury car repair dubai,0.0,4.0,0.0,63.25
Queries,482,Queries!A482:E482,best jeep repair dubai,0.0,4.0,0.0,68.5
Queries,483,Queries!A483:E483,ditec dubai,0.0,4.0,0.0,69.0
Queries,484,Queries!A484:E484,best tyre change dubai,0.0,4.0,0.0,74.5
Queries,485,Queries!A485:E485,mercedes repairs in dubai,0.0,3.0,0.0,2.0
Queries,486,Queries!A486:E486,porsche diagnostic dubai,0.0,3.0,0.0,2.0
Queries,487,Queries!A487:E487,gad motors,0.0,3.0,0.0,3.0
Queries,488,Queries!A488:E488,mercedes body repair dubai,0.0,3.0,0.0,3.0
Queries,489,Queries!A489:E489,porsche car service in dubai,0.0,3.0,0.0,3.0
Queries,490,Queries!A490:E490,digi tech,0.0,3.0,0.0,3.33
Queries,491,Queries!A491:E491,alfa romeo workshop,0.0,3.0,0.0,4.0
Queries,492,Queries!A492:E492,gmc transmission repair dubai,0.0,3.0,0.0,5.0
Queries,493,Queries!A493:E493,ecu programming near me,0.0,3.0,0.0,5.33
Queries,494,Queries!A494:E494,cadillac transmission repair dubai,0.0,3.0,0.0,5.67
Queries,495,Queries!A495:E495,digi tech dubai,0.0,3.0,0.0,6.0
Queries,496,Queries!A496:E496,lexus workshop,0.0,3.0,0.0,6.0
Queries,497,Queries!A497:E497,porsche electrical repair dubai,0.0,3.0,0.0,6.33
Queries,498,Queries!A498:E498,audi maintenance,0.0,3.0,0.0,7.33
Queries,499,Queries!A499:E499,fiat service center,0.0,3.0,0.0,7.67
Queries,500,Queries!A500:E500,genesis service center dubai,0.0,3.0,0.0,7.67
Queries,501,Queries!A501:E501,jaguar workshop near me,0.0,3.0,0.0,7.67
Queries,502,Queries!A502:E502,land rover ac repair,0.0,3.0,0.0,8.0
Queries,503,Queries!A503:E503,maybach service center,0.0,3.0,0.0,8.0
Queries,504,Queries!A504:E504,volkswagen inspections,0.0,3.0,0.0,8.0
Queries,505,Queries!A505:E505,lotus service dubai,0.0,3.0,0.0,8.67
Queries,506,Queries!A506:E506,power steering shop,0.0,3.0,0.0,8.67
Queries,507,Queries!A507:E507,488 auto service center,0.0,3.0,0.0,9.0
Queries,508,Queries!A508:E508,ford trucks bodyshop dubai,0.0,3.0,0.0,9.33
Queries,509,Queries!A509:E509,land rover transmission repair,0.0,3.0,0.0,9.33
Queries,510,Queries!A510:E510,rox 01 soft close door,0.0,3.0,0.0,9.33
Queries,511,Queries!A511:E511,bmw transmission repair dubai,0.0,3.0,0.0,9.67
Queries,512,Queries!A512:E512,ferrari body repair,0.0,3.0,0.0,9.67
Queries,513,Queries!A513:E513,mercedes body shop dubai,0.0,3.0,0.0,9.67
Queries,514,Queries!A514:E514,hummer transmission repair dubai,0.0,3.0,0.0,10.0
Queries,515,Queries!A515:E515,mercedes body repair,0.0,3.0,0.0,10.0
Queries,516,Queries!A516:E516,volkswagen ac repair dubai,0.0,3.0,0.0,10.0
Queries,517,Queries!A517:E517,lotus maintenance dubai,0.0,3.0,0.0,10.33
Queries,518,Queries!A518:E518,mazda service - dubai sheikh zayed road -galadari automobiles,0.0,3.0,0.0,10.33
Queries,519,Queries!A519:E519,mazda service -galadari automobiles sharjah,0.0,3.0,0.0,10.33
Queries,520,Queries!A520:E520,volkswagen workshop,0.0,3.0,0.0,10.33
Queries,521,Queries!A521:E521,cadillac suspension repair,0.0,3.0,0.0,10.67
Queries,522,Queries!A522:E522,lamborghini transmission repair dubai,0.0,3.0,0.0,10.67
Queries,523,Queries!A523:E523,nissan service centre al quoz,0.0,3.0,0.0,10.67
Queries,524,Queries!A524:E524,rolls royce transmission repair dubai,0.0,3.0,0.0,10.67
Queries,525,Queries!A525:E525,volkswagen workshop near me,0.0,3.0,0.0,10.67
Queries,526,Queries!A526:E526,volvo service centre,0.0,3.0,0.0,11.0
Queries,527,Queries!A527:E527,benz repair shop,0.0,3.0,0.0,11.33
Queries,528,Queries!A528:E528,car body collision repair,0.0,3.0,0.0,11.33
Queries,529,Queries!A529:E529,gmc repair,0.0,3.0,0.0,11.33
Queries,530,Queries!A530:E530,bently repair dubai,0.0,3.0,0.0,11.67
Queries,531,Queries!A531:E531,lamborghini transmission repair,0.0,3.0,0.0,11.67
Queries,532,Queries!A532:E532,lexus workshop dubai,0.0,3.0,0.0,12.0
Queries,533,Queries!A533:E533,maybach repair,0.0,3.0,0.0,12.0
Queries,534,Queries!A534:E534,chevrolet service center dubai,0.0,3.0,0.0,12.33
Queries,535,Queries!A535:E535,digitech,0.0,3.0,0.0,12.67
Queries,536,Queries!A536:E536,fuel system repair,0.0,3.0,0.0,12.67
Queries,537,Queries!A537:E537,mclaren service center dubai,0.0,3.0,0.0,12.67
Queries,538,Queries!A538:E538,chevrolet service dubai,0.0,3.0,0.0,13.33
Queries,539,Queries!A539:E539,nissan workshop,0.0,3.0,0.0,14.33
Queries,540,Queries!A540:E540,porsche oil change,0.0,3.0,0.0,15.0
Queries,541,Queries!A541:E541,صيانة مازدا دبي,0.0,3.0,0.0,15.0
Queries,542,Queries!A542:E542,mercedes ac repair dubai,0.0,3.0,0.0,15.67
Queries,543,Queries!A543:E543,bmw dubai service,0.0,3.0,0.0,16.0
Queries,544,Queries!A544:E544,power steering repair,0.0,3.0,0.0,16.0
Queries,545,Queries!A545:E545,aston martin body shop,0.0,3.0,0.0,16.33
Queries,546,Queries!A546:E546,bmw brake service dubai,0.0,3.0,0.0,17.0
Queries,547,Queries!A547:E547,mercedes benz repair shop,0.0,3.0,0.0,17.33
Queries,548,Queries!A548:E548,aston martin transmission repair,0.0,3.0,0.0,17.67
Queries,549,Queries!A549:E549,brake service,0.0,3.0,0.0,17.67
Queries,550,Queries!A550:E550,nissan service booking,0.0,3.0,0.0,17.67
Queries,551,Queries!A551:E551,jaguar repair,0.0,3.0,0.0,18.0
Queries,552,Queries!A552:E552,cadillac engine repair dubai,0.0,3.0,0.0,18.33
Queries,553,Queries!A553:E553,audi maintenance dubai,0.0,3.0,0.0,18.67
Queries,554,Queries!A554:E554,car power steering repair in abu dhabi,0.0,3.0,0.0,19.0
Queries,555,Queries!A555:E555,bmw suspension repair dubai,0.0,3.0,0.0,19.33
Queries,556,Queries!A556:E556,porsche panamera service dubai,0.0,3.0,0.0,19.33
Queries,557,Queries!A557:E557,bmw brake repair,0.0,3.0,0.0,19.67
Queries,558,Queries!A558:E558,mercedes tuning,0.0,3.0,0.0,20.0
Queries,559,Queries!A559:E559,cadillac service center dubai,0.0,3.0,0.0,20.33
Queries,560,Queries!A560:E560,cadillac repair,0.0,3.0,0.0,20.67
Queries,561,Queries!A561:E561,nissan auto repair,0.0,3.0,0.0,20.67
Queries,562,Queries!A562:E562,car battery replacement in dubai,0.0,3.0,0.0,21.0
Queries,563,Queries!A563:E563,mazda repair dubai,0.0,3.0,0.0,21.33
Queries,564,Queries!A564:E564,dodge repair dubai,0.0,3.0,0.0,22.33
Queries,565,Queries!A565:E565,engine oil change dubai,0.0,3.0,0.0,22.33
Queries,566,Queries!A566:E566,porsche performance tuning dubai,0.0,3.0,0.0,22.33
Queries,567,Queries!A567:E567,nissan body shop,0.0,3.0,0.0,23.33
Queries,568,Queries!A568:E568,porsche repair in dubai,0.0,3.0,0.0,24.67
Queries,569,Queries!A569:E569,aston martin oil change dubai,0.0,3.0,0.0,25.67
Queries,570,Queries!A570:E570,mazda service center dubai,0.0,3.0,0.0,25.67
Queries,571,Queries!A571:E571,gmc service center,0.0,3.0,0.0,26.0
Queries,572,Queries!A572:E572,car paint protection in dubai,0.0,3.0,0.0,26.67
Queries,573,Queries!A573:E573,volvo service dubai,0.0,3.0,0.0,27.33
Queries,574,Queries!A574:E574,volkswagen car service in dubai,0.0,3.0,0.0,28.67
Queries,575,Queries!A575:E575,hummer garage dubai,0.0,3.0,0.0,30.0
Queries,576,Queries!A576:E576,aston martin service,0.0,3.0,0.0,30.33
Queries,577,Queries!A577:E577,معلومات خدمة maserati,0.0,3.0,0.0,33.0
Queries,578,Queries!A578:E578,volvo service in dubai,0.0,3.0,0.0,33.67
Queries,579,Queries!A579:E579,rolls royce engine repair,0.0,3.0,0.0,35.33
Queries,580,Queries!A580:E580,lamborghini dubai service center,0.0,3.0,0.0,36.0
Queries,581,Queries!A581:E581,gear box repair,0.0,3.0,0.0,37.33
Queries,582,Queries!A582:E582,cadillac repair garage dubai,0.0,3.0,0.0,37.67
Queries,583,Queries!A583:E583,porsche service dip2 dubai,0.0,3.0,0.0,37.67
Queries,584,Queries!A584:E584,land rover car battery,0.0,3.0,0.0,39.67
Queries,585,Queries!A585:E585,bmw i8 service dubai,0.0,3.0,0.0,40.0
Queries,586,Queries!A586:E586,volvo car repair in dubai,0.0,3.0,0.0,40.33
Queries,587,Queries!A587:E587,ford car garage in dubai,0.0,3.0,0.0,40.67
Queries,588,Queries!A588:E588,صيانة جاكوار في الامارات,0.0,3.0,0.0,41.0
Queries,589,Queries!A589:E589,paint protection film service dubai,0.0,3.0,0.0,41.67
Queries,590,Queries!A590:E590,jeep repair in dubai,0.0,3.0,0.0,42.67
Queries,591,Queries!A591:E591,ceramic coating over paint protection film price in uae,0.0,3.0,0.0,45.0
Queries,592,Queries!A592:E592,jeep service center,0.0,3.0,0.0,45.0
Queries,593,Queries!A593:E593,paint protection film service in dubai,0.0,3.0,0.0,45.33
Queries,594,Queries!A594:E594,new car paint protection film,0.0,3.0,0.0,45.67
Queries,595,Queries!A595:E595,jeep service,0.0,3.0,0.0,46.0
Queries,596,Queries!A596:E596,paint protection film service,0.0,3.0,0.0,46.33
Queries,597,Queries!A597:E597,افضل مركز صيانة لينكولن,0.0,3.0,0.0,46.33
Queries,598,Queries!A598:E598,audi a8 repair dubai,0.0,3.0,0.0,48.67
Queries,599,Queries!A599:E599,gmc engine repair abu dhabi,0.0,3.0,0.0,48.67
Queries,600,Queries!A600:E600,porsche car battery,0.0,3.0,0.0,48.67
Queries,601,Queries!A601:E601,porsche gt3 service dubai,0.0,3.0,0.0,49.33
Queries,602,Queries!A602:E602,bentley service center,0.0,3.0,0.0,51.67
Queries,603,Queries!A603:E603,range rover body repair dubai,0.0,3.0,0.0,52.0
Queries,604,Queries!A604:E604,mercedes sound system upgrade in dubai,0.0,3.0,0.0,54.0
Queries,605,Queries!A605:E605,bentley car service in dubai,0.0,3.0,0.0,54.33
Queries,606,Queries!A606:E606,bmw oil change service,0.0,3.0,0.0,54.67
Queries,607,Queries!A607:E607,tire changes,0.0,3.0,0.0,63.0
Queries,608,Queries!A608:E608,cadillac specialist garage,0.0,3.0,0.0,66.0
Queries,609,Queries!A609:E609,auto air con,0.0,3.0,0.0,68.67
Queries,610,Queries!A610:E610,best paint protection film al murar,0.0,3.0,0.0,70.0
Queries,611,Queries!A611:E611,best cadillac repair garage dubai,0.0,3.0,0.0,79.0
Queries,612,Queries!A612:E612,tyre change uae,0.0,3.0,0.0,88.0
Queries,613,Queries!A613:E613,ferrari ac service dubai,0.0,2.0,0.0,2.0
Queries,614,Queries!A614:E614,mercedes auto repair​ in dubai,0.0,2.0,0.0,2.0
Queries,615,Queries!A615:E615,mercedes major service dubai,0.0,2.0,0.0,2.0
Queries,616,Queries!A616:E616,mercedes repair shops dubai,0.0,2.0,0.0,2.0
Queries,617,Queries!A617:E617,mercedes exhaust repair,0.0,2.0,0.0,2.5
Queries,618,Queries!A618:E618,porsche steering repair dubai,0.0,2.0,0.0,2.5
Queries,619,Queries!A619:E619,porsche engine diagnostics,0.0,2.0,0.0,3.0
Queries,620,Queries!A620:E620,ferrari transmission repair dubai,0.0,2.0,0.0,3.5
Queries,621,Queries!A621:E621,mercedes car service dubai,0.0,2.0,0.0,3.5
Queries,622,Queries!A622:E622,car coating dubai,0.0,2.0,0.0,4.0
Queries,623,Queries!A623:E623,mercedes minor service dubai,0.0,2.0,0.0,4.0
Queries,624,Queries!A624:E624,mercedes repair near me,0.0,2.0,0.0,4.0
Queries,625,Queries!A625:E625,mercedes-benz engine repair,0.0,2.0,0.0,4.0
Queries,626,Queries!A626:E626,ecu tuning near me,0.0,2.0,0.0,4.5
Queries,627,Queries!A627:E627,aston martin service centre,0.0,2.0,0.0,5.0
Queries,628,Queries!A628:E628,ferrari repair near me,0.0,2.0,0.0,5.5
Queries,629,Queries!A629:E629,bmw transmission repair in dubai,0.0,2.0,0.0,6.0
Queries,630,Queries!A630:E630,brake services,0.0,2.0,0.0,6.0
Queries,631,Queries!A631:E631,land rover workshop,0.0,2.0,0.0,6.0
Queries,632,Queries!A632:E632,mercedes dubai service,0.0,2.0,0.0,6.0
Queries,633,Queries!A633:E633,mercedes steering repair,0.0,2.0,0.0,6.0
Queries,634,Queries!A634:E634,oil change mercedes,0.0,2.0,0.0,6.0
Queries,635,Queries!A635:E635,porsche diagnostics dubai,0.0,2.0,0.0,6.0
Queries,636,Queries!A636:E636,maybach repair dubai,0.0,2.0,0.0,6.5
Queries,637,Queries!A637:E637,mercedes benz auto repair​ in dubai,0.0,2.0,0.0,6.5
Queries,638,Queries!A638:E638,chevrolet workshop dubai,0.0,2.0,0.0,7.0
Queries,639,Queries!A639:E639,ford trucks workshop dubai,0.0,2.0,0.0,7.0
Queries,640,Queries!A640:E640,byd oil change,0.0,2.0,0.0,7.5
Queries,641,Queries!A641:E641,mercedes dubai service center,0.0,2.0,0.0,7.5
Queries,642,Queries!A642:E642,steering rack repair,0.0,2.0,0.0,7.5
Queries,643,Queries!A643:E643,bmw electrical repair,0.0,2.0,0.0,8.0
Queries,644,Queries!A644:E644,car programming near me,0.0,2.0,0.0,8.0
Queries,645,Queries!A645:E645,manual gearbox repair,0.0,2.0,0.0,8.0
Queries,646,Queries!A646:E646,porsche suspension repair,0.0,2.0,0.0,8.0
Queries,647,Queries!A647:E647,tesla tyre repair,0.0,2.0,0.0,8.0
Queries,648,Queries!A648:E648,minor body repair,0.0,2.0,0.0,8.5
Queries,649,Queries!A649:E649,air suspension repair near me,0.0,2.0,0.0,9.0
Queries,650,Queries!A650:E650,bmw engine repair in dubai,0.0,2.0,0.0,9.0
Queries,651,Queries!A651:E651,ferrari workshop,0.0,2.0,0.0,9.0
Queries,652,Queries!A652:E652,lexus workshop near me,0.0,2.0,0.0,9.0
Queries,653,Queries!A653:E653,maybach service center dubai,0.0,2.0,0.0,9.0
Queries,654,Queries!A654:E654,toyota aircon service,0.0,2.0,0.0,9.0
Queries,655,Queries!A655:E655,volkswagen inspection,0.0,2.0,0.0,9.0
Queries,656,Queries!A656:E656,ورشة سيارات قريبة مني,0.0,2.0,0.0,9.0
Queries,657,Queries!A657:E657,mercedes independent service,0.0,2.0,0.0,9.5
Queries,658,Queries!A658:E658,bmw body shop dubai,0.0,2.0,0.0,10.0
Queries,659,Queries!A659:E659,car electronics repair shop near me,0.0,2.0,0.0,10.0
Queries,660,Queries!A660:E660,car steering repair dubai,0.0,2.0,0.0,10.0
Queries,661,Queries!A661:E661,mercedes benz electrical repair,0.0,2.0,0.0,10.0
Queries,662,Queries!A662:E662,range rover workshop near me,0.0,2.0,0.0,10.0
Queries,663,Queries!A663:E663,tuning shops near me,0.0,2.0,0.0,10.0
Queries,664,Queries!A664:E664,bmw x5 service dubai,0.0,2.0,0.0,10.5
Queries,665,Queries!A665:E665,mercedes brake service dubai,0.0,2.0,0.0,10.5
Queries,666,Queries!A666:E666,range rover repair,0.0,2.0,0.0,10.5
Queries,667,Queries!A667:E667,gmc maintenance dubai,0.0,2.0,0.0,11.0
Queries,668,Queries!A668:E668,nissan appointment service,0.0,2.0,0.0,11.0
Queries,669,Queries!A669:E669,nissan car service appointment,0.0,2.0,0.0,11.0
Queries,670,Queries!A670:E670,tire repair near me,0.0,2.0,0.0,11.0
Queries,671,Queries!A671:E671,ضمان سيارة بنتلي,0.0,2.0,0.0,11.0
Queries,672,Queries!A672:E672,nissan body repair,0.0,2.0,0.0,11.5
Queries,673,Queries!A673:E673,nissan service booking dubai,0.0,2.0,0.0,11.5
Queries,674,Queries!A674:E674,porsche dubai service,0.0,2.0,0.0,11.5
Queries,675,Queries!A675:E675,porsche servicing,0.0,2.0,0.0,11.5
Queries,676,Queries!A676:E676,porsche specialist,0.0,2.0,0.0,11.5
Queries,677,Queries!A677:E677,bmw air conditioning repair,0.0,2.0,0.0,12.0
Queries,678,Queries!A678:E678,porsche battery service dubai,0.0,2.0,0.0,12.0
Queries,679,Queries!A679:E679,audi repairs dubai,0.0,2.0,0.0,12.5
Queries,680,Queries!A680:E680,bugatti service center dubai,0.0,2.0,0.0,12.5
Queries,681,Queries!A681:E681,inspection audi,0.0,2.0,0.0,12.5
Queries,682,Queries!A682:E682,mercedes engine tuning,0.0,2.0,0.0,12.5
Queries,683,Queries!A683:E683,mercedes transmission service,0.0,2.0,0.0,12.5
Queries,684,Queries!A684:E684,porsche transmission service,0.0,2.0,0.0,12.5
Queries,685,Queries!A685:E685,subaru service,0.0,2.0,0.0,12.5
Queries,686,Queries!A686:E686,tesla tyre replacement,0.0,2.0,0.0,12.5
Queries,687,Queries!A687:E687,benz service center,0.0,2.0,0.0,13.0
Queries,688,Queries!A688:E688,gmc repair dubai,0.0,2.0,0.0,14.0
Queries,689,Queries!A689:E689,nissan dubai service,0.0,2.0,0.0,14.0
Queries,690,Queries!A690:E690,aston martin opening hours,0.0,2.0,0.0,14.5
Queries,691,Queries!A691:E691,fuel pump servicing,0.0,2.0,0.0,14.5
Queries,692,Queries!A692:E692,audi oil change,0.0,2.0,0.0,15.0
Queries,693,Queries!A693:E693,collision repair service,0.0,2.0,0.0,15.0
Queries,694,Queries!A694:E694,jaguar service,0.0,2.0,0.0,15.0
Queries,695,Queries!A695:E695,aston martin specialist,0.0,2.0,0.0,15.5
Queries,696,Queries!A696:E696,tire repair service,0.0,2.0,0.0,15.5
Queries,697,Queries!A697:E697,volkswagen service,0.0,2.0,0.0,15.5
Queries,698,Queries!A698:E698,aston martin ac repair,0.0,2.0,0.0,16.0
Queries,699,Queries!A699:E699,collision repair,0.0,2.0,0.0,16.0
Queries,700,Queries!A700:E700,jaguar service center,0.0,2.0,0.0,16.0
Queries,701,Queries!A701:E701,fuel pump repair shop,0.0,2.0,0.0,16.5
Queries,702,Queries!A702:E702,land rover accident repair,0.0,2.0,0.0,16.5
Queries,703,Queries!A703:E703,porsche tuning dubai,0.0,2.0,0.0,16.5
Queries,704,Queries!A704:E704,volkswagen maintenance dubai,0.0,2.0,0.0,16.5
Queries,705,Queries!A705:E705,aston martin service center near me,0.0,2.0,0.0,17.0
Queries,706,Queries!A706:E706,audi ac repair dubai,0.0,2.0,0.0,17.0
Queries,707,Queries!A707:E707,chip tuning dubai,0.0,2.0,0.0,17.0
Queries,708,Queries!A708:E708,gear box repair services in dubai,0.0,2.0,0.0,17.0
Queries,709,Queries!A709:E709,mclaren service center near me,0.0,2.0,0.0,17.0
Queries,710,Queries!A710:E710,cadillac maintenance dubai,0.0,2.0,0.0,17.5
Queries,711,Queries!A711:E711,ferrari service center al quoz,0.0,2.0,0.0,17.5
Queries,712,Queries!A712:E712,mini repair dubai,0.0,2.0,0.0,17.5
Queries,713,Queries!A713:E713,suspension repair cost,0.0,2.0,0.0,17.5
Queries,714,Queries!A714:E714,lexus service dubai,0.0,2.0,0.0,18.0
Queries,715,Queries!A715:E715,volvo service center dubai,0.0,2.0,0.0,18.0
Queries,716,Queries!A716:E716,تكييف السيارة مو بارد دبي,0.0,2.0,0.0,18.0
Queries,717,Queries!A717:E717,car steering repair in al quoz,0.0,2.0,0.0,18.5
Queries,718,Queries!A718:E718,mercedes service centre,0.0,2.0,0.0,18.5
Queries,719,Queries!A719:E719,steering system repair,0.0,2.0,0.0,18.5
Queries,720,Queries!A720:E720,car diagnostics dubai,0.0,2.0,0.0,19.0
Queries,721,Queries!A721:E721,porsche body repair,0.0,2.0,0.0,19.0
Queries,722,Queries!A722:E722,best mercedes garage in dubai,0.0,2.0,0.0,20.0
Queries,723,Queries!A723:E723,ضبط زوايا العجلات دبي,0.0,2.0,0.0,20.0
Queries,724,Queries!A724:E724,engine performance tuning,0.0,2.0,0.0,20.5
Queries,725,Queries!A725:E725,cadillac service in dubai,0.0,2.0,0.0,21.0
Queries,726,Queries!A726:E726,land rover car battery dubai,0.0,2.0,0.0,21.0
Queries,727,Queries!A727:E727,cadillac ac repair,0.0,2.0,0.0,21.5
Queries,728,Queries!A728:E728,change oil,0.0,2.0,0.0,22.0
Queries,729,Queries!A729:E729,volkswagen service dubai,0.0,2.0,0.0,22.5
Queries,730,Queries!A730:E730,best aston martin service center dubai,0.0,2.0,0.0,23.0
Queries,731,Queries!A731:E731,best mercedes repair,0.0,2.0,0.0,23.0
Queries,732,Queries!A732:E732,تبديل بطارية السيارة في دبي,0.0,2.0,0.0,23.0
Queries,733,Queries!A733:E733,mclaren specialist,0.0,2.0,0.0,23.5
Queries,734,Queries!A734:E734,mazda service dubai,0.0,2.0,0.0,24.0
Queries,735,Queries!A735:E735,range rover specialist dubai,0.0,2.0,0.0,24.0
Queries,736,Queries!A736:E736,car engine oil change dubai,0.0,2.0,0.0,24.5
Queries,737,Queries!A737:E737,land rover car battery uae,0.0,2.0,0.0,24.5
Queries,738,Queries!A738:E738,mazda service centers,0.0,2.0,0.0,24.5
Queries,739,Queries!A739:E739,mechanical repair,0.0,2.0,0.0,24.5
Queries,740,Queries!A740:E740,جيتور سيرفس,0.0,2.0,0.0,24.5
Queries,741,Queries!A741:E741,nissan magnite service centre near me,0.0,2.0,0.0,25.0
Queries,742,Queries!A742:E742,فريق خدمة عملاء جيتور,0.0,2.0,0.0,25.0
Queries,743,Queries!A743:E743,amg performance tuning,0.0,2.0,0.0,25.5
Queries,744,Queries!A744:E744,car brake repair,0.0,2.0,0.0,26.0
Queries,745,Queries!A745:E745,volkswagen service center dubai,0.0,2.0,0.0,26.0
Queries,746,Queries!A746:E746,vw service center dubai,0.0,2.0,0.0,26.0
Queries,747,Queries!A747:E747,ford service center,0.0,2.0,0.0,26.5
Queries,748,Queries!A748:E748,gmc car service dubai,0.0,2.0,0.0,26.5
Queries,749,Queries!A749:E749,best mclaren service center dubai,0.0,2.0,0.0,27.0
Queries,750,Queries!A750:E750,ford car service in dubai,0.0,2.0,0.0,27.0
Queries,751,Queries!A751:E751,infiniti repair dubai,0.0,2.0,0.0,27.0
Queries,752,Queries!A752:E752,lincoln car service specialist dubai,0.0,2.0,0.0,27.0
Queries,753,Queries!A753:E753,rolls royce suspension repair,0.0,2.0,0.0,27.0
Queries,754,Queries!A754:E754,tesla upgrade service dubai,0.0,2.0,0.0,27.0
Queries,755,Queries!A755:E755,مركز خدمات جيتور دبي الديرة,0.0,2.0,0.0,27.0
Queries,756,Queries!A756:E756,steering wheel restoration dubai,0.0,2.0,0.0,27.5
Queries,757,Queries!A757:E757,volkswagen repair dubai,0.0,2.0,0.0,27.5
Queries,758,Queries!A758:E758,vw repair dubai,0.0,2.0,0.0,27.5
Queries,759,Queries!A759:E759,engine oil change service,0.0,2.0,0.0,28.0
Queries,760,Queries!A760:E760,mclaren service abu dhabi,0.0,2.0,0.0,28.5
Queries,761,Queries!A761:E761,mitsubishi service dubai,0.0,2.0,0.0,28.5
Queries,762,Queries!A762:E762,صيانة جاكوار,0.0,2.0,0.0,28.5
Queries,763,Queries!A763:E763,infiniti service center dubai,0.0,2.0,0.0,29.0
Queries,764,Queries!A764:E764,mazda workshop,0.0,2.0,0.0,29.0
Queries,765,Queries!A765:E765,suspension repairs near me,0.0,2.0,0.0,29.0
Queries,766,Queries!A766:E766,dodge service center dubai,0.0,2.0,0.0,29.5
Queries,767,Queries!A767:E767,nissan service center dubai deira,0.0,2.0,0.0,29.5
Queries,768,Queries!A768:E768,check engine light diagnostic cost,0.0,2.0,0.0,30.0
Queries,769,Queries!A769:E769,car electrical fault repair in dubai,0.0,2.0,0.0,30.5
Queries,770,Queries!A770:E770,brakes repair,0.0,2.0,0.0,31.5
Queries,771,Queries!A771:E771,gmc car service center,0.0,2.0,0.0,32.0
Queries,772,Queries!A772:E772,volvo oil change in dubai,0.0,2.0,0.0,32.0
Queries,773,Queries!A773:E773,ford car service specialist dubai,0.0,2.0,0.0,32.5
Queries,774,Queries!A774:E774,mercedes repair specialist near me,0.0,2.0,0.0,32.5
Queries,775,Queries!A775:E775,puncture repair dubai,0.0,2.0,0.0,32.5
Queries,776,Queries!A776:E776,تغيير زيت السيارة في دبي,0.0,2.0,0.0,33.5
Queries,777,Queries!A777:E777,صيانة لينكون,0.0,2.0,0.0,33.5
Queries,778,Queries!A778:E778,صيانة لينكون ابوظبي,0.0,2.0,0.0,33.5
Queries,779,Queries!A779:E779,pagani repair dubai,0.0,2.0,0.0,34.5
Queries,780,Queries!A780:E780,porsche repair jumeirah,0.0,2.0,0.0,34.5
Queries,781,Queries!A781:E781,nissan service center deira,0.0,2.0,0.0,35.0
Queries,782,Queries!A782:E782,porsche service jumeirah,0.0,2.0,0.0,35.5
Queries,783,Queries!A783:E783,porsche diagnostic service,0.0,2.0,0.0,36.0
Queries,784,Queries!A784:E784,bmw oil change dubai,0.0,2.0,0.0,36.5
Queries,785,Queries!A785:E785,lotus service abu dhabi,0.0,2.0,0.0,36.5
Queries,786,Queries!A786:E786,volvo garage dubai,0.0,2.0,0.0,37.5
Queries,787,Queries!A787:E787,vw repair,0.0,2.0,0.0,37.5
Queries,788,Queries!A788:E788,car brake service,0.0,2.0,0.0,38.0
Queries,789,Queries!A789:E789,european car diagnostics,0.0,2.0,0.0,38.0
Queries,790,Queries!A790:E790,صيانة مرسيدس بنز,0.0,2.0,0.0,38.0
Queries,791,Queries!A791:E791,ford repair shop near me,0.0,2.0,0.0,38.5
Queries,792,Queries!A792:E792,ppf coating dubai,0.0,2.0,0.0,38.5
Queries,793,Queries!A793:E793,porsche repair deira,0.0,2.0,0.0,39.0
Queries,794,Queries!A794:E794,صيانة مرسيدس,0.0,2.0,0.0,39.0
Queries,795,Queries!A795:E795,ford repair specialist,0.0,2.0,0.0,40.0
Queries,796,Queries!A796:E796,lamborghini car service in dubai,0.0,2.0,0.0,40.0
Queries,797,Queries!A797:E797,performance tuning shop,0.0,2.0,0.0,40.0
Queries,798,Queries!A798:E798,porsche service dubai marina,0.0,2.0,0.0,40.0
Queries,799,Queries!A799:E799,audi service centre dubai,0.0,2.0,0.0,40.5
Queries,800,Queries!A800:E800,gearbox repair near me,0.0,2.0,0.0,40.5
Queries,801,Queries!A801:E801,audi specialists,0.0,2.0,0.0,41.0
Queries,802,Queries!A802:E802,vw repair specialist,0.0,2.0,0.0,41.0
Queries,803,Queries!A803:E803,porsche targa service dubai,0.0,2.0,0.0,42.5
Queries,804,Queries!A804:E804,ppf coating for car,0.0,2.0,0.0,42.5
Queries,805,Queries!A805:E805,car body fix,0.0,2.0,0.0,44.0
Queries,806,Queries!A806:E806,eletronic drive repair services in uae,0.0,2.0,0.0,45.0
Queries,807,Queries!A807:E807,ford car service dubai,0.0,2.0,0.0,45.5
Queries,808,Queries!A808:E808,porsche service al barsha,0.0,2.0,0.0,45.5
Queries,809,Queries!A809:E809,porsche specialist near motor city,0.0,2.0,0.0,45.5
Queries,810,Queries!A810:E810,bentley engine repair dubai,0.0,2.0,0.0,46.0
Queries,811,Queries!A811:E811,self healing paint protection film,0.0,2.0,0.0,46.0
Queries,812,Queries!A812:E812,car brake maintenance in uae,0.0,2.0,0.0,46.5
Queries,813,Queries!A813:E813,porsche service near motor city,0.0,2.0,0.0,46.5
Queries,814,Queries!A814:E814,كيفية شراء maserati,0.0,2.0,0.0,47.0
Queries,815,Queries!A815:E815,car diagnostic,0.0,2.0,0.0,47.5
Queries,816,Queries!A816:E816,تصليح بنتلى ابوظبي,0.0,2.0,0.0,47.5
Queries,817,Queries!A817:E817,mercedes gearbox service,0.0,2.0,0.0,48.5
Queries,818,Queries!A818:E818,pal platina dip,0.0,2.0,0.0,48.5
Queries,819,Queries!A819:E819,best service for jaguar in dubai,0.0,2.0,0.0,49.0
Queries,820,Queries!A820:E820,best range rover workshop in dubai,0.0,2.0,0.0,50.0
Queries,821,Queries!A821:E821,aston martin repair abu dhabi,0.0,2.0,0.0,50.5
Queries,822,Queries!A822:E822,audi gearbox specialist near me,0.0,2.0,0.0,51.5
Queries,823,Queries!A823:E823,رمز maserati,0.0,2.0,0.0,52.0
Queries,824,Queries!A824:E824,tyre repair in dubai,0.0,2.0,0.0,55.5
Queries,825,Queries!A825:E825,car exhaust repair,0.0,2.0,0.0,56.5
Queries,826,Queries!A826:E826,صيانة سيارات فورد,0.0,2.0,0.0,56.5
Queries,827,Queries!A827:E827,tyre replacemnent dubai,0.0,2.0,0.0,57.0
Queries,828,Queries!A828:E828,ppf car protection dubai,0.0,2.0,0.0,58.0
Queries,829,Queries!A829:E829,audi transmission repair abu dhabi,0.0,2.0,0.0,60.0
Queries,830,Queries!A830:E830,paint prtection,0.0,2.0,0.0,61.0
Queries,831,Queries!A831:E831,suspension alignment dubai,0.0,2.0,0.0,62.5
Queries,832,Queries!A832:E832,porsche wheel alignment dubai,0.0,2.0,0.0,63.0
Queries,833,Queries!A833:E833,تصليح تكييف السيارة في دبي,0.0,2.0,0.0,63.5
Queries,834,Queries!A834:E834,porsche brake service dubai,0.0,2.0,0.0,67.0
Queries,835,Queries!A835:E835,تصليح تعليق السيارة في دبي,0.0,2.0,0.0,68.0
Queries,836,Queries!A836:E836,european car specialist dubai,0.0,2.0,0.0,69.0
Queries,837,Queries!A837:E837,exhaust system dubai,0.0,2.0,0.0,70.5
Queries,838,Queries!A838:E838,porsche major service dubai,0.0,2.0,0.0,73.0
Queries,839,Queries!A839:E839,diesel engine repair services in dubai uae,0.0,2.0,0.0,74.0
Queries,840,Queries!A840:E840,professional ppf service dubai,0.0,2.0,0.0,74.0
Queries,841,Queries!A841:E841,instrument cluster repair,0.0,2.0,0.0,75.0
Queries,842,Queries!A842:E842,affordable diesel engine repair and maintenance services in dubai,0.0,2.0,0.0,79.0
Queries,843,Queries!A843:E843,car tyre change in dubai,0.0,2.0,0.0,79.5
Queries,844,Queries!A844:E844,porsche engine repair dubai,0.0,2.0,0.0,79.5
Queries,845,Queries!A845:E845,tyre changing service,0.0,2.0,0.0,88.5
Queries,846,Queries!A846:E846,328,0.0,1.0,0.0,1.0
Queries,847,Queries!A847:E847,digi of car in english,0.0,1.0,0.0,1.0
Queries,848,Queries!A848:E848,digitec services,0.0,1.0,0.0,1.0
Queries,849,Queries!A849:E849,digutec,0.0,1.0,0.0,1.0
Queries,850,Queries!A850:E850,emission test near me,0.0,1.0,0.0,1.0
Queries,851,Queries!A851:E851,lincoln oil change in dubai,0.0,1.0,0.0,1.0
Queries,852,Queries!A852:E852,performance,0.0,1.0,0.0,1.0
Queries,853,Queries!A853:E853,performance center,0.0,1.0,0.0,1.0
Queries,854,Queries!A854:E854,repairing,0.0,1.0,0.0,1.0
Queries,855,Queries!A855:E855,tech performance,0.0,1.0,0.0,1.0
Queries,856,Queries!A856:E856,نعم زودني,0.0,1.0,0.0,1.0
Queries,857,Queries!A857:E857,bmw body repair,0.0,1.0,0.0,2.0
Queries,858,Queries!A858:E858,exhaust repair shop near me,0.0,1.0,0.0,2.0
Queries,859,Queries!A859:E859,how is the performance,0.0,1.0,0.0,2.0
Queries,860,Queries!A860:E860,hydraulic steering troubleshooting services,0.0,1.0,0.0,2.0
Queries,861,Queries!A861:E861,lexus car repair garages in dubai,0.0,1.0,0.0,2.0
Queries,862,Queries!A862:E862,mercedes benz engine repair,0.0,1.0,0.0,2.0
Queries,863,Queries!A863:E863,mercedes brake repair dubai,0.0,1.0,0.0,2.0
Queries,864,Queries!A864:E864,mercedes mechanics,0.0,1.0,0.0,2.0
Queries,865,Queries!A865:E865,range rover service dubai,0.0,1.0,0.0,2.0
Queries,866,Queries!A866:E866,tire shops dubai,0.0,1.0,0.0,2.0
Queries,867,Queries!A867:E867,الميكانيكي,0.0,1.0,0.0,2.0
Queries,868,Queries!A868:E868,في الامارت,0.0,1.0,0.0,2.0
Queries,869,Queries!A869:E869,2015 mod,0.0,1.0,0.0,3.0
Queries,870,Queries!A870:E870,2024 land rover defender,0.0,1.0,0.0,3.0
Queries,871,Queries!A871:E871,car exhaust,0.0,1.0,0.0,3.0
Queries,872,Queries!A872:E872,car oil change service,0.0,1.0,0.0,3.0
Queries,873,Queries!A873:E873,dijitech,0.0,1.0,0.0,3.0
Queries,874,Queries!A874:E874,independent workshop,0.0,1.0,0.0,3.0
Queries,875,Queries!A875:E875,mazda 6 2020 model,0.0,1.0,0.0,3.0
Queries,876,Queries!A876:E876,mercedes brake repair,0.0,1.0,0.0,3.0
Queries,877,Queries!A877:E877,porsche service in dubai,0.0,1.0,0.0,3.0
Queries,878,Queries!A878:E878,power steering repair shop,0.0,1.0,0.0,3.0
Queries,879,Queries!A879:E879,range rover air suspension repair,0.0,1.0,0.0,3.0
Queries,880,Queries!A880:E880,range rover car repair in dubai,0.0,1.0,0.0,3.0
Queries,881,Queries!A881:E881,soft close mechanism,0.0,1.0,0.0,3.0
Queries,882,Queries!A882:E882,spider,0.0,1.0,0.0,3.0
Queries,883,Queries!A883:E883,what about maintenance,0.0,1.0,0.0,3.0
Queries,884,Queries!A884:E884,الحل,0.0,1.0,0.0,3.0
Queries,885,Queries!A885:E885,chevrolet workshop,0.0,1.0,0.0,4.0
Queries,886,Queries!A886:E886,ev oem service provider in dubai,0.0,1.0,0.0,4.0
Queries,887,Queries!A887:E887,in dubai,0.0,1.0,0.0,4.0
Queries,888,Queries!A888:E888,in dubai?,0.0,1.0,0.0,4.0
Queries,889,Queries!A889:E889,land rover defender repair,0.0,1.0,0.0,4.0
Queries,890,Queries!A890:E890,mercedes tuning near me,0.0,1.0,0.0,4.0
Queries,891,Queries!A891:E891,power steering mechanic,0.0,1.0,0.0,4.0
Queries,892,Queries!A892:E892,range rover car service in dubai,0.0,1.0,0.0,4.0
Queries,893,Queries!A893:E893,steering rack rebuilders,0.0,1.0,0.0,4.0
Queries,894,Queries!A894:E894,v12,0.0,1.0,0.0,4.0
Queries,895,Queries!A895:E895,vcds coding near me,0.0,1.0,0.0,4.0
Queries,896,Queries!A896:E896,what about in the uae?,0.0,1.0,0.0,4.0
Queries,897,Queries!A897:E897,yearly maintenance cost,0.0,1.0,0.0,4.0
Queries,898,Queries!A898:E898,amg guide,0.0,1.0,0.0,5.0
Queries,899,Queries!A899:E899,car computer programming near me,0.0,1.0,0.0,5.0
Queries,900,Queries!A900:E900,chip tuning near me,0.0,1.0,0.0,5.0
Queries,901,Queries!A901:E901,digi centre,0.0,1.0,0.0,5.0
Queries,902,Queries!A902:E902,gad motors mercedes,0.0,1.0,0.0,5.0
Queries,903,Queries!A903:E903,gigitec,0.0,1.0,0.0,5.0
Queries,904,Queries!A904:E904,lotus repair,0.0,1.0,0.0,5.0
Queries,905,Queries!A905:E905,mercedes eis repair near me,0.0,1.0,0.0,5.0
Queries,906,Queries!A906:E906,paint correction services,0.0,1.0,0.0,5.0
Queries,907,Queries!A907:E907,porsche inspection,0.0,1.0,0.0,5.0
Queries,908,Queries!A908:E908,porsche workshop,0.0,1.0,0.0,5.0
Queries,909,Queries!A909:E909,silencer repair near me,0.0,1.0,0.0,5.0
Queries,910,Queries!A910:E910,speed service porsche,0.0,1.0,0.0,5.0
Queries,911,Queries!A911:E911,tec car,0.0,1.0,0.0,5.0
Queries,912,Queries!A912:E912,tech performance centre,0.0,1.0,0.0,5.0
Queries,913,Queries!A913:E913,toyota diagnostic near me,0.0,1.0,0.0,5.0
Queries,914,Queries!A914:E914,رشح لي,0.0,1.0,0.0,5.0
Queries,915,Queries!A915:E915,سوريا,0.0,1.0,0.0,5.0
Queries,916,Queries!A916:E916,مركز صيانة مرسيدس,0.0,1.0,0.0,5.0
Queries,917,Queries!A917:E917,نعم,0.0,1.0,0.0,5.0
Queries,918,Queries!A918:E918,amg specialist,0.0,1.0,0.0,6.0
Queries,919,Queries!A919:E919,audi approved panel beaters,0.0,1.0,0.0,6.0
Queries,920,Queries!A920:E920,auto electrical diagnostics,0.0,1.0,0.0,6.0
Queries,921,Queries!A921:E921,benz service dubai,0.0,1.0,0.0,6.0
Queries,922,Queries!A922:E922,break center,0.0,1.0,0.0,6.0
Queries,923,Queries!A923:E923,car electronic repair shop near me,0.0,1.0,0.0,6.0
Queries,924,Queries!A924:E924,car oil change services,0.0,1.0,0.0,6.0
Queries,925,Queries!A925:E925,gear box service,0.0,1.0,0.0,6.0
Queries,926,Queries!A926:E926,infiniti service center,0.0,1.0,0.0,6.0
Queries,927,Queries!A927:E927,lexus lubricants uae,0.0,1.0,0.0,6.0
Queries,928,Queries!A928:E928,lincoln service center,0.0,1.0,0.0,6.0
Queries,929,Queries!A929:E929,lotus service center,0.0,1.0,0.0,6.0
Queries,930,Queries!A930:E930,luxury car maintenance dubai,0.0,1.0,0.0,6.0
Queries,931,Queries!A931:E931,mechanical repairs,0.0,1.0,0.0,6.0
Queries,932,Queries!A932:E932,mersedes service,0.0,1.0,0.0,6.0
Queries,933,Queries!A933:E933,mufflers near me,0.0,1.0,0.0,6.0
Queries,934,Queries!A934:E934,nissan+ultrasound,0.0,1.0,0.0,6.0
Queries,935,Queries!A935:E935,power steering rack repairs,0.0,1.0,0.0,6.0
Queries,936,Queries!A936:E936,range rover suspension repair dubai,0.0,1.0,0.0,6.0
Queries,937,Queries!A937:E937,stage 1 tuning near me,0.0,1.0,0.0,6.0
Queries,938,Queries!A938:E938,stage 2 tuning near me,0.0,1.0,0.0,6.0
Queries,939,Queries!A939:E939,steering column repair,0.0,1.0,0.0,6.0
Queries,940,Queries!A940:E940,tec performance,0.0,1.0,0.0,6.0
Queries,941,Queries!A941:E941,toyota+programming,0.0,1.0,0.0,6.0
Queries,942,Queries!A942:E942,بله,0.0,1.0,0.0,6.0
Queries,943,Queries!A943:E943,مراكز تغيير زيت معتمدة تويوتا,0.0,1.0,0.0,6.0
Queries,944,Queries!A944:E944,best land rover dealer,0.0,1.0,0.0,7.0
Queries,945,Queries!A945:E945,car sensor repair near me,0.0,1.0,0.0,7.0
Queries,946,Queries!A946:E946,car suspension work near me,0.0,1.0,0.0,7.0
Queries,947,Queries!A947:E947,ecm programming near me,0.0,1.0,0.0,7.0
Queries,948,Queries!A948:E948,fuel pump specialist,0.0,1.0,0.0,7.0
Queries,949,Queries!A949:E949,land rover air suspension,0.0,1.0,0.0,7.0
Queries,950,Queries!A950:E950,mclaren repair center,0.0,1.0,0.0,7.0
Queries,951,Queries!A951:E951,mercedes ac service,0.0,1.0,0.0,7.0
Queries,952,Queries!A952:E952,mercedes benz repairs,0.0,1.0,0.0,7.0
Queries,953,Queries!A953:E953,mercedes repair workshop near me,0.0,1.0,0.0,7.0
Queries,954,Queries!A954:E954,mercedes service center in dubai,0.0,1.0,0.0,7.0
Queries,955,Queries!A955:E955,mobile ecu programming near me,0.0,1.0,0.0,7.0
Queries,956,Queries!A956:E956,paint protection for cars near me,0.0,1.0,0.0,7.0
Queries,957,Queries!A957:E957,protect performance,0.0,1.0,0.0,7.0
Queries,958,Queries!A958:E958,rox 01 soft close door kit,0.0,1.0,0.0,7.0
Queries,959,Queries!A959:E959,silencer welding shop near me,0.0,1.0,0.0,7.0
Queries,960,Queries!A960:E960,soft close door car,0.0,1.0,0.0,7.0
Queries,961,Queries!A961:E961,abs repair service,0.0,1.0,0.0,8.0
Queries,962,Queries!A962:E962,audi car inspection,0.0,1.0,0.0,8.0
Queries,963,Queries!A963:E963,audi q7 service,0.0,1.0,0.0,8.0
Queries,964,Queries!A964:E964,audi repair centre,0.0,1.0,0.0,8.0
Queries,965,Queries!A965:E965,ford workshop al quoz,0.0,1.0,0.0,8.0
Queries,966,Queries!A966:E966,fuel system cleaning & fuel injection services,0.0,1.0,0.0,8.0
Queries,967,Queries!A967:E967,lincoln ac repair,0.0,1.0,0.0,8.0
Queries,968,Queries!A968:E968,mazda service booking,0.0,1.0,0.0,8.0
Queries,969,Queries!A969:E969,mercedes gad,0.0,1.0,0.0,8.0
Queries,970,Queries!A970:E970,mitsubishi air conditioner repair near me,0.0,1.0,0.0,8.0
Queries,971,Queries!A971:E971,nissan service customer care,0.0,1.0,0.0,8.0
Queries,972,Queries!A972:E972,porsche cayenne maintenance,0.0,1.0,0.0,8.0
Queries,973,Queries!A973:E973,porsche cayenne repair,0.0,1.0,0.0,8.0
Queries,974,Queries!A974:E974,resonator delete near me,0.0,1.0,0.0,8.0
Queries,975,Queries!A975:E975,steering column repair shops,0.0,1.0,0.0,8.0
Queries,976,Queries!A976:E976,suspension repair,0.0,1.0,0.0,8.0
Queries,977,Queries!A977:E977,suspension specialist near me,0.0,1.0,0.0,8.0
Queries,978,Queries!A978:E978,suspension workshop near me,0.0,1.0,0.0,8.0
Queries,979,Queries!A979:E979,tesla puncture repair,0.0,1.0,0.0,8.0
Queries,980,Queries!A980:E980,tesla tyre service,0.0,1.0,0.0,8.0
Queries,981,Queries!A981:E981,bentley inspection,0.0,1.0,0.0,9.0
Queries,982,Queries!A982:E982,bmw tyre puncture,0.0,1.0,0.0,9.0
Queries,983,Queries!A983:E983,brake work,0.0,1.0,0.0,9.0
Queries,984,Queries!A984:E984,car engine tuning near me,0.0,1.0,0.0,9.0
Queries,985,Queries!A985:E985,digi,0.0,1.0,0.0,9.0
Queries,986,Queries!A986:E986,ferrari service center near me,0.0,1.0,0.0,9.0
Queries,987,Queries!A987:E987,fuel injector repair near me,0.0,1.0,0.0,9.0
Queries,988,Queries!A988:E988,independent jaguar workshop in dubai,0.0,1.0,0.0,9.0
Queries,989,Queries!A989:E989,lincoln repair dubai,0.0,1.0,0.0,9.0
Queries,990,Queries!A990:E990,major workshop,0.0,1.0,0.0,9.0
Queries,991,Queries!A991:E991,mazda ac service,0.0,1.0,0.0,9.0
Queries,992,Queries!A992:E992,mclaren transmission repair,0.0,1.0,0.0,9.0
Queries,993,Queries!A993:E993,mercedes amg tuning,0.0,1.0,0.0,9.0
Queries,994,Queries!A994:E994,mercedes g wagon repair,0.0,1.0,0.0,9.0
Queries,995,Queries!A995:E995,mercedes oil and filter change cost,0.0,1.0,0.0,9.0
Queries,996,Queries!A996:E996,mercedes oil service,0.0,1.0,0.0,9.0
Queries,997,Queries!A997:E997,mercedes repair shop,0.0,1.0,0.0,9.0
Queries,998,Queries!A998:E998,nissan ac repair near me,0.0,1.0,0.0,9.0
Queries,999,Queries!A999:E999,performance tuning near me,0.0,1.0,0.0,9.0
Queries,1000,Queries!A1000:E1000,power steering repairs,0.0,1.0,0.0,9.0
Queries,1001,Queries!A1001:E1001,power steering specialists,0.0,1.0,0.0,9.0
