sheet,row,source_range,Top pages,Clicks,Impressions,CTR,Position
Pages,2,Pages!A2:E2,https://digitecme.com/brands/mercedes-benz-service-dubai,13.0,1223.0,0.0106,8.36
Pages,3,Pages!A3:E3,https://digitecme.com/,8.0,382.0,0.0209,18.47
Pages,4,Pages!A4:E4,https://digitecme.com/brands/bmw-service-dubai,2.0,278.0,0.0072,20.27
Pages,5,Pages!A5:E5,https://digitecme.com/brands/nissan-service-dubai,1.0,220.0,0.0045000000000000005,16.62
Pages,6,Pages!A6:E6,https://digitecme.com/services/paint-protection-film,1.0,213.0,0.004699999999999999,40.74
Pages,7,Pages!A7:E7,https://digitecme.com/tuning,1.0,186.0,0.0054,21.59
Pages,8,Pages!A8:E8,https://digitecme.com/services/car-diagnostics-dubai,1.0,170.0,0.0059,26.52
Pages,9,Pages!A9:E9,https://digitecme.com/brands/aston-martin-service-dubai,1.0,155.0,0.006500000000000001,22.95
Pages,10,Pages!A10:E10,https://digitecme.com/services/oil-change-dubai,1.0,151.0,0.0066,23.94
Pages,11,Pages!A11:E11,https://digitecme.com/services/auto-electrical-repair-dubai,1.0,120.0,0.0083,42.01
Pages,12,Pages!A12:E12,https://digitecme.com/services/car-body-repair-dubai,1.0,78.0,0.0128,26.63
Pages,13,Pages!A13:E13,https://digitecme.com/services/soft-close-door-repair-dubai,1.0,76.0,0.0132,6.42
Pages,14,Pages!A14:E14,https://digitecme.com/brands/range-rover-service-dubai,1.0,70.0,0.0143,37.4
Pages,15,Pages!A15:E15,https://digitecme.com/services/battery-replacement-dubai,1.0,30.0,0.0333,17.67
Pages,16,Pages!A16:E16,https://digitecme.com/ar/services/battery-replacement-dubai,1.0,25.0,0.04,9.96
Pages,17,Pages!A17:E17,https://digitecme.com/best-bmw-workshop-dubai,1.0,24.0,0.0417,7.88
Pages,18,Pages!A18:E18,https://digitecme.com/about,1.0,9.0,0.11109999999999999,35.44
Pages,19,Pages!A19:E19,https://digitecme.com/brands/mitsubishi-service-dubai/ac-repair,1.0,8.0,0.125,7.75
Pages,20,Pages!A20:E20,https://digitecme.com/ar/brands/rox-service-dubai/ac-repair,1.0,5.0,0.2,3.4
Pages,21,Pages!A21:E21,https://digitecme.com/brands/chevrolet-service-dubai/oil-change,1.0,4.0,0.25,9.5
Pages,22,Pages!A22:E22,https://digitecme.com/ar/services/mercedes-oil-change-dubai,1.0,3.0,0.3333,6.33
Pages,23,Pages!A23:E23,https://digitecme.com/brands/toyota-service-dubai/engine-diagnostics,1.0,2.0,0.5,4.0
Pages,24,Pages!A24:E24,https://digitecme.com/brands/volvo-service-dubai/tire-repair,1.0,1.0,1.0,2.0
Pages,25,Pages!A25:E25,https://digitecme.com/brands/jeep-service-dubai/electrical-repair,1.0,1.0,1.0,6.0
Pages,26,Pages!A26:E26,https://digitecme.com/services/paint-protection-dubai,0.0,465.0,0.0,34.23
Pages,27,Pages!A27:E27,https://digitecme.com/services/tire-repair,0.0,278.0,0.0,52.24
Pages,28,Pages!A28:E28,https://digitecme.com/brands/rolls-royce-service-dubai,0.0,244.0,0.0,17.72
Pages,29,Pages!A29:E29,https://digitecme.com/services,0.0,238.0,0.0,35.88
Pages,30,Pages!A30:E30,https://digitecme.com/brands/ferrari-service-dubai,0.0,218.0,0.0,33.74
Pages,31,Pages!A31:E31,https://digitecme.com/brands/bentley-service-dubai,0.0,210.0,0.0,38.3
Pages,32,Pages!A32:E32,https://digitecme.com/blog/ferrari-maintenance-guide-dubai,0.0,204.0,0.0,9.47
Pages,33,Pages!A33:E33,https://digitecme.com/brands/mclaren-service-dubai,0.0,196.0,0.0,15.78
Pages,34,Pages!A34:E34,https://digitecme.com/services/suspension-repair-dubai,0.0,166.0,0.0,24.7
Pages,35,Pages!A35:E35,https://digitecme.com/brands/lamborghini-service-dubai,0.0,145.0,0.0,23.93
Pages,36,Pages!A36:E36,https://digitecme.com/brands/porsche-service-dubai,0.0,135.0,0.0,38.41
Pages,37,Pages!A37:E37,https://digitecme.com/services/brake-repair-dubai,0.0,124.0,0.0,23.31
Pages,38,Pages!A38:E38,https://digitecme.com/brands/audi-service-dubai,0.0,121.0,0.0,25.71
Pages,39,Pages!A39:E39,https://digitecme.com/services/transmission-repair-dubai,0.0,99.0,0.0,20.43
Pages,40,Pages!A40:E40,https://digitecme.com/services/exhaust-repair-dubai,0.0,97.0,0.0,27.38
Pages,41,Pages!A41:E41,https://digitecme.com/services/steering-repair-dubai,0.0,95.0,0.0,13.54
Pages,42,Pages!A42:E42,https://digitecme.com/services/car-service-dubai,0.0,85.0,0.0,45.88
Pages,43,Pages!A43:E43,https://digitecme.com/services/mercedes-oil-change-dubai/,0.0,65.0,0.0,10.6
Pages,44,Pages!A44:E44,https://digitecme.com/brands/chrysler-service-dubai,0.0,61.0,0.0,44.33
Pages,45,Pages!A45:E45,https://digitecme.com/brands/cadillac-service-dubai,0.0,58.0,0.0,27.16
Pages,46,Pages!A46:E46,https://digitecme.com/blog/porsche-maintenance-guide-dubai,0.0,55.0,0.0,7.75
Pages,47,Pages!A47:E47,https://digitecme.com/services/mechanical-repair-dubai,0.0,54.0,0.0,42.91
Pages,48,Pages!A48:E48,https://digitecme.com/brands/volkswagen-service-dubai,0.0,52.0,0.0,31.94
Pages,49,Pages!A49:E49,https://digitecme.com/brands/bugatti-service-dubai,0.0,50.0,0.0,22.76
Pages,50,Pages!A50:E50,https://digitecme.com/brands/bmw-service-dubai/battery-replacement,0.0,50.0,0.0,26.44
Pages,51,Pages!A51:E51,https://digitecme.com/brands/ford-service-dubai,0.0,50.0,0.0,32.4
Pages,52,Pages!A52:E52,https://digitecme.com/brands/lotus-service-dubai,0.0,46.0,0.0,10.22
Pages,53,Pages!A53:E53,https://digitecme.com/blog/chevrolet-best-workshop-dubai,0.0,43.0,0.0,10.19
Pages,54,Pages!A54:E54,https://digitecme.com/brands/bentley-service-dubai/mechanical-repair,0.0,43.0,0.0,70.53
Pages,55,Pages!A55:E55,https://digitecme.com/services/fuel-system-repair-dubai,0.0,42.0,0.0,18.38
Pages,56,Pages!A56:E56,https://digitecme.com/brands/audi-service-dubai/transmission-repair,0.0,42.0,0.0,33.1
Pages,57,Pages!A57:E57,https://digitecme.com/ar/brands/jetour-service-dubai,0.0,40.0,0.0,16.77
Pages,58,Pages!A58:E58,https://digitecme.com/brands/defender-service-dubai,0.0,39.0,0.0,7.44
Pages,59,Pages!A59:E59,https://digitecme.com/blog/volkswagen-best-workshop-dubai,0.0,39.0,0.0,10.64
Pages,60,Pages!A60:E60,https://digitecme.com/blog/best-oil-change-dubai-mercedes,0.0,39.0,0.0,10.82
Pages,61,Pages!A61:E61,https://digitecme.com/brands/volvo-service-dubai,0.0,39.0,0.0,22.28
Pages,62,Pages!A62:E62,https://digitecme.com/services/car-ac-repair-dubai,0.0,39.0,0.0,59.79
Pages,63,Pages!A63:E63,https://digitecme.com/brands/porsche-service-dubai/transmission-repair,0.0,37.0,0.0,14.24
Pages,64,Pages!A64:E64,https://digitecme.com/brands/gmc-service-dubai,0.0,35.0,0.0,22.91
Pages,65,Pages!A65:E65,https://digitecme.com/brands/jaguar-service-dubai,0.0,35.0,0.0,24.86
Pages,66,Pages!A66:E66,https://digitecme.com/blog/cadillac-best-workshop-dubai,0.0,35.0,0.0,43.97
Pages,67,Pages!A67:E67,https://digitecme.com/brands/mazda-service-dubai,0.0,34.0,0.0,21.94
Pages,68,Pages!A68:E68,https://digitecme.com/blog/jaguar-best-workshop-dubai,0.0,33.0,0.0,14.85
Pages,69,Pages!A69:E69,https://digitecme.com/blog/audi-maintenance-guide-dubai,0.0,32.0,0.0,17.53
Pages,70,Pages!A70:E70,https://digitecme.com/brands/hummer-service-dubai,0.0,32.0,0.0,18.62
Pages,71,Pages!A71:E71,https://digitecme.com/blog/mini-best-workshop-dubai,0.0,31.0,0.0,18.16
Pages,72,Pages!A72:E72,https://digitecme.com/blog/bmw-maintenance-guide-dubai,0.0,31.0,0.0,18.55
Pages,73,Pages!A73:E73,https://digitecme.com/brands/jeep-service-dubai,0.0,31.0,0.0,44.26
Pages,74,Pages!A74:E74,https://digitecme.com/ar/brands/rox-service-dubai,0.0,30.0,0.0,7.1
Pages,75,Pages!A75:E75,https://digitecme.com/blog/lexus-best-workshop-dubai,0.0,30.0,0.0,9.13
Pages,76,Pages!A76:E76,https://digitecme.com/blog/range-rover-land-rover-air-suspension-problems-dubai,0.0,30.0,0.0,14.6
Pages,77,Pages!A77:E77,https://digitecme.com/services/mercedes-diagnostics-dubai,0.0,30.0,0.0,36.87
Pages,78,Pages!A78:E78,https://digitecme.com/brands/bmw-service-dubai/body-repair,0.0,29.0,0.0,32.41
Pages,79,Pages!A79:E79,https://digitecme.com/brands/lincoln-service-dubai,0.0,28.0,0.0,23.32
Pages,80,Pages!A80:E80,https://digitecme.com/brands/porsche-service-dubai/battery-replacement,0.0,27.0,0.0,17.11
Pages,81,Pages!A81:E81,https://digitecme.com/services/tire-repair-dubai,0.0,26.0,0.0,12.04
Pages,82,Pages!A82:E82,https://digitecme.com/brands/audi-service-dubai/body-repair,0.0,25.0,0.0,10.24
Pages,83,Pages!A83:E83,https://digitecme.com/blog/porsche-panamera-service-dubai-guide,0.0,24.0,0.0,5.54
Pages,84,Pages!A84:E84,https://digitecme.com/brands/ferrari-service-dubai/transmission-repair,0.0,24.0,0.0,10.21
Pages,85,Pages!A85:E85,https://digitecme.com/best-porsche-workshop-dubai,0.0,23.0,0.0,38.52
Pages,86,Pages!A86:E86,https://digitecme.com/about-us/,0.0,22.0,0.0,9.0
Pages,87,Pages!A87:E87,https://digitecme.com/brands/chevrolet-service-dubai,0.0,22.0,0.0,36.05
Pages,88,Pages!A88:E88,https://digitecme.com/blog/car-battery-life-dubai-heat,0.0,21.0,0.0,7.0
Pages,89,Pages!A89:E89,https://digitecme.com/ar/brands/byd-service-dubai,0.0,21.0,0.0,7.52
Pages,90,Pages!A90:E90,https://digitecme.com/blog/g63-to-brabus-g800-conversion-dubai,0.0,21.0,0.0,10.86
Pages,91,Pages!A91:E91,https://digitecme.com/brands/porsche-service-dubai/oil-change,0.0,21.0,0.0,20.1
Pages,92,Pages!A92:E92,https://digitecme.com/brands/aston-martin-service-dubai/mechanical-repair,0.0,21.0,0.0,68.52
Pages,93,Pages!A93:E93,https://digitecme.com/blog/alfa-romeo-best-workshop-dubai,0.0,20.0,0.0,6.6
Pages,94,Pages!A94:E94,https://digitecme.com/brands/land-rover-service-dubai/transmission-repair,0.0,20.0,0.0,11.45
Pages,95,Pages!A95:E95,https://digitecme.com/brands/audi-service-dubai/battery-replacement,0.0,20.0,0.0,12.5
Pages,96,Pages!A96:E96,https://digitecme.com/blog/land-rover-best-workshop-dubai,0.0,19.0,0.0,9.84
Pages,97,Pages!A97:E97,https://digitecme.com/brands/tesla-service-dubai/tire-repair,0.0,19.0,0.0,11.58
Pages,98,Pages!A98:E98,https://digitecme.com/brands/lexus-service-dubai/oil-change,0.0,19.0,0.0,19.11
Pages,99,Pages!A99:E99,https://digitecme.com/sitemap,0.0,19.0,0.0,76.05
Pages,100,Pages!A100:E100,https://digitecme.com/blog/mercedes-g63-service-dubai-guide,0.0,18.0,0.0,5.39
Pages,101,Pages!A101:E101,https://digitecme.com/blog/ferrari-488-service-dubai-guide,0.0,18.0,0.0,6.28
Pages,102,Pages!A102:E102,https://digitecme.com/blog/mercedes-service-cost-dubai-guide,0.0,18.0,0.0,7.94
Pages,103,Pages!A103:E103,https://digitecme.com/brands/range-rover-service-dubai/body-repair,0.0,18.0,0.0,22.94
Pages,104,Pages!A104:E104,https://digitecme.com/brands/land-rover-service-dubai/body-repair,0.0,18.0,0.0,36.17
Pages,105,Pages!A105:E105,https://digitecme.com/brands/bentley-service-dubai/steering-repair,0.0,18.0,0.0,46.56
Pages,106,Pages!A106:E106,https://digitecme.com/blog/mercedes-amg-gt-tuning-dubai,0.0,17.0,0.0,7.29
Pages,107,Pages!A107:E107,https://digitecme.com/blog/ford-best-workshop-dubai,0.0,17.0,0.0,8.0
Pages,108,Pages!A108:E108,https://digitecme.com/blog/lamborghini-maintenance-guide-dubai,0.0,17.0,0.0,9.82
Pages,109,Pages!A109:E109,https://digitecme.com/brands/ferrari-service-dubai/body-repair,0.0,17.0,0.0,13.24
Pages,110,Pages!A110:E110,https://digitecme.com/brands/bmw-service-dubai/ac-repair,0.0,17.0,0.0,14.47
Pages,111,Pages!A111:E111,https://digitecme.com/blog/ceramic-coating-vs-ppf-dubai,0.0,17.0,0.0,29.82
Pages,112,Pages!A112:E112,https://digitecme.com/brands/porsche-service-dubai/engine-diagnostics,0.0,16.0,0.0,10.88
Pages,113,Pages!A113:E113,https://digitecme.com/brands/rolls-royce-service-dubai/suspension-repair,0.0,16.0,0.0,15.31
Pages,114,Pages!A114:E114,https://digitecme.com/brands/audi-service-dubai/engine-diagnostics,0.0,16.0,0.0,24.69
Pages,115,Pages!A115:E115,https://digitecme.com/brands/dodge-service-dubai,0.0,16.0,0.0,26.19
Pages,116,Pages!A116:E116,https://digitecme.com/brands/ferrari-service-dubai/steering-repair,0.0,16.0,0.0,42.81
Pages,117,Pages!A117:E117,https://digitecme.com/blog/bmw-x5-service-dubai-guide,0.0,15.0,0.0,7.07
Pages,118,Pages!A118:E118,https://digitecme.com/best-lamborghini-workshop-dubai,0.0,15.0,0.0,7.13
Pages,119,Pages!A119:E119,https://digitecme.com/brands/range-rover-service-dubai/transmission-repair,0.0,15.0,0.0,11.87
Pages,120,Pages!A120:E120,http://digitecme.com/who-we-are,0.0,15.0,0.0,12.27
Pages,121,Pages!A121:E121,https://digitecme.com/brands/range-rover-service-dubai/mechanical-repair,0.0,15.0,0.0,69.87
Pages,122,Pages!A122:E122,https://digitecme.com/ar/blog/audi-maintenance-guide-dubai,0.0,14.0,0.0,12.29
Pages,123,Pages!A123:E123,https://digitecme.com/brands/mclaren-service-dubai/transmission-repair,0.0,14.0,0.0,12.43
Pages,124,Pages!A124:E124,https://digitecme.com/brands/infiniti-service-dubai,0.0,14.0,0.0,17.21
Pages,125,Pages!A125:E125,https://digitecme.com/brands/aston-martin-service-dubai/brake-repair,0.0,14.0,0.0,36.57
Pages,126,Pages!A126:E126,https://digitecme.com/brands/byd-service-dubai/oil-change,0.0,13.0,0.0,6.31
Pages,127,Pages!A127:E127,https://digitecme.com/blog/audi-rs-service-dubai-guide,0.0,13.0,0.0,6.62
Pages,128,Pages!A128:E128,https://digitecme.com/blog/range-rover-maintenance-guide-dubai,0.0,13.0,0.0,7.23
Pages,129,Pages!A129:E129,https://digitecme.com/brands/audi-service-dubai/suspension-repair,0.0,13.0,0.0,9.38
Pages,130,Pages!A130:E130,https://digitecme.com/brands/land-rover-service-dubai/ac-repair,0.0,13.0,0.0,34.08
Pages,131,Pages!A131:E131,https://digitecme.com/brands/lamborghini-service-dubai/tire-repair,0.0,13.0,0.0,38.31
Pages,132,Pages!A132:E132,https://digitecme.com/blog/bmw-m-service-dubai-guide,0.0,12.0,0.0,6.33
Pages,133,Pages!A133:E133,https://digitecme.com/ar/brands/toyota-service-dubai,0.0,12.0,0.0,9.42
Pages,134,Pages!A134:E134,https://digitecme.com/brands/genesis-service-dubai,0.0,12.0,0.0,10.25
Pages,135,Pages!A135:E135,https://digitecme.com/brands/land-rover-service-dubai/suspension-repair,0.0,12.0,0.0,11.92
Pages,136,Pages!A136:E136,https://digitecme.com/blog/maybach-s580-service-dubai-guide,0.0,12.0,0.0,13.08
Pages,137,Pages!A137:E137,https://digitecme.com/best-ferrari-workshop-dubai,0.0,12.0,0.0,13.83
Pages,138,Pages!A138:E138,https://digitecme.com/brands/audi-service-dubai/oil-change,0.0,12.0,0.0,15.17
Pages,139,Pages!A139:E139,https://digitecme.com/brands/bmw-service-dubai/brake-repair,0.0,12.0,0.0,20.33
Pages,140,Pages!A140:E140,https://digitecme.com/brands/porsche-service-dubai/tire-repair,0.0,12.0,0.0,24.67
Pages,141,Pages!A141:E141,https://digitecme.com/ar/blog/maserati-best-workshop-dubai,0.0,12.0,0.0,33.08
Pages,142,Pages!A142:E142,https://digitecme.com/brands/audi-service-dubai/mechanical-repair,0.0,12.0,0.0,49.08
Pages,143,Pages!A143:E143,https://digitecme.com/blog/bentley-best-workshop-dubai,0.0,11.0,0.0,8.82
Pages,144,Pages!A144:E144,https://digitecme.com/brands/jetour-service-dubai/body-repair,0.0,11.0,0.0,8.91
Pages,145,Pages!A145:E145,https://digitecme.com/brands/fiat-service-dubai,0.0,11.0,0.0,9.55
Pages,146,Pages!A146:E146,https://digitecme.com/brands/bmw-service-dubai/suspension-repair,0.0,11.0,0.0,10.36
Pages,147,Pages!A147:E147,https://digitecme.com/brands/ferrari-service-dubai/electrical-repair,0.0,11.0,0.0,12.73
Pages,148,Pages!A148:E148,https://digitecme.com/brands/mitsubishi-service-dubai,0.0,11.0,0.0,14.36
Pages,149,Pages!A149:E149,https://digitecme.com/ar/services/paint-protection-dubai,0.0,11.0,0.0,16.73
Pages,150,Pages!A150:E150,https://digitecme.com/mechanical-repair/,0.0,11.0,0.0,19.45
Pages,151,Pages!A151:E151,https://digitecme.com/brands/mclaren-service-dubai/oil-change,0.0,11.0,0.0,20.0
Pages,152,Pages!A152:E152,https://digitecme.com/blog/car-battery-replacement-dubai,0.0,11.0,0.0,20.82
Pages,153,Pages!A153:E153,https://digitecme.com/brands/mini-service-dubai/oil-change,0.0,11.0,0.0,23.73
Pages,154,Pages!A154:E154,https://digitecme.com/brands/ford-service-dubai/oil-change,0.0,11.0,0.0,33.91
Pages,155,Pages!A155:E155,https://digitecme.com/brands/toyota-service-dubai/ac-repair,0.0,10.0,0.0,8.2
Pages,156,Pages!A156:E156,https://digitecme.com/blog/pre-purchase-inspection-dubai-guide,0.0,10.0,0.0,18.0
Pages,157,Pages!A157:E157,https://digitecme.com/brands/ferrari-service-dubai/ac-repair,0.0,10.0,0.0,22.1
Pages,158,Pages!A158:E158,https://digitecme.com/ar/blog/rolls-royce-best-workshop-dubai,0.0,10.0,0.0,22.2
Pages,159,Pages!A159:E159,https://digitecme.com/brands/bentley-service-dubai/battery-replacement,0.0,10.0,0.0,24.3
Pages,160,Pages!A160:E160,https://digitecme.com/brands/mini-service-dubai/engine-diagnostics,0.0,10.0,0.0,31.0
Pages,161,Pages!A161:E161,https://digitecme.com/brands/audi-service-dubai/brake-repair,0.0,10.0,0.0,52.0
Pages,162,Pages!A162:E162,https://digitecme.com/brands/rox-service-dubai/ac-repair,0.0,9.0,0.0,5.44
Pages,163,Pages!A163:E163,https://digitecme.com/brands/rox-service-dubai/mechanical-repair,0.0,9.0,0.0,6.67
Pages,164,Pages!A164:E164,https://digitecme.com/brands/alfa-romeo-service-dubai,0.0,9.0,0.0,10.33
Pages,165,Pages!A165:E165,https://digitecme.com/brands/rolls-royce-service-dubai/oil-change,0.0,9.0,0.0,10.56
Pages,166,Pages!A166:E166,https://digitecme.com/services/mercedes-body-repair-dubai/,0.0,9.0,0.0,13.11
Pages,167,Pages!A167:E167,https://digitecme.com/brands/porsche-service-dubai/brake-repair,0.0,9.0,0.0,14.78
Pages,168,Pages!A168:E168,https://digitecme.com/brands/bmw-service-dubai/tire-repair,0.0,9.0,0.0,17.89
Pages,169,Pages!A169:E169,https://digitecme.com/ar/brands/maserati-service-dubai,0.0,9.0,0.0,28.0
Pages,170,Pages!A170:E170,https://digitecme.com/services/car-garage-dubai,0.0,9.0,0.0,65.56
Pages,171,Pages!A171:E171,https://digitecme.com/brands/rox-service-dubai/tire-repair,0.0,8.0,0.0,5.75
Pages,172,Pages!A172:E172,https://digitecme.com/blog/porsche-cayenne-service-dubai-guide,0.0,8.0,0.0,6.5
Pages,173,Pages!A173:E173,https://digitecme.com/blog/gad-tuning-explained,0.0,8.0,0.0,7.25
Pages,174,Pages!A174:E174,https://digitecme.com/blog/porsche-911-service-dubai-guide,0.0,8.0,0.0,10.5
Pages,175,Pages!A175:E175,https://digitecme.com/brands/volkswagen-service-dubai/ac-repair,0.0,8.0,0.0,12.62
Pages,176,Pages!A176:E176,https://digitecme.com/ar/blog/mini-best-workshop-dubai,0.0,8.0,0.0,16.88
Pages,177,Pages!A177:E177,https://digitecme.com/brands/mclaren-service-dubai/ac-repair,0.0,8.0,0.0,17.75
Pages,178,Pages!A178:E178,https://digitecme.com/brands/porsche-service-dubai/electrical-repair,0.0,8.0,0.0,19.62
Pages,179,Pages!A179:E179,https://digitecme.com/brands/maybach-service-dubai/transmission-repair,0.0,8.0,0.0,26.62
Pages,180,Pages!A180:E180,https://digitecme.com/brands/land-rover-service-dubai/battery-replacement,0.0,8.0,0.0,27.5
Pages,181,Pages!A181:E181,https://digitecme.com/services/mercedes-suspension-repair-dubai/,0.0,8.0,0.0,49.12
Pages,182,Pages!A182:E182,https://digitecme.com/best-car-workshop-dubai,0.0,8.0,0.0,49.88
Pages,183,Pages!A183:E183,https://digitecme.com/ar/blog/best-oil-change-dubai-mercedes,0.0,7.0,0.0,7.14
Pages,184,Pages!A184:E184,https://digitecme.com/ar/blog/porsche-maintenance-guide-dubai,0.0,7.0,0.0,10.14
Pages,185,Pages!A185:E185,https://digitecme.com/brands/jetour-service-dubai,0.0,7.0,0.0,11.71
Pages,186,Pages!A186:E186,https://digitecme.com/brands/tesla-service-dubai,0.0,7.0,0.0,16.0
Pages,187,Pages!A187:E187,https://digitecme.com/ar/blog/mercedes-g63-service-dubai-guide,0.0,7.0,0.0,21.43
Pages,188,Pages!A188:E188,https://digitecme.com/brands/aston-martin-service-dubai/suspension-repair,0.0,7.0,0.0,22.57
Pages,189,Pages!A189:E189,https://digitecme.com/brands/rolls-royce-service-dubai/mechanical-repair,0.0,7.0,0.0,30.14
Pages,190,Pages!A190:E190,https://digitecme.com/brands/ferrari-service-dubai/brake-repair,0.0,7.0,0.0,44.86
Pages,191,Pages!A191:E191,https://digitecme.com/blog/transmission-service-7g-9g-dubai,0.0,6.0,0.0,4.0
Pages,192,Pages!A192:E192,https://digitecme.com/blog/mercedes-service-intervals-dubai-heat,0.0,6.0,0.0,4.83
Pages,193,Pages!A193:E193,https://digitecme.com/ar,0.0,6.0,0.0,6.33
Pages,194,Pages!A194:E194,https://digitecme.com/brands/range-rover-service-dubai/oil-change,0.0,6.0,0.0,6.33
Pages,195,Pages!A195:E195,https://digitecme.com/blog/aston-martin-best-workshop-dubai,0.0,6.0,0.0,8.67
Pages,196,Pages!A196:E196,https://digitecme.com/blog/lamborghini-urus-service-dubai-guide,0.0,6.0,0.0,9.0
Pages,197,Pages!A197:E197,https://digitecme.com/brands/lamborghini-service-dubai/transmission-repair,0.0,6.0,0.0,11.17
Pages,198,Pages!A198:E198,https://digitecme.com/ar/blog/bentley-best-workshop-dubai,0.0,6.0,0.0,34.17
Pages,199,Pages!A199:E199,https://digitecme.com/services/suspension-repair,0.0,6.0,0.0,34.67
Pages,200,Pages!A200:E200,https://digitecme.com/brands/lamborghini-service-dubai/body-repair,0.0,6.0,0.0,61.0
Pages,201,Pages!A201:E201,https://digitecme.com/blog/car-service-interval-dubai-heat,0.0,5.0,0.0,5.0
Pages,202,Pages!A202:E202,https://digitecme.com/ar/services/garage-near-me-dubai,0.0,5.0,0.0,5.6
Pages,203,Pages!A203:E203,https://digitecme.com/brands/nissan-service-dubai/engine-diagnostics,0.0,5.0,0.0,6.2
Pages,204,Pages!A204:E204,https://digitecme.com/vrx,0.0,5.0,0.0,6.6
Pages,205,Pages!A205:E205,https://digitecme.com/best-audi-workshop-dubai,0.0,5.0,0.0,6.8
Pages,206,Pages!A206:E206,https://digitecme.com/blog/mercedes-e-class-service-dubai-guide,0.0,5.0,0.0,6.8
Pages,207,Pages!A207:E207,https://digitecme.com/best-range-rover-workshop-dubai,0.0,5.0,0.0,7.8
Pages,208,Pages!A208:E208,https://digitecme.com/ar/brands/genesis-service-dubai,0.0,5.0,0.0,8.6
Pages,209,Pages!A209:E209,https://digitecme.com/brands/range-rover-service-dubai/suspension-repair,0.0,5.0,0.0,8.8
Pages,210,Pages!A210:E210,https://digitecme.com/brands/rolls-royce-service-dubai/battery-replacement,0.0,5.0,0.0,11.0
Pages,211,Pages!A211:E211,https://digitecme.com/brands/lamborghini-service-dubai/oil-change,0.0,5.0,0.0,14.8
Pages,212,Pages!A212:E212,https://digitecme.com/brands/aston-martin-service-dubai/body-repair,0.0,5.0,0.0,16.2
Pages,213,Pages!A213:E213,https://digitecme.com/brands/ferrari-service-dubai/battery-replacement,0.0,5.0,0.0,17.4
Pages,214,Pages!A214:E214,https://digitecme.com/ar/brands/dodge-service-dubai,0.0,5.0,0.0,17.8
Pages,215,Pages!A215:E215,https://digitecme.com/brands/maybach-service-dubai/tire-repair,0.0,5.0,0.0,21.0
Pages,216,Pages!A216:E216,https://digitecme.com/ar/blog/ceramic-coating-vs-ppf-dubai,0.0,5.0,0.0,21.4
Pages,217,Pages!A217:E217,https://digitecme.com/brands/mclaren-service-dubai/tire-repair,0.0,5.0,0.0,21.6
Pages,218,Pages!A218:E218,https://digitecme.com/brands/bentley-service-dubai/suspension-repair,0.0,5.0,0.0,24.8
Pages,219,Pages!A219:E219,https://digitecme.com/blog/best-car-workshop-dubai,0.0,5.0,0.0,29.8
Pages,220,Pages!A220:E220,https://digitecme.com/brands/maybach-service-dubai,0.0,5.0,0.0,33.6
Pages,221,Pages!A221:E221,https://digitecme.com/brands/maybach-service-dubai/suspension-repair,0.0,5.0,0.0,46.0
Pages,222,Pages!A222:E222,https://digitecme.com/brands/bmw-service-dubai/oil-change,0.0,5.0,0.0,47.4
Pages,223,Pages!A223:E223,https://digitecme.com/ar/blog/mercedes-repair-dubai-complete-guide,0.0,4.0,0.0,3.25
Pages,224,Pages!A224:E224,https://digitecme.com/brands/bentley-service-dubai/transmission-repair,0.0,4.0,0.0,4.5
Pages,225,Pages!A225:E225,https://digitecme.com/brands/range-rover-service-dubai/electrical-repair,0.0,4.0,0.0,4.5
Pages,226,Pages!A226:E226,https://digitecme.com/ar/brands/toyota-service-dubai/brake-repair,0.0,4.0,0.0,4.75
Pages,227,Pages!A227:E227,https://digitecme.com/brands/toyota-service-dubai/tire-repair,0.0,4.0,0.0,5.0
Pages,228,Pages!A228:E228,https://digitecme.com/blog/toyota-best-workshop-dubai,0.0,4.0,0.0,5.25
Pages,229,Pages!A229:E229,https://digitecme.com/blog/aston-martin-db11-service-dubai-guide,0.0,4.0,0.0,5.5
Pages,230,Pages!A230:E230,https://digitecme.com/brands/bugatti-service-dubai/transmission-repair,0.0,4.0,0.0,6.25
Pages,231,Pages!A231:E231,https://digitecme.com/brands/toyota-service-dubai,0.0,4.0,0.0,6.5
Pages,232,Pages!A232:E232,https://digitecme.com/brands/ferrari-service-dubai/engine-diagnostics,0.0,4.0,0.0,7.0
Pages,233,Pages!A233:E233,https://digitecme.com/brands/bmw-service-dubai/transmission-repair,0.0,4.0,0.0,7.5
Pages,234,Pages!A234:E234,https://digitecme.com/brands/bmw-service-dubai/electrical-repair,0.0,4.0,0.0,8.5
Pages,235,Pages!A235:E235,https://digitecme.com/brands/land-rover-service-dubai/oil-change,0.0,4.0,0.0,9.75
Pages,236,Pages!A236:E236,https://digitecme.com/blog/car-service-cost-dubai-luxury-brands,0.0,4.0,0.0,10.0
Pages,237,Pages!A237:E237,https://digitecme.com/ar/blog/mercedes-s-class-service-dubai-guide,0.0,4.0,0.0,10.25
Pages,238,Pages!A238:E238,https://digitecme.com/brands/bmw-service-dubai/engine-diagnostics,0.0,4.0,0.0,11.25
Pages,239,Pages!A239:E239,https://digitecme.com/brands/mini-service-dubai,0.0,4.0,0.0,12.5
Pages,240,Pages!A240:E240,https://digitecme.com/blog/mercedes-c-class-service-dubai-guide,0.0,4.0,0.0,14.75
Pages,241,Pages!A241:E241,https://digitecme.com/brands/rolls-royce-service-dubai/transmission-repair,0.0,4.0,0.0,14.75
Pages,242,Pages!A242:E242,https://digitecme.com/blog/check-engine-light-dubai-guide,0.0,4.0,0.0,15.5
Pages,243,Pages!A243:E243,https://digitecme.com/brands/range-rover-service-dubai/fuel-system-repair,0.0,4.0,0.0,17.75
Pages,244,Pages!A244:E244,https://digitecme.com/blog/best-defender-workshop-dubai,0.0,4.0,0.0,23.5
Pages,245,Pages!A245:E245,https://digitecme.com/ar/services/car-service-dubai,0.0,4.0,0.0,25.0
Pages,246,Pages!A246:E246,https://digitecme.com/brands/aston-martin-service-dubai/tire-repair,0.0,4.0,0.0,30.0
Pages,247,Pages!A247:E247,https://digitecme.com/brands/lotus-service-dubai/ac-repair,0.0,4.0,0.0,65.25
Pages,248,Pages!A248:E248,https://digitecme.com/brands/mclaren-service-dubai/engine-diagnostics,0.0,3.0,0.0,1.67
Pages,249,Pages!A249:E249,https://digitecme.com/ar/brands/corvette-service-dubai,0.0,3.0,0.0,3.0
Pages,250,Pages!A250:E250,https://digitecme.com/brands/toyota-service-dubai/steering-repair,0.0,3.0,0.0,4.0
Pages,251,Pages!A251:E251,https://digitecme.com/brands/koenigsegg-service-dubai,0.0,3.0,0.0,4.33
Pages,252,Pages!A252:E252,https://digitecme.com/brands/gmc-service-dubai/transmission-repair,0.0,3.0,0.0,5.0
Pages,253,Pages!A253:E253,https://digitecme.com/brands/nissan-service-dubai/body-repair,0.0,3.0,0.0,5.33
Pages,254,Pages!A254:E254,https://digitecme.com/brands/cadillac-service-dubai/transmission-repair,0.0,3.0,0.0,5.67
Pages,255,Pages!A255:E255,https://digitecme.com/ar/services/auto-electrical-repair-dubai,0.0,3.0,0.0,6.0
Pages,256,Pages!A256:E256,https://digitecme.com/brands/mitsubishi-service-dubai/oil-change,0.0,3.0,0.0,6.0
Pages,257,Pages!A257:E257,https://digitecme.com/brands/lamborghini-service-dubai/electrical-repair,0.0,3.0,0.0,6.33
Pages,258,Pages!A258:E258,https://digitecme.com/ar/brands/toyota-service-dubai/oil-change,0.0,3.0,0.0,7.0
Pages,259,Pages!A259:E259,https://digitecme.com/brands/bugatti-service-dubai/ac-repair,0.0,3.0,0.0,7.0
Pages,260,Pages!A260:E260,https://digitecme.com/brands/volkswagen-service-dubai/body-repair,0.0,3.0,0.0,7.0
Pages,261,Pages!A261:E261,https://digitecme.com/brands/lotus-service-dubai/transmission-repair,0.0,3.0,0.0,7.67
Pages,262,Pages!A262:E262,https://digitecme.com/brands/rox-service-dubai/battery-replacement,0.0,3.0,0.0,8.0
Pages,263,Pages!A263:E263,https://digitecme.com/ar/blog/rolls-royce-ghost-service-dubai-guide,0.0,3.0,0.0,8.33
Pages,264,Pages!A264:E264,https://digitecme.com/ar/brands/gmc-service-dubai/ac-repair,0.0,3.0,0.0,8.67
Pages,265,Pages!A265:E265,https://digitecme.com/brands/rox-service-dubai/oil-change,0.0,3.0,0.0,8.67
Pages,266,Pages!A266:E266,https://digitecme.com/brands/land-rover-service-dubai/tire-repair,0.0,3.0,0.0,9.67
Pages,267,Pages!A267:E267,https://digitecme.com/brands/hummer-service-dubai/transmission-repair,0.0,3.0,0.0,10.0
Pages,268,Pages!A268:E268,https://digitecme.com/ar/brands/porsche-service-dubai/electrical-repair,0.0,3.0,0.0,10.33
Pages,269,Pages!A269:E269,https://digitecme.com/brands/mazda-service-dubai/suspension-repair,0.0,3.0,0.0,10.33
Pages,270,Pages!A270:E270,https://digitecme.com/brands/renault-service-dubai,0.0,3.0,0.0,11.33
Pages,271,Pages!A271:E271,https://digitecme.com/brands/rolls-royce-service-dubai/ac-repair,0.0,3.0,0.0,11.33
Pages,272,Pages!A272:E272,https://digitecme.com/brands/subaru-service-dubai,0.0,3.0,0.0,11.33
Pages,273,Pages!A273:E273,https://digitecme.com/brands/aston-martin-service-dubai/ac-repair,0.0,3.0,0.0,12.0
Pages,274,Pages!A274:E274,https://digitecme.com/brands/maybach-service-dubai/mechanical-repair,0.0,3.0,0.0,12.33
Pages,275,Pages!A275:E275,https://digitecme.com/brands/maybach-service-dubai/electrical-repair,0.0,3.0,0.0,13.67
Pages,276,Pages!A276:E276,https://digitecme.com/ar/services/tire-repair-dubai,0.0,3.0,0.0,16.0
Pages,277,Pages!A277:E277,https://digitecme.com/blog/bentley-continental-gt-service-dubai-guide,0.0,3.0,0.0,16.0
Pages,278,Pages!A278:E278,https://digitecme.com/brands/mazda-service-dubai/engine-diagnostics,0.0,3.0,0.0,16.0
Pages,279,Pages!A279:E279,https://digitecme.com/brands/maybach-service-dubai/ac-repair,0.0,3.0,0.0,16.67
Pages,280,Pages!A280:E280,https://digitecme.com/brands/lamborghini-service-dubai/exhaust-repair,0.0,3.0,0.0,20.0
Pages,281,Pages!A281:E281,https://digitecme.com/blog/mercedes-s-class-service-dubai-guide,0.0,3.0,0.0,25.0
Pages,282,Pages!A282:E282,https://digitecme.com/brands/lamborghini-service-dubai/steering-repair,0.0,3.0,0.0,40.33
Pages,283,Pages!A283:E283,https://digitecme.com/brands/aston-martin-service-dubai/battery-replacement,0.0,3.0,0.0,43.33
Pages,284,Pages!A284:E284,https://digitecme.com/brands/audi-service-dubai/exhaust-repair,0.0,3.0,0.0,55.67
Pages,285,Pages!A285:E285,https://digitecme.com/brands/porsche-service-dubai/mechanical-repair,0.0,3.0,0.0,64.0
Pages,286,Pages!A286:E286,https://digitecme.com/brands/corvette-service-dubai,0.0,2.0,0.0,1.0
Pages,287,Pages!A287:E287,https://digitecme.com/faq,0.0,2.0,0.0,1.0
Pages,288,Pages!A288:E288,https://digitecme.com/services/mercedes-transmission-repair-dubai,0.0,2.0,0.0,1.0
Pages,289,Pages!A289:E289,https://digitecme.com/brands/bugatti-service-dubai/tire-repair,0.0,2.0,0.0,2.5
Pages,290,Pages!A290:E290,https://digitecme.com/brands/maybach-service-dubai/exhaust-repair,0.0,2.0,0.0,2.5
Pages,291,Pages!A291:E291,https://digitecme.com/ar/services/brake-repair-dubai,0.0,2.0,0.0,3.0
Pages,292,Pages!A292:E292,https://digitecme.com/brands/mclaren-service-dubai/steering-repair,0.0,2.0,0.0,3.0
Pages,293,Pages!A293:E293,https://digitecme.com/brands/byd-service-dubai/tire-repair,0.0,2.0,0.0,4.0
Pages,294,Pages!A294:E294,https://digitecme.com/brands/byd-service-dubai/transmission-repair,0.0,2.0,0.0,5.0
Pages,295,Pages!A295:E295,https://digitecme.com/ar/brands/porsche-service-dubai/oil-change,0.0,2.0,0.0,5.5
Pages,296,Pages!A296:E296,https://digitecme.com/brands/jetour-service-dubai/tire-repair,0.0,2.0,0.0,5.5
Pages,297,Pages!A297:E297,https://digitecme.com/ar/blog/mercedes-amg-gt-black-series-1300hp-build-dubai,0.0,2.0,0.0,6.0
Pages,298,Pages!A298:E298,https://digitecme.com/ar/brands/abarth-service-dubai/brake-repair,0.0,2.0,0.0,6.0
Pages,299,Pages!A299:E299,https://digitecme.com/blog/mclaren-best-workshop-dubai,0.0,2.0,0.0,6.0
Pages,300,Pages!A300:E300,https://digitecme.com/brands/lamborghini-service-dubai/engine-diagnostics,0.0,2.0,0.0,6.0
Pages,301,Pages!A301:E301,https://digitecme.com/brands/maybach-service-dubai/oil-change,0.0,2.0,0.0,6.0
Pages,302,Pages!A302:E302,https://digitecme.com/brands/nissan-service-dubai/suspension-repair,0.0,2.0,0.0,6.0
Pages,303,Pages!A303:E303,https://digitecme.com/brands/bentley-service-dubai/body-repair,0.0,2.0,0.0,6.5
Pages,304,Pages!A304:E304,https://digitecme.com/brands/chevrolet-service-dubai/brake-repair,0.0,2.0,0.0,6.5
Pages,305,Pages!A305:E305,https://digitecme.com/brands/rox-service-dubai/exhaust-repair,0.0,2.0,0.0,6.5
Pages,306,Pages!A306:E306,https://digitecme.com/services/mercedes-electrical-repair-dubai,0.0,2.0,0.0,6.5
Pages,307,Pages!A307:E307,https://digitecme.com/ar/blog/best-defender-workshop-dubai,0.0,2.0,0.0,7.0
Pages,308,Pages!A308:E308,https://digitecme.com/ar/blog/car-service-interval-dubai-heat,0.0,2.0,0.0,7.0
Pages,309,Pages!A309:E309,https://digitecme.com/ar/services/mercedes-brake-repair-dubai,0.0,2.0,0.0,7.0
Pages,310,Pages!A310:E310,https://digitecme.com/blog/range-rover-vogue-service-dubai-guide,0.0,2.0,0.0,7.0
Pages,311,Pages!A311:E311,https://digitecme.com/brands/aston-martin-service-dubai/oil-change,0.0,2.0,0.0,7.0
Pages,312,Pages!A312:E312,https://digitecme.com/brands/jetour-service-dubai/engine-diagnostics,0.0,2.0,0.0,7.0
Pages,313,Pages!A313:E313,https://digitecme.com/brands/lincoln-service-dubai/ac-repair,0.0,2.0,0.0,7.0
Pages,314,Pages!A314:E314,https://digitecme.com/ar/blog/bmw-maintenance-guide-dubai,0.0,2.0,0.0,7.5
Pages,315,Pages!A315:E315,https://digitecme.com/blog/oil-specification-guide-dubai-luxury,0.0,2.0,0.0,7.5
Pages,316,Pages!A316:E316,https://digitecme.com/brands/byd-service-dubai/mechanical-repair,0.0,2.0,0.0,7.5
Pages,317,Pages!A317:E317,https://digitecme.com/services/mercedes-brake-repair-dubai/,0.0,2.0,0.0,7.5
Pages,318,Pages!A318:E318,https://digitecme.com/ar/brands/mitsubishi-service-dubai/ac-repair,0.0,2.0,0.0,8.0
Pages,319,Pages!A319:E319,https://digitecme.com/ar/services/transmission-repair-dubai,0.0,2.0,0.0,8.0
Pages,320,Pages!A320:E320,https://digitecme.com/brands/jaguar-service-dubai/ac-repair,0.0,2.0,0.0,8.0
Pages,321,Pages!A321:E321,https://digitecme.com/brands/land-rover-service-dubai/steering-repair,0.0,2.0,0.0,8.0
Pages,322,Pages!A322:E322,https://digitecme.com/brands/maserati-service-dubai/oil-change,0.0,2.0,0.0,8.0
Pages,323,Pages!A323:E323,https://digitecme.com/brands/cadillac-service-dubai/fuel-system-repair,0.0,2.0,0.0,8.5
Pages,324,Pages!A324:E324,https://digitecme.com/brands/ferrari-service-dubai/fuel-system-repair,0.0,2.0,0.0,9.0
Pages,325,Pages!A325:E325,https://digitecme.com/brands/rox-service-dubai/fuel-system-repair,0.0,2.0,0.0,9.5
Pages,326,Pages!A326:E326,https://digitecme.com/ar/blog/bentley-continental-gt-service-dubai-guide,0.0,2.0,0.0,11.0
Pages,327,Pages!A327:E327,https://digitecme.com/ar/brands/range-rover-service-dubai/ac-repair,0.0,2.0,0.0,11.0
Pages,328,Pages!A328:E328,https://digitecme.com/ar/blog/cadillac-best-workshop-dubai,0.0,2.0,0.0,11.5
Pages,329,Pages!A329:E329,https://digitecme.com/brands/mini-service-dubai/ac-repair,0.0,2.0,0.0,11.5
Pages,330,Pages!A330:E330,https://digitecme.com/ar/blog/car-ac-not-cold-dubai-causes,0.0,2.0,0.0,18.0
Pages,331,Pages!A331:E331,https://digitecme.com/ar/brands/maserati-service-dubai/suspension-repair,0.0,2.0,0.0,18.5
Pages,332,Pages!A332:E332,https://digitecme.com/brands/audi-service-dubai/ac-repair,0.0,2.0,0.0,21.0
Pages,333,Pages!A333:E333,https://digitecme.com/services/mercedes-ac-repair-dubai/,0.0,2.0,0.0,21.5
Pages,334,Pages!A334:E334,https://digitecme.com/brands/aston-martin-service-dubai/steering-repair,0.0,2.0,0.0,23.0
Pages,335,Pages!A335:E335,https://digitecme.com/brands/bentley-service-dubai/exhaust-repair,0.0,2.0,0.0,25.0
Pages,336,Pages!A336:E336,https://digitecme.com/ar/blog/jaguar-best-workshop-dubai,0.0,2.0,0.0,25.5
Pages,337,Pages!A337:E337,https://digitecme.com/brands/range-rover-service-dubai/tire-repair,0.0,2.0,0.0,28.0
Pages,338,Pages!A338:E338,https://digitecme.com/brands/mini-service-dubai/brake-repair,0.0,2.0,0.0,41.5
Pages,339,Pages!A339:E339,https://digitecme.com/brands/ford-service-dubai/ac-repair,0.0,2.0,0.0,56.0
Pages,340,Pages!A340:E340,https://digitecme.com/blog/nissan-best-workshop-dubai,0.0,2.0,0.0,64.5
Pages,341,Pages!A341:E341,https://digitecme.com/brands/bentley-service-dubai/tire-repair,0.0,2.0,0.0,68.0
Pages,342,Pages!A342:E342,https://digitecme.com/brands/land-rover-service-dubai/exhaust-repair,0.0,2.0,0.0,81.0
Pages,343,Pages!A343:E343,https://digitecme.com/ar/brands/corvette-service-dubai/ac-repair,0.0,1.0,0.0,1.0
Pages,344,Pages!A344:E344,https://digitecme.com/ar/brands/gmc-service-dubai,0.0,1.0,0.0,1.0
Pages,345,Pages!A345:E345,https://digitecme.com/ar/brands/rox-service-dubai/battery-replacement,0.0,1.0,0.0,1.0
Pages,346,Pages!A346:E346,https://digitecme.com/ar/brands/toyota-service-dubai/ac-repair,0.0,1.0,0.0,1.0
Pages,347,Pages!A347:E347,https://digitecme.com/blog/car-ac-not-cold-dubai-causes,0.0,1.0,0.0,1.0
Pages,348,Pages!A348:E348,https://digitecme.com/brands/bugatti-service-dubai/brake-repair,0.0,1.0,0.0,1.0
Pages,349,Pages!A349:E349,https://digitecme.com/brands/byd-service-dubai/engine-diagnostics,0.0,1.0,0.0,1.0
Pages,350,Pages!A350:E350,https://digitecme.com/brands/corvette-service-dubai/,0.0,1.0,0.0,1.0
Pages,351,Pages!A351:E351,https://digitecme.com/brands/jeep-service-dubai/engine-diagnostics,0.0,1.0,0.0,1.0
Pages,352,Pages!A352:E352,https://digitecme.com/brands/maybach-service-dubai/brake-repair,0.0,1.0,0.0,1.0
Pages,353,Pages!A353:E353,https://digitecme.com/brands/nissan-service-dubai/electrical-repair,0.0,1.0,0.0,1.0
Pages,354,Pages!A354:E354,https://digitecme.com/brands/porsche-service-dubai/body-repair,0.0,1.0,0.0,1.0
Pages,355,Pages!A355:E355,https://digitecme.com/brands/subaru-service-dubai/oil-change,0.0,1.0,0.0,1.0
Pages,356,Pages!A356:E356,https://digitecme.com/ar/services/mercedes-mechanical-repair-dubai,0.0,1.0,0.0,2.0
Pages,357,Pages!A357:E357,https://digitecme.com/brands/byd-service-dubai/suspension-repair,0.0,1.0,0.0,2.0
Pages,358,Pages!A358:E358,https://digitecme.com/brands/renault-service-dubai/suspension-repair,0.0,1.0,0.0,3.0
Pages,359,Pages!A359:E359,https://digitecme.com/privacy-policy.pdf,0.0,1.0,0.0,3.0
Pages,360,Pages!A360:E360,https://digitecme.com/ar/brands/defender-service-dubai/electrical-repair,0.0,1.0,0.0,4.0
Pages,361,Pages!A361:E361,https://digitecme.com/ar/brands/volkswagen-service-dubai/electrical-repair,0.0,1.0,0.0,4.0
Pages,362,Pages!A362:E362,https://digitecme.com/brands/genesis-service-dubai/suspension-repair,0.0,1.0,0.0,4.0
Pages,363,Pages!A363:E363,https://digitecme.com/brands/land-rover-service-dubai/engine-diagnostics,0.0,1.0,0.0,4.0
Pages,364,Pages!A364:E364,https://digitecme.com/ar/blog/gad-tuning-explained,0.0,1.0,0.0,5.0
Pages,365,Pages!A365:E365,https://digitecme.com/ar/blog/mercedes-service-intervals-dubai-heat,0.0,1.0,0.0,5.0
Pages,366,Pages!A366:E366,https://digitecme.com/ar/brands/defender-service-dubai/battery-replacement,0.0,1.0,0.0,5.0
Pages,367,Pages!A367:E367,https://digitecme.com/blog/brake-repair-dubai,0.0,1.0,0.0,5.0
Pages,368,Pages!A368:E368,https://digitecme.com/brands/byd-service-dubai/ac-repair,0.0,1.0,0.0,5.0
Pages,369,Pages!A369:E369,https://digitecme.com/brands/ford-service-dubai/engine-diagnostics,0.0,1.0,0.0,5.0
Pages,370,Pages!A370:E370,https://digitecme.com/brands/jetour-service-dubai/transmission-repair,0.0,1.0,0.0,5.0
Pages,371,Pages!A371:E371,https://digitecme.com/brands/porsche-service-dubai/exhaust-repair,0.0,1.0,0.0,5.0
Pages,372,Pages!A372:E372,https://digitecme.com/brands/toyota-service-dubai/battery-replacement,0.0,1.0,0.0,5.0
Pages,373,Pages!A373:E373,https://digitecme.com/brands/toyota-service-dubai/body-repair,0.0,1.0,0.0,5.0
Pages,374,Pages!A374:E374,https://digitecme.com/brands/volkswagen-service-dubai/tire-repair,0.0,1.0,0.0,5.0
Pages,375,Pages!A375:E375,https://digitecme.com/ar/brands/defender-service-dubai/suspension-repair,0.0,1.0,0.0,6.0
Pages,376,Pages!A376:E376,https://digitecme.com/ar/brands/land-rover-service-dubai/electrical-repair,0.0,1.0,0.0,6.0
Pages,377,Pages!A377:E377,https://digitecme.com/brands/infiniti-service-dubai/ac-repair,0.0,1.0,0.0,6.0
Pages,378,Pages!A378:E378,https://digitecme.com/brands/porsche-service-dubai/ac-repair,0.0,1.0,0.0,6.0
Pages,379,Pages!A379:E379,https://digitecme.com/ar/blog/lamborghini-maintenance-guide-dubai,0.0,1.0,0.0,7.0
Pages,380,Pages!A380:E380,https://digitecme.com/ar/blog/porsche-cayenne-service-dubai-guide,0.0,1.0,0.0,7.0
Pages,381,Pages!A381:E381,https://digitecme.com/ar/brands/range-rover-service-dubai/electrical-repair,0.0,1.0,0.0,7.0
Pages,382,Pages!A382:E382,https://digitecme.com/brands/alfa-romeo-service-dubai/transmission-repair,0.0,1.0,0.0,7.0
Pages,383,Pages!A383:E383,https://digitecme.com/brands/koenigsegg-service-dubai/brake-repair,0.0,1.0,0.0,7.0
Pages,384,Pages!A384:E384,https://digitecme.com/brands/toyota-service-dubai/oil-change,0.0,1.0,0.0,7.0
Pages,385,Pages!A385:E385,https://digitecme.com/ar/blog/audi-q7-service-dubai-guide,0.0,1.0,0.0,8.0
Pages,386,Pages!A386:E386,https://digitecme.com/ar/blog/ferrari-488-service-dubai-guide,0.0,1.0,0.0,8.0
Pages,387,Pages!A387:E387,https://digitecme.com/ar/blog/mercedes-c-class-service-dubai-guide,0.0,1.0,0.0,8.0
Pages,388,Pages!A388:E388,https://digitecme.com/ar/blog/porsche-panamera-service-dubai-guide,0.0,1.0,0.0,8.0
Pages,389,Pages!A389:E389,https://digitecme.com/ar/brands/land-rover-service-dubai/suspension-repair,0.0,1.0,0.0,8.0
Pages,390,Pages!A390:E390,https://digitecme.com/ar/brands/rox-service-dubai/mechanical-repair,0.0,1.0,0.0,8.0
Pages,391,Pages!A391:E391,https://digitecme.com/brands/jetour-service-dubai/oil-change,0.0,1.0,0.0,8.0
Pages,392,Pages!A392:E392,https://digitecme.com/brands/jetour-service-dubai/suspension-repair,0.0,1.0,0.0,8.0
Pages,393,Pages!A393:E393,https://digitecme.com/brands/maybach-service-dubai/fuel-system-repair,0.0,1.0,0.0,8.0
Pages,394,Pages!A394:E394,https://digitecme.com/brands/volvo-service-dubai/electrical-repair,0.0,1.0,0.0,8.0
Pages,395,Pages!A395:E395,https://digitecme.com/services/garage-near-me-dubai,0.0,1.0,0.0,8.0
Pages,396,Pages!A396:E396,https://digitecme.com/ar/blog/ford-best-workshop-dubai,0.0,1.0,0.0,9.0
Pages,397,Pages!A397:E397,https://digitecme.com/ar/blog/mercedes-amg-gt-tuning-dubai,0.0,1.0,0.0,9.0
Pages,398,Pages!A398:E398,https://digitecme.com/ar/brands/defender-service-dubai/brake-repair,0.0,1.0,0.0,9.0
Pages,399,Pages!A399:E399,https://digitecme.com/ar/brands/jetour-service-dubai/mechanical-repair,0.0,1.0,0.0,9.0
Pages,400,Pages!A400:E400,https://digitecme.com/ar/services/suspension-repair-dubai,0.0,1.0,0.0,9.0
Pages,401,Pages!A401:E401,https://digitecme.com/brands/infiniti-service-dubai/oil-change,0.0,1.0,0.0,9.0
Pages,402,Pages!A402:E402,https://digitecme.com/brands/land-rover-service-dubai/fuel-system-repair,0.0,1.0,0.0,9.0
Pages,403,Pages!A403:E403,https://digitecme.com/brands/rox-service-dubai/brake-repair,0.0,1.0,0.0,9.0
Pages,404,Pages!A404:E404,https://digitecme.com/ar/best-porsche-workshop-dubai,0.0,1.0,0.0,10.0
Pages,405,Pages!A405:E405,https://digitecme.com/ar/brands/bugatti-service-dubai/electrical-repair,0.0,1.0,0.0,10.0
Pages,406,Pages!A406:E406,https://digitecme.com/ar/brands/ford-service-dubai,0.0,1.0,0.0,10.0
Pages,407,Pages!A407:E407,https://digitecme.com/ar/brands/range-rover-service-dubai/engine-diagnostics,0.0,1.0,0.0,10.0
Pages,408,Pages!A408:E408,https://digitecme.com/ar/brands/tesla-service-dubai,0.0,1.0,0.0,10.0
Pages,409,Pages!A409:E409,https://digitecme.com/blog/defender-service-dubai-guide,0.0,1.0,0.0,10.0
Pages,410,Pages!A410:E410,https://digitecme.com/blog/mercedes-amg-gt-black-series-1300hp-build-dubai,0.0,1.0,0.0,10.0
Pages,411,Pages!A411:E411,https://digitecme.com/brands/bugatti-service-dubai/engine-diagnostics,0.0,1.0,0.0,10.0
Pages,412,Pages!A412:E412,https://digitecme.com/brands/lamborghini-service-dubai/battery-replacement,0.0,1.0,0.0,10.0
Pages,413,Pages!A413:E413,https://digitecme.com/brands/lotus-service-dubai/suspension-repair,0.0,1.0,0.0,10.0
Pages,414,Pages!A414:E414,https://digitecme.com/brands/porsche-service-dubai/steering-repair,0.0,1.0,0.0,10.0
Pages,415,Pages!A415:E415,https://digitecme.com/brands/volvo-service-dubai/battery-replacement,0.0,1.0,0.0,10.0
Pages,416,Pages!A416:E416,https://digitecme.com/brands/volvo-service-dubai/suspension-repair,0.0,1.0,0.0,10.0
Pages,417,Pages!A417:E417,https://digitecme.com/ar/blog/alfa-romeo-best-workshop-dubai,0.0,1.0,0.0,11.0
Pages,418,Pages!A418:E418,https://digitecme.com/ar/blog/ferrari-maintenance-guide-dubai,0.0,1.0,0.0,11.0
Pages,419,Pages!A419:E419,https://digitecme.com/ar/blog/maybach-best-workshop-dubai,0.0,1.0,0.0,11.0
Pages,420,Pages!A420:E420,https://digitecme.com/ar/blog/nissan-best-workshop-dubai,0.0,1.0,0.0,11.0
Pages,421,Pages!A421:E421,https://digitecme.com/ar/blog/toyota-best-workshop-dubai,0.0,1.0,0.0,11.0
Pages,422,Pages!A422:E422,https://digitecme.com/ar/brands/lexus-service-dubai/engine-diagnostics,0.0,1.0,0.0,11.0
Pages,423,Pages!A423:E423,https://digitecme.com/ar/brands/range-rover-service-dubai/brake-repair,0.0,1.0,0.0,11.0
Pages,424,Pages!A424:E424,https://digitecme.com/brands/abarth-service-dubai/oil-change,0.0,1.0,0.0,11.0
Pages,425,Pages!A425:E425,https://digitecme.com/brands/jaguar-service-dubai/oil-change,0.0,1.0,0.0,11.0
Pages,426,Pages!A426:E426,https://digitecme.com/brands/koenigsegg-service-dubai/oil-change,0.0,1.0,0.0,11.0
Pages,427,Pages!A427:E427,https://digitecme.com/brands/mclaren-service-dubai/battery-replacement,0.0,1.0,0.0,11.0
Pages,428,Pages!A428:E428,https://digitecme.com/brands/nissan-service-dubai/exhaust-repair,0.0,1.0,0.0,11.0
Pages,429,Pages!A429:E429,https://digitecme.com/brands/dodge-service-dubai/ac-repair,0.0,1.0,0.0,12.0
Pages,430,Pages!A430:E430,https://digitecme.com/brands/land-rover-service-dubai,0.0,1.0,0.0,13.0
Pages,431,Pages!A431:E431,https://digitecme.com/brands/jaguar-service-dubai/engine-diagnostics,0.0,1.0,0.0,14.0
Pages,432,Pages!A432:E432,https://digitecme.com/brands/chrysler-service-dubai/suspension-repair,0.0,1.0,0.0,16.0
Pages,433,Pages!A433:E433,https://digitecme.com/brands/mclaren-service-dubai/electrical-repair,0.0,1.0,0.0,17.0
Pages,434,Pages!A434:E434,https://digitecme.com/brands/land-rover-service-dubai/electrical-repair,0.0,1.0,0.0,19.0
Pages,435,Pages!A435:E435,https://digitecme.com/brands/pagani-service-dubai/oil-change,0.0,1.0,0.0,19.0
Pages,436,Pages!A436:E436,https://digitecme.com/ar/brands/ferrari-service-dubai,0.0,1.0,0.0,26.0
Pages,437,Pages!A437:E437,https://digitecme.com/ar/brands/maserati-service-dubai/electrical-repair,0.0,1.0,0.0,26.0
Pages,438,Pages!A438:E438,https://digitecme.com/ar/services/paint-protection-film,0.0,1.0,0.0,29.0
Pages,439,Pages!A439:E439,https://digitecme.com/brands/subaru-service-dubai/brake-repair,0.0,1.0,0.0,30.0
Pages,440,Pages!A440:E440,https://digitecme.com/ar/brands/range-rover-service-dubai/mechanical-repair,0.0,1.0,0.0,31.0
Pages,441,Pages!A441:E441,https://digitecme.com/brands/mazda-service-dubai/oil-change,0.0,1.0,0.0,31.0
Pages,442,Pages!A442:E442,https://digitecme.com/ar/blog/check-engine-light-dubai-guide,0.0,1.0,0.0,35.0
Pages,443,Pages!A443:E443,https://digitecme.com/ar/blog/audi-rs-service-dubai-guide,0.0,1.0,0.0,36.0
Pages,444,Pages!A444:E444,https://digitecme.com/brands/lexus-service-dubai,0.0,1.0,0.0,64.0
Pages,445,Pages!A445:E445,https://digitecme.com/ar/brands/pagani-service-dubai,0.0,1.0,0.0,65.0
Pages,446,Pages!A446:E446,https://digitecme.com/brands/aston-martin-service-dubai/engine-diagnostics,0.0,1.0,0.0,80.0
Pages,447,Pages!A447:E447,https://digitecme.com/ar/brands/jaguar-service-dubai/engine-diagnostics,0.0,1.0,0.0,92.0
Pages,448,Pages!A448:E448,https://digitecme.com/brands/bentley-service-dubai/ac-repair,0.0,1.0,0.0,170.0
