source,destination,status
/about-us,/about,308
/about-us-demo,/about,308
/ac-repair,/services/car-ac-repair-dubai,308
/ac-repair-maintenance,/services/car-ac-repair-dubai,308
/ar/best-mercedes-workshop-dubai,/ar/brands/mercedes-benz-service-dubai,308
/ar/brands/mercedes-benz-service-dubai/ac-repair,/ar/services/mercedes-ac-repair-dubai,308
/ar/brands/mercedes-benz-service-dubai/battery-replacement,/ar/services/mercedes-battery-replacement-dubai,308
/ar/brands/mercedes-benz-service-dubai/body-repair,/ar/services/mercedes-body-repair-dubai,308
/ar/brands/mercedes-benz-service-dubai/brake-repair,/ar/services/mercedes-brake-repair-dubai,308
/ar/brands/mercedes-benz-service-dubai/electrical-repair,/ar/services/mercedes-electrical-repair-dubai,308
/ar/brands/mercedes-benz-service-dubai/engine-diagnostics,/ar/services/mercedes-diagnostics-dubai,308
/ar/brands/mercedes-benz-service-dubai/exhaust-repair,/ar/services/mercedes-exhaust-repair-dubai,308
/ar/brands/mercedes-benz-service-dubai/fuel-system-repair,/ar/services/mercedes-fuel-system-repair-dubai,308
/ar/brands/mercedes-benz-service-dubai/mechanical-repair,/ar/services/mercedes-mechanical-repair-dubai,308
/ar/brands/mercedes-benz-service-dubai/oil-change,/ar/services/mercedes-oil-change-dubai,308
/ar/brands/mercedes-benz-service-dubai/steering-repair,/ar/services/mercedes-steering-repair-dubai,308
/ar/brands/mercedes-benz-service-dubai/suspension-repair,/ar/services/mercedes-suspension-repair-dubai,308
/ar/brands/mercedes-benz-service-dubai/tire-repair,/ar/services/mercedes-tire-repair-dubai,308
/ar/brands/mercedes-benz-service-dubai/transmission-repair,/ar/services/mercedes-transmission-repair-dubai,308
/ar/services/mercedes-repair-dubai,/ar/brands/mercedes-benz-service-dubai,308
/ar/services/mercedes-service-dubai,/ar/brands/mercedes-benz-service-dubai,308
/auto-electrical-repair,/services/auto-electrical-repair-dubai,308
/battery-changes,/services/battery-replacement-dubai,308
/battery-replacement,/services/battery-replacement-dubai,308
/best-mercedes-workshop-dubai,/brands/mercedes-benz-service-dubai,308
/blogs,/blog,308
/body-repair,/services/car-body-repair-dubai,308
/brake-repair,/services/brake-repair-dubai,308
/brake-system-repairs,/services/brake-repair-dubai,308
/brands/mercedes-benz-service-dubai/ac-repair,/services/mercedes-ac-repair-dubai,308
/brands/mercedes-benz-service-dubai/battery-replacement,/services/mercedes-battery-replacement-dubai,308
/brands/mercedes-benz-service-dubai/body-repair,/services/mercedes-body-repair-dubai,308
/brands/mercedes-benz-service-dubai/brake-repair,/services/mercedes-brake-repair-dubai,308
/brands/mercedes-benz-service-dubai/electrical-repair,/services/mercedes-electrical-repair-dubai,308
/brands/mercedes-benz-service-dubai/engine-diagnostics,/services/mercedes-diagnostics-dubai,308
/brands/mercedes-benz-service-dubai/exhaust-repair,/services/mercedes-exhaust-repair-dubai,308
/brands/mercedes-benz-service-dubai/fuel-system-repair,/services/mercedes-fuel-system-repair-dubai,308
/brands/mercedes-benz-service-dubai/mechanical-repair,/services/mercedes-mechanical-repair-dubai,308
/brands/mercedes-benz-service-dubai/oil-change,/services/mercedes-oil-change-dubai,308
/brands/mercedes-benz-service-dubai/steering-repair,/services/mercedes-steering-repair-dubai,308
/brands/mercedes-benz-service-dubai/suspension-repair,/services/mercedes-suspension-repair-dubai,308
/brands/mercedes-benz-service-dubai/tire-repair,/services/mercedes-tire-repair-dubai,308
/brands/mercedes-benz-service-dubai/transmission-repair,/services/mercedes-transmission-repair-dubai,308
/car-ac-repair,/services/car-ac-repair-dubai,308
/car-body-repair,/services/car-body-repair-dubai,308
/car-diagnostics,/services/car-diagnostics-dubai,308
/car-paint-protection,/services/paint-protection-dubai,308
/car-programming-diagnostic,/services/car-diagnostics-dubai,308
/car-service,/services/car-service-dubai,308
/ceramic-coating,/services/paint-protection-dubai,308
/contact,/about,308
/contact-us,/about,308
/electrical-system-repairs,/services/auto-electrical-repair-dubai,308
/engine-diagnostics,/services/car-diagnostics-dubai,308
/engine-diagnostics-dubai,/services/car-diagnostics-dubai,308
/exhaust-repair,/services/exhaust-repair-dubai,308
/faq-page,/faq,308
/faqs,/faq,308
/fuel-system-repair,/services/fuel-system-repair-dubai,308
/home,/,308
/index.html,/,308
/index.php,/,308
/mechanical-repair,/services/mechanical-repair-dubai,308
/mechanical-repair-dubai,/services/mechanical-repair-dubai,308
/mercedes,/brands/mercedes-benz-service-dubai,308
/mercedes-ac-repair,/services/mercedes-ac-repair-dubai,308
/mercedes-ac-repair-dubai,/services/mercedes-ac-repair-dubai,308
/mercedes-body-repair,/services/mercedes-body-repair-dubai,308
/mercedes-body-repair-dubai,/services/mercedes-body-repair-dubai,308
/mercedes-brake-repair,/services/mercedes-brake-repair-dubai,308
/mercedes-brake-repair-dubai,/services/mercedes-brake-repair-dubai,308
/mercedes-oil-change,/services/mercedes-oil-change-dubai,308
/mercedes-oil-change-dubai,/services/mercedes-oil-change-dubai,308
/mercedes-repair,/brands/mercedes-benz-service-dubai,308
/mercedes-repair-dubai,/brands/mercedes-benz-service-dubai,308
/mercedes-service,/brands/mercedes-benz-service-dubai,308
/mercedes-suspension-repair,/services/mercedes-suspension-repair-dubai,308
/mercedes-suspension-repair-dubai,/services/mercedes-suspension-repair-dubai,308
/mercedes-transmission-repair,/services/mercedes-transmission-repair-dubai,308
/mercedes-transmission-repair-dubai,/services/mercedes-transmission-repair-dubai,308
/mercedes-workshop,/brands/mercedes-benz-service-dubai,308
/news,/blog,308
/oil-change,/services/oil-change-dubai,308
/oil-change-service,/services/oil-change-dubai,308
/our-services,/services,308
/our-story,/about,308
/paint-protection,/services/paint-protection-dubai,308
/performance-tuning,/tuning,308
/performance-tuning-dubai,/tuning,308
/ppf,/services/paint-protection-dubai,308
/privacy-policy,/,308
/routine-maintenance,/services/car-service-dubai,308
/services-page,/services,308
/services/ac-repair-maintenance,/services/car-ac-repair-dubai,308
/services/auto-electrical-repair,/services/auto-electrical-repair-dubai,308
/services/battery-changes,/services/battery-replacement-dubai,308
/services/battery-replacement,/services/battery-replacement-dubai,308
/services/body-repair,/services/car-body-repair-dubai,308
/services/brake-repair,/services/brake-repair-dubai,308
/services/brake-system-repairs,/services/brake-repair-dubai,308
/services/car-ac-repair,/services/car-ac-repair-dubai,308
/services/car-body-repair,/services/car-body-repair-dubai,308
/services/car-diagnostics,/services/car-diagnostics-dubai,308
/services/car-paint-protection,/services/paint-protection-dubai,308
/services/car-programming-diagnostic,/services/car-diagnostics-dubai,308
/services/car-service,/services/car-service-dubai,308
/services/electrical-system-repairs,/services/auto-electrical-repair-dubai,308
/services/engine-diagnostics,/services/car-diagnostics-dubai,308
/services/engine-diagnostics-dubai,/services/car-diagnostics-dubai,308
/services/exhaust-repair,/services/exhaust-repair-dubai,308
/services/fuel-system-repair,/services/fuel-system-repair-dubai,308
/services/mechanical-repair,/services/mechanical-repair-dubai,308
/services/mercedes-ac-repair,/services/mercedes-ac-repair-dubai,308
/services/mercedes-body-repair,/services/mercedes-body-repair-dubai,308
/services/mercedes-brake-repair,/services/mercedes-brake-repair-dubai,308
/services/mercedes-oil-change,/services/mercedes-oil-change-dubai,308
/services/mercedes-repair-dubai,/brands/mercedes-benz-service-dubai,308
/services/mercedes-service-dubai,/brands/mercedes-benz-service-dubai,308
/services/mercedes-suspension-repair,/services/mercedes-suspension-repair-dubai,308
/services/mercedes-transmission-repair,/services/mercedes-transmission-repair-dubai,308
/services/oil-change,/services/oil-change-dubai,308
/services/oil-change-service,/services/oil-change-dubai,308
/services/paint-protection,/services/paint-protection-dubai,308
/services/performance-tuning,/tuning,308
/services/performance-tuning-dubai,/tuning,308
/services/ppf,/services/paint-protection-dubai,308
/services/routine-maintenance,/services/car-service-dubai,308
/services/steering-repair,/services/steering-repair-dubai,308
/services/suspension-repair,/services/suspension-repair-dubai,308
/services/tire-repair,/services/tire-repair-dubai,308
/services/transmission-repair,/services/transmission-repair-dubai,308
/services/transmission-services,/services/transmission-repair-dubai,308
/some-of-our-work,/vrx,308
/steering-repair,/services/steering-repair-dubai,308
/suspension-repair,/services/suspension-repair-dubai,308
/team,/about,308
/terms-of-service,/,308
/tire-repair,/services/tire-repair-dubai,308
/transmission-repair,/services/transmission-repair-dubai,308
/transmission-services,/services/transmission-repair-dubai,308
/who-we-are,/about,308
