"url","status","reason"
"https://digitecme.com/brands/abarth-service-dubai","410","Discontinued brand marketing page"
"https://digitecme.com/brands/abarth-service-dubai/oil-change","410","Discontinued brand service page"
"https://digitecme.com/brands/abarth-service-dubai/brake-repair","410","Discontinued brand service page"
"https://digitecme.com/brands/abarth-service-dubai/transmission-repair","410","Discontinued brand service page"
"https://digitecme.com/brands/abarth-service-dubai/ac-repair","410","Discontinued brand service page"
"https://digitecme.com/brands/abarth-service-dubai/suspension-repair","410","Discontinued brand service page"
"https://digitecme.com/brands/abarth-service-dubai/engine-diagnostics","410","Discontinued brand service page"
"https://digitecme.com/ar/brands/abarth-service-dubai","410","Discontinued brand marketing page"
"https://digitecme.com/ar/brands/abarth-service-dubai/oil-change","410","Discontinued brand service page"
"https://digitecme.com/ar/brands/abarth-service-dubai/brake-repair","410","Discontinued brand service page"
"https://digitecme.com/ar/brands/abarth-service-dubai/transmission-repair","410","Discontinued brand service page"
"https://digitecme.com/ar/brands/abarth-service-dubai/ac-repair","410","Discontinued brand service page"
"https://digitecme.com/ar/brands/abarth-service-dubai/suspension-repair","410","Discontinued brand service page"
"https://digitecme.com/ar/brands/abarth-service-dubai/engine-diagnostics","410","Discontinued brand service page"
"https://digitecme.com/brands/alfa-romeo-service-dubai","410","Discontinued brand marketing page"
"https://digitecme.com/brands/alfa-romeo-service-dubai/oil-change","410","Discontinued brand service page"
"https://digitecme.com/brands/alfa-romeo-service-dubai/brake-repair","410","Discontinued brand service page"
"https://digitecme.com/brands/alfa-romeo-service-dubai/transmission-repair","410","Discontinued brand service page"
"https://digitecme.com/brands/alfa-romeo-service-dubai/ac-repair","410","Discontinued brand service page"
"https://digitecme.com/brands/alfa-romeo-service-dubai/suspension-repair","410","Discontinued brand service page"
"https://digitecme.com/brands/alfa-romeo-service-dubai/engine-diagnostics","410","Discontinued brand service page"
"https://digitecme.com/ar/brands/alfa-romeo-service-dubai","410","Discontinued brand marketing page"
"https://digitecme.com/ar/brands/alfa-romeo-service-dubai/oil-change","410","Discontinued brand service page"
"https://digitecme.com/ar/brands/alfa-romeo-service-dubai/brake-repair","410","Discontinued brand service page"
"https://digitecme.com/ar/brands/alfa-romeo-service-dubai/transmission-repair","410","Discontinued brand service page"
"https://digitecme.com/ar/brands/alfa-romeo-service-dubai/ac-repair","410","Discontinued brand service page"
"https://digitecme.com/ar/brands/alfa-romeo-service-dubai/suspension-repair","410","Discontinued brand service page"
"https://digitecme.com/ar/brands/alfa-romeo-service-dubai/engine-diagnostics","410","Discontinued brand service page"
"https://digitecme.com/brands/fiat-service-dubai","410","Discontinued brand marketing page"
"https://digitecme.com/brands/fiat-service-dubai/oil-change","410","Discontinued brand service page"
"https://digitecme.com/brands/fiat-service-dubai/brake-repair","410","Discontinued brand service page"
"https://digitecme.com/brands/fiat-service-dubai/transmission-repair","410","Discontinued brand service page"
"https://digitecme.com/brands/fiat-service-dubai/ac-repair","410","Discontinued brand service page"
"https://digitecme.com/brands/fiat-service-dubai/suspension-repair","410","Discontinued brand service page"
"https://digitecme.com/brands/fiat-service-dubai/engine-diagnostics","410","Discontinued brand service page"
"https://digitecme.com/ar/brands/fiat-service-dubai","410","Discontinued brand marketing page"
"https://digitecme.com/ar/brands/fiat-service-dubai/oil-change","410","Discontinued brand service page"
"https://digitecme.com/ar/brands/fiat-service-dubai/brake-repair","410","Discontinued brand service page"
"https://digitecme.com/ar/brands/fiat-service-dubai/transmission-repair","410","Discontinued brand service page"
"https://digitecme.com/ar/brands/fiat-service-dubai/ac-repair","410","Discontinued brand service page"
"https://digitecme.com/ar/brands/fiat-service-dubai/suspension-repair","410","Discontinued brand service page"
"https://digitecme.com/ar/brands/fiat-service-dubai/engine-diagnostics","410","Discontinued brand service page"
"https://digitecme.com/brands/infiniti-service-dubai","410","Discontinued brand marketing page"
"https://digitecme.com/brands/infiniti-service-dubai/oil-change","410","Discontinued brand service page"
"https://digitecme.com/brands/infiniti-service-dubai/brake-repair","410","Discontinued brand service page"
"https://digitecme.com/brands/infiniti-service-dubai/transmission-repair","410","Discontinued brand service page"
"https://digitecme.com/brands/infiniti-service-dubai/ac-repair","410","Discontinued brand service page"
"https://digitecme.com/brands/infiniti-service-dubai/suspension-repair","410","Discontinued brand service page"
"https://digitecme.com/brands/infiniti-service-dubai/engine-diagnostics","410","Discontinued brand service page"
"https://digitecme.com/ar/brands/infiniti-service-dubai","410","Discontinued brand marketing page"
"https://digitecme.com/ar/brands/infiniti-service-dubai/oil-change","410","Discontinued brand service page"
"https://digitecme.com/ar/brands/infiniti-service-dubai/brake-repair","410","Discontinued brand service page"
"https://digitecme.com/ar/brands/infiniti-service-dubai/transmission-repair","410","Discontinued brand service page"
"https://digitecme.com/ar/brands/infiniti-service-dubai/ac-repair","410","Discontinued brand service page"
"https://digitecme.com/ar/brands/infiniti-service-dubai/suspension-repair","410","Discontinued brand service page"
"https://digitecme.com/ar/brands/infiniti-service-dubai/engine-diagnostics","410","Discontinued brand service page"
"https://digitecme.com/brands/lexus-service-dubai","410","Discontinued brand marketing page"
"https://digitecme.com/brands/lexus-service-dubai/oil-change","410","Discontinued brand service page"
"https://digitecme.com/brands/lexus-service-dubai/brake-repair","410","Discontinued brand service page"
"https://digitecme.com/brands/lexus-service-dubai/transmission-repair","410","Discontinued brand service page"
"https://digitecme.com/brands/lexus-service-dubai/ac-repair","410","Discontinued brand service page"
"https://digitecme.com/brands/lexus-service-dubai/suspension-repair","410","Discontinued brand service page"
"https://digitecme.com/brands/lexus-service-dubai/engine-diagnostics","410","Discontinued brand service page"
"https://digitecme.com/ar/brands/lexus-service-dubai","410","Discontinued brand marketing page"
"https://digitecme.com/ar/brands/lexus-service-dubai/oil-change","410","Discontinued brand service page"
"https://digitecme.com/ar/brands/lexus-service-dubai/brake-repair","410","Discontinued brand service page"
"https://digitecme.com/ar/brands/lexus-service-dubai/transmission-repair","410","Discontinued brand service page"
"https://digitecme.com/ar/brands/lexus-service-dubai/ac-repair","410","Discontinued brand service page"
"https://digitecme.com/ar/brands/lexus-service-dubai/suspension-repair","410","Discontinued brand service page"
"https://digitecme.com/ar/brands/lexus-service-dubai/engine-diagnostics","410","Discontinued brand service page"
"https://digitecme.com/brands/lotus-service-dubai","410","Discontinued brand marketing page"
"https://digitecme.com/brands/lotus-service-dubai/oil-change","410","Discontinued brand service page"
"https://digitecme.com/brands/lotus-service-dubai/brake-repair","410","Discontinued brand service page"
"https://digitecme.com/brands/lotus-service-dubai/transmission-repair","410","Discontinued brand service page"
"https://digitecme.com/brands/lotus-service-dubai/ac-repair","410","Discontinued brand service page"
"https://digitecme.com/brands/lotus-service-dubai/suspension-repair","410","Discontinued brand service page"
"https://digitecme.com/brands/lotus-service-dubai/engine-diagnostics","410","Discontinued brand service page"
"https://digitecme.com/ar/brands/lotus-service-dubai","410","Discontinued brand marketing page"
"https://digitecme.com/ar/brands/lotus-service-dubai/oil-change","410","Discontinued brand service page"
"https://digitecme.com/ar/brands/lotus-service-dubai/brake-repair","410","Discontinued brand service page"
"https://digitecme.com/ar/brands/lotus-service-dubai/transmission-repair","410","Discontinued brand service page"
"https://digitecme.com/ar/brands/lotus-service-dubai/ac-repair","410","Discontinued brand service page"
"https://digitecme.com/ar/brands/lotus-service-dubai/suspension-repair","410","Discontinued brand service page"
"https://digitecme.com/ar/brands/lotus-service-dubai/engine-diagnostics","410","Discontinued brand service page"
"https://digitecme.com/brands/mazda-service-dubai","410","Discontinued brand marketing page"
"https://digitecme.com/brands/mazda-service-dubai/oil-change","410","Discontinued brand service page"
"https://digitecme.com/brands/mazda-service-dubai/brake-repair","410","Discontinued brand service page"
"https://digitecme.com/brands/mazda-service-dubai/transmission-repair","410","Discontinued brand service page"
"https://digitecme.com/brands/mazda-service-dubai/ac-repair","410","Discontinued brand service page"
"https://digitecme.com/brands/mazda-service-dubai/suspension-repair","410","Discontinued brand service page"
"https://digitecme.com/brands/mazda-service-dubai/engine-diagnostics","410","Discontinued brand service page"
"https://digitecme.com/ar/brands/mazda-service-dubai","410","Discontinued brand marketing page"
"https://digitecme.com/ar/brands/mazda-service-dubai/oil-change","410","Discontinued brand service page"
"https://digitecme.com/ar/brands/mazda-service-dubai/brake-repair","410","Discontinued brand service page"
"https://digitecme.com/ar/brands/mazda-service-dubai/transmission-repair","410","Discontinued brand service page"
"https://digitecme.com/ar/brands/mazda-service-dubai/ac-repair","410","Discontinued brand service page"
"https://digitecme.com/ar/brands/mazda-service-dubai/suspension-repair","410","Discontinued brand service page"
"https://digitecme.com/ar/brands/mazda-service-dubai/engine-diagnostics","410","Discontinued brand service page"
"https://digitecme.com/brands/mitsubishi-service-dubai","410","Discontinued brand marketing page"
"https://digitecme.com/brands/mitsubishi-service-dubai/oil-change","410","Discontinued brand service page"
"https://digitecme.com/brands/mitsubishi-service-dubai/brake-repair","410","Discontinued brand service page"
"https://digitecme.com/brands/mitsubishi-service-dubai/transmission-repair","410","Discontinued brand service page"
"https://digitecme.com/brands/mitsubishi-service-dubai/ac-repair","410","Discontinued brand service page"
"https://digitecme.com/brands/mitsubishi-service-dubai/suspension-repair","410","Discontinued brand service page"
"https://digitecme.com/brands/mitsubishi-service-dubai/engine-diagnostics","410","Discontinued brand service page"
"https://digitecme.com/ar/brands/mitsubishi-service-dubai","410","Discontinued brand marketing page"
"https://digitecme.com/ar/brands/mitsubishi-service-dubai/oil-change","410","Discontinued brand service page"
"https://digitecme.com/ar/brands/mitsubishi-service-dubai/brake-repair","410","Discontinued brand service page"
"https://digitecme.com/ar/brands/mitsubishi-service-dubai/transmission-repair","410","Discontinued brand service page"
"https://digitecme.com/ar/brands/mitsubishi-service-dubai/ac-repair","410","Discontinued brand service page"
"https://digitecme.com/ar/brands/mitsubishi-service-dubai/suspension-repair","410","Discontinued brand service page"
"https://digitecme.com/ar/brands/mitsubishi-service-dubai/engine-diagnostics","410","Discontinued brand service page"
"https://digitecme.com/brands/nissan-service-dubai","410","Discontinued brand marketing page"
"https://digitecme.com/brands/nissan-service-dubai/oil-change","410","Discontinued brand service page"
"https://digitecme.com/brands/nissan-service-dubai/brake-repair","410","Discontinued brand service page"
"https://digitecme.com/brands/nissan-service-dubai/transmission-repair","410","Discontinued brand service page"
"https://digitecme.com/brands/nissan-service-dubai/ac-repair","410","Discontinued brand service page"
"https://digitecme.com/brands/nissan-service-dubai/suspension-repair","410","Discontinued brand service page"
"https://digitecme.com/brands/nissan-service-dubai/engine-diagnostics","410","Discontinued brand service page"
"https://digitecme.com/brands/nissan-service-dubai/mechanical-repair","410","Discontinued brand service page"
"https://digitecme.com/brands/nissan-service-dubai/steering-repair","410","Discontinued brand service page"
"https://digitecme.com/brands/nissan-service-dubai/battery-replacement","410","Discontinued brand service page"
"https://digitecme.com/brands/nissan-service-dubai/electrical-repair","410","Discontinued brand service page"
"https://digitecme.com/brands/nissan-service-dubai/exhaust-repair","410","Discontinued brand service page"
"https://digitecme.com/brands/nissan-service-dubai/fuel-system-repair","410","Discontinued brand service page"
"https://digitecme.com/brands/nissan-service-dubai/body-repair","410","Discontinued brand service page"
"https://digitecme.com/brands/nissan-service-dubai/tire-repair","410","Discontinued brand service page"
"https://digitecme.com/ar/brands/nissan-service-dubai","410","Discontinued brand marketing page"
"https://digitecme.com/ar/brands/nissan-service-dubai/oil-change","410","Discontinued brand service page"
"https://digitecme.com/ar/brands/nissan-service-dubai/brake-repair","410","Discontinued brand service page"
"https://digitecme.com/ar/brands/nissan-service-dubai/transmission-repair","410","Discontinued brand service page"
"https://digitecme.com/ar/brands/nissan-service-dubai/ac-repair","410","Discontinued brand service page"
"https://digitecme.com/ar/brands/nissan-service-dubai/suspension-repair","410","Discontinued brand service page"
"https://digitecme.com/ar/brands/nissan-service-dubai/engine-diagnostics","410","Discontinued brand service page"
"https://digitecme.com/ar/brands/nissan-service-dubai/mechanical-repair","410","Discontinued brand service page"
"https://digitecme.com/ar/brands/nissan-service-dubai/steering-repair","410","Discontinued brand service page"
"https://digitecme.com/ar/brands/nissan-service-dubai/battery-replacement","410","Discontinued brand service page"
"https://digitecme.com/ar/brands/nissan-service-dubai/electrical-repair","410","Discontinued brand service page"
"https://digitecme.com/ar/brands/nissan-service-dubai/exhaust-repair","410","Discontinued brand service page"
"https://digitecme.com/ar/brands/nissan-service-dubai/fuel-system-repair","410","Discontinued brand service page"
"https://digitecme.com/ar/brands/nissan-service-dubai/body-repair","410","Discontinued brand service page"
"https://digitecme.com/ar/brands/nissan-service-dubai/tire-repair","410","Discontinued brand service page"
"https://digitecme.com/brands/renault-service-dubai","410","Discontinued brand marketing page"
"https://digitecme.com/brands/renault-service-dubai/oil-change","410","Discontinued brand service page"
"https://digitecme.com/brands/renault-service-dubai/brake-repair","410","Discontinued brand service page"
"https://digitecme.com/brands/renault-service-dubai/transmission-repair","410","Discontinued brand service page"
"https://digitecme.com/brands/renault-service-dubai/ac-repair","410","Discontinued brand service page"
"https://digitecme.com/brands/renault-service-dubai/suspension-repair","410","Discontinued brand service page"
"https://digitecme.com/brands/renault-service-dubai/engine-diagnostics","410","Discontinued brand service page"
"https://digitecme.com/ar/brands/renault-service-dubai","410","Discontinued brand marketing page"
"https://digitecme.com/ar/brands/renault-service-dubai/oil-change","410","Discontinued brand service page"
"https://digitecme.com/ar/brands/renault-service-dubai/brake-repair","410","Discontinued brand service page"
"https://digitecme.com/ar/brands/renault-service-dubai/transmission-repair","410","Discontinued brand service page"
"https://digitecme.com/ar/brands/renault-service-dubai/ac-repair","410","Discontinued brand service page"
"https://digitecme.com/ar/brands/renault-service-dubai/suspension-repair","410","Discontinued brand service page"
"https://digitecme.com/ar/brands/renault-service-dubai/engine-diagnostics","410","Discontinued brand service page"
"https://digitecme.com/brands/toyota-service-dubai","410","Discontinued brand marketing page"
"https://digitecme.com/brands/toyota-service-dubai/oil-change","410","Discontinued brand service page"
"https://digitecme.com/brands/toyota-service-dubai/brake-repair","410","Discontinued brand service page"
"https://digitecme.com/brands/toyota-service-dubai/transmission-repair","410","Discontinued brand service page"
"https://digitecme.com/brands/toyota-service-dubai/ac-repair","410","Discontinued brand service page"
"https://digitecme.com/brands/toyota-service-dubai/suspension-repair","410","Discontinued brand service page"
"https://digitecme.com/brands/toyota-service-dubai/engine-diagnostics","410","Discontinued brand service page"
"https://digitecme.com/brands/toyota-service-dubai/mechanical-repair","410","Discontinued brand service page"
"https://digitecme.com/brands/toyota-service-dubai/steering-repair","410","Discontinued brand service page"
"https://digitecme.com/brands/toyota-service-dubai/battery-replacement","410","Discontinued brand service page"
"https://digitecme.com/brands/toyota-service-dubai/electrical-repair","410","Discontinued brand service page"
"https://digitecme.com/brands/toyota-service-dubai/exhaust-repair","410","Discontinued brand service page"
"https://digitecme.com/brands/toyota-service-dubai/fuel-system-repair","410","Discontinued brand service page"
"https://digitecme.com/brands/toyota-service-dubai/body-repair","410","Discontinued brand service page"
"https://digitecme.com/brands/toyota-service-dubai/tire-repair","410","Discontinued brand service page"
"https://digitecme.com/ar/brands/toyota-service-dubai","410","Discontinued brand marketing page"
"https://digitecme.com/ar/brands/toyota-service-dubai/oil-change","410","Discontinued brand service page"
"https://digitecme.com/ar/brands/toyota-service-dubai/brake-repair","410","Discontinued brand service page"
"https://digitecme.com/ar/brands/toyota-service-dubai/transmission-repair","410","Discontinued brand service page"
"https://digitecme.com/ar/brands/toyota-service-dubai/ac-repair","410","Discontinued brand service page"
"https://digitecme.com/ar/brands/toyota-service-dubai/suspension-repair","410","Discontinued brand service page"
"https://digitecme.com/ar/brands/toyota-service-dubai/engine-diagnostics","410","Discontinued brand service page"
"https://digitecme.com/ar/brands/toyota-service-dubai/mechanical-repair","410","Discontinued brand service page"
"https://digitecme.com/ar/brands/toyota-service-dubai/steering-repair","410","Discontinued brand service page"
"https://digitecme.com/ar/brands/toyota-service-dubai/battery-replacement","410","Discontinued brand service page"
"https://digitecme.com/ar/brands/toyota-service-dubai/electrical-repair","410","Discontinued brand service page"
"https://digitecme.com/ar/brands/toyota-service-dubai/exhaust-repair","410","Discontinued brand service page"
"https://digitecme.com/ar/brands/toyota-service-dubai/fuel-system-repair","410","Discontinued brand service page"
"https://digitecme.com/ar/brands/toyota-service-dubai/body-repair","410","Discontinued brand service page"
"https://digitecme.com/ar/brands/toyota-service-dubai/tire-repair","410","Discontinued brand service page"
"https://digitecme.com/blog/alfa-romeo-best-workshop-dubai","410","Discontinued commercial brand article"
"https://digitecme.com/ar/blog/alfa-romeo-best-workshop-dubai","410","Discontinued commercial brand article"
"https://digitecme.com/blog/lexus-best-workshop-dubai","410","Discontinued commercial brand article"
"https://digitecme.com/ar/blog/lexus-best-workshop-dubai","410","Discontinued commercial brand article"
"https://digitecme.com/blog/nissan-best-workshop-dubai","410","Discontinued commercial brand article"
"https://digitecme.com/ar/blog/nissan-best-workshop-dubai","410","Discontinued commercial brand article"
"https://digitecme.com/blog/toyota-best-workshop-dubai","410","Discontinued commercial brand article"
"https://digitecme.com/ar/blog/toyota-best-workshop-dubai","410","Discontinued commercial brand article"
