source_row,Brand,System/problem keyword,Dubai variant
2,Mercedes-Benz,airmatic suspension repair,airmatic suspension repair dubai
3,Mercedes-Benz,mbux repair,mbux repair dubai
4,Mercedes-Benz,comand unit repair,comand unit repair dubai
5,Mercedes-Benz,command unit repair,command unit repair dubai
6,Mercedes-Benz,xentry diagnostics,xentry diagnostics dubai
7,Mercedes-Benz,7g tronic repair,7g tronic repair dubai
8,Mercedes-Benz,9g tronic repair,9g tronic repair dubai
9,Mercedes-Benz,amg tuning,amg tuning dubai
10,Mercedes-Benz,mercedes coding,mercedes coding dubai
11,Mercedes-Benz,ambient lighting upgrade,ambient lighting upgrade dubai
12,Porsche,pdk gearbox repair,pdk gearbox repair dubai
13,Porsche,pdk service,pdk service dubai
14,Porsche,pasm suspension repair,pasm suspension repair dubai
15,Porsche,pdcc repair,pdcc repair dubai
16,Porsche,piwis diagnostics,piwis diagnostics dubai
17,Porsche,pcm repair,pcm repair dubai
18,Porsche,pccb brake service,pccb brake service dubai
19,Porsche,sport chrono retrofit,sport chrono retrofit dubai
20,Ferrari,f1 gearbox repair,f1 gearbox repair dubai
21,Ferrari,f1 transmission service,f1 transmission service dubai
22,Ferrari,manettino repair,manettino repair dubai
23,Ferrari,magneride suspension repair,magneride suspension repair dubai
24,Ferrari,ferrari diagnostic scan,ferrari diagnostic scan dubai
25,Ferrari,sticky buttons repair,sticky buttons repair dubai
26,Lamborghini,e gear repair,e gear repair dubai
27,Lamborghini,lamborghini reverse camera,lamborghini reverse camera dubai
28,Lamborghini,magnetic ride suspension repair,magnetic ride suspension repair dubai
29,Lamborghini,lamborghini diagnostic scan,lamborghini diagnostic scan dubai
30,Lamborghini,lift system repair,lift system repair dubai
31,Rolls-Royce,air suspension repair,air suspension repair dubai
32,Rolls-Royce,starlight headliner repair,starlight headliner repair dubai
33,Rolls-Royce,spirit of ecstasy repair,spirit of ecstasy repair dubai
34,Rolls-Royce,rolls royce diagnostic scan,rolls royce diagnostic scan dubai
35,Rolls-Royce,soft close door repair,soft close door repair dubai
36,Bentley,bentley reverse camera,bentley reverse camera dubai
37,Bentley,air suspension repair,air suspension repair dubai
38,Bentley,bentley diagnostic scan,bentley diagnostic scan dubai
39,Bentley,infotainment screen repair,infotainment screen repair dubai
40,Bentley,soft close door repair,soft close door repair dubai
41,Mercedes-Maybach,airmatic repair,airmatic repair dubai
42,Mercedes-Maybach,mbux repair,mbux repair dubai
43,Mercedes-Maybach,rear entertainment repair,rear entertainment repair dubai
44,Mercedes-Maybach,soft close door repair,soft close door repair dubai
45,Mercedes-Maybach,maybach diagnostics,maybach diagnostics dubai
46,Range Rover,air suspension repair,air suspension repair dubai
47,Range Rover,terrain response fault repair,terrain response fault repair dubai
48,Range Rover,infotainment repair,infotainment repair dubai
49,Range Rover,deployable side step repair,deployable side step repair dubai
50,Range Rover,range rover key programming,range rover key programming dubai
51,Land Rover Defender,air suspension repair,air suspension repair dubai
52,Land Rover Defender,terrain response fault repair,terrain response fault repair dubai
53,Land Rover Defender,pivi pro repair,pivi pro repair dubai
54,Land Rover Defender,defender key programming,defender key programming dubai
55,Land Rover Defender,deployable side step repair,deployable side step repair dubai
56,BMW,ista diagnostics,ista diagnostics dubai
57,BMW,idrive repair,idrive repair dubai
58,BMW,idrive screen replacement,idrive screen replacement dubai
59,BMW,vanos repair,vanos repair dubai
60,BMW,valvetronic repair,valvetronic repair dubai
61,BMW,xdrive repair,xdrive repair dubai
62,BMW,bmw coding,bmw coding dubai
63,BMW,bmw software update,bmw software update dubai
64,Cadillac,cue screen replacement,cue screen replacement dubai
65,Cadillac,cue screen repair,cue screen repair dubai
66,Cadillac,touch screen replacement,touch screen replacement dubai
67,Cadillac,srx screen replacement,srx screen replacement dubai
68,Cadillac,xts touch screen replacement,xts touch screen replacement dubai
69,Cadillac,cadillac cue repair,cadillac cue repair dubai
70,Aston Martin,aston martin diagnostics,aston martin diagnostics dubai
71,Aston Martin,transmission repair,transmission repair dubai
72,Aston Martin,brake repair,brake repair dubai
73,Aston Martin,suspension repair,suspension repair dubai
74,Aston Martin,infotainment repair,infotainment repair dubai
75,Jetour,jetour diagnostics,jetour diagnostics dubai
76,Jetour,jetour screen repair,jetour screen repair dubai
77,Jetour,jetour ac repair,jetour ac repair dubai
78,Jetour,jetour suspension repair,jetour suspension repair dubai
79,Jetour,jetour battery replacement,jetour battery replacement dubai
80,ROX,rox 01 soft close door,rox 01 soft close door dubai
81,ROX,rox 01 diagnostics,rox 01 diagnostics dubai
82,ROX,rox 01 screen repair,rox 01 screen repair dubai
83,ROX,rox 01 suspension repair,rox 01 suspension repair dubai
84,ROX,rox 01 battery service,rox 01 battery service dubai
85,Jaguar,jlr diagnostics,jlr diagnostics dubai
86,Jaguar,incontrol repair,incontrol repair dubai
87,Jaguar,air suspension repair,air suspension repair dubai
88,Jaguar,jaguar gearbox repair,jaguar gearbox repair dubai
89,Jaguar,jaguar electrical repair,jaguar electrical repair dubai
90,Volkswagen,dsg repair,dsg repair dubai
91,Volkswagen,dsg service,dsg service dubai
92,Volkswagen,dsg oil change,dsg oil change dubai
93,Volkswagen,mechatronic repair,mechatronic repair dubai
94,Volkswagen,vag diagnostics,vag diagnostics dubai
95,Volkswagen,volkswagen coding,volkswagen coding dubai
